Generic Name,Shortage Status,Revision Date,Created Date,NDC Codes
3% and 5% Sodium Chloride Large Volume Injection,Resolved Shortages,"Jul 22, 2025","Jan 24, 2025",00264-7805-10;00264-7806-10;00338-0054-03;00338-0056-03;63323-0530-75
0.45% Sodium Chloride Injection Bags,Resolved Shortages,"May 26, 2016","May 06, 2015",00264-7802-00;00264-7802-10;00338-0043-03;00338-0043-04;00409-7132-02;00409-7985-02;00409-7985-03;00409-7985-09;00409-7985-25
0.45% Sodium Chloride Injection Bags,Resolved Shortages,"Jul 22, 2025","Oct 07, 2024",00264-5804-00;00264-7802-10;00338-0043-03;00338-0043-04;00990-7985-02;00990-7985-03;00990-7985-09;63323-0230-25;63323-0232-50;63323-0626-10;63323-0626-25;63323-0626-55
"0.9% Sodium Chloride 10 mL, 20 mL, and 50 mL Preservative Free Vials and Syringes",Resolved Shortages,"Aug 19, 2019","Jun 12, 2017",00409-4888-10;00409-4888-12;00409-4888-20;00409-4888-50;63323-0186-10;63323-0186-20;64253-0202-30
"0.9% Sodium Chloride 10 mL, 20 mL, and 50 mL Preservative Free Vials and Syringes",Resolved Shortages,"Sep 08, 2023","Oct 06, 2021",00409-4888-10;00409-4888-12;00409-4888-20;00409-4888-50;63323-0186-10;63323-0186-20;64253-0202-30
0.9% Sodium Chloride Flush Syringes,Resolved Shortages,"Aug 23, 2023","Feb 08, 2022",00641-0497-25;08290-3065-44;08290-3065-45;08290-3065-46;63323-0186-02;64253-0111-23;64253-0111-25;64253-0111-30;64253-0111-33;64253-0111-35
0.9% Sodium Chloride Irrigation,Resolved Shortages,"May 26, 2016","Sep 17, 2015",00264-2201-00;00264-2201-10;00264-2201-50;00264-2201-70;00264-7388-50;00264-7388-60;00338-0047-27;00338-0047-29;00338-0047-44;00338-0047-46;00338-0047-47;00338-0048-02;00338-0048-03;00338-0048-04;00338-0048-05;00409-6138-03;00409-6138-22;00409-7138-09;00409-7138-36;00409-7972-05;00409-7972-07;00409-7972-08
0.9% Sodium Chloride Irrigation,Current Shortages,"Jul 22, 2025","Feb 25, 2022",00264-2201-00;00264-2201-10;00264-7388-50;00264-7388-60;00338-0047-27;00338-0047-29;00338-0047-44;00338-0047-46;00338-0047-47;00338-0048-02;00338-0048-03;00338-0048-04;00990-5138-25;00990-5138-50;00990-6138-03;00990-6138-22;00990-7138-09;00990-7138-36;00990-7972-05;00990-7972-07;00990-7972-08;00990-8138-10
0.9% Sodium Chloride Large Volume Bags,Resolved Shortages,"Jun 26, 2019","Jun 18, 2015",00264-7800-00;00264-7800-10;00264-7800-20;00338-0049-02;00338-0049-03;00338-0049-04;00338-9542-01;00338-9542-02;00338-9542-06;00409-7983-02;00409-7983-03;00409-7983-09;00409-7983-25;00409-7983-53;00409-7983-55;00409-7983-61;17271-0701-05;17271-0701-06;17271-0701-07;63323-0623-74;63323-0623-75;63323-0623-76
0.9% Sodium Chloride Large Volume Bags,Resolved Shortages,"Jul 10, 2024","Feb 22, 2022",00264-5802-00;00264-5802-10;00264-7800-00;00264-7800-09;00264-7800-10;00264-7800-20;00338-0049-02;00338-0049-03;00338-0049-04;00338-9543-02;00338-9543-04;00338-9543-06;00409-7101-02;00990-7983-02;00990-7983-03;00990-7983-09;00990-7983-55;00990-7983-61;17271-0701-05;17271-0701-06;17271-0701-07;63323-0623-74;63323-0623-75;63323-0623-76;65219-0222-25;65219-0224-50;79672-0613-03;79672-0613-04;79672-0613-05
0.9% Sodium Chloride Large Volume Bags,Resolved Shortages,"Aug 06, 2025","Oct 04, 2024",00264-5802-00;00264-5802-10;00264-7800-00;00264-7800-09;00264-7800-10;00264-7800-20;00338-0049-02;00338-0049-03;00338-0049-04;00338-9543-02;00338-9543-04;00338-9543-06;00990-7983-02;00990-7983-03;00990-7983-09;00990-7983-55;00990-7983-61;17271-0701-05;17271-0701-06;17271-0701-07;70512-0841-26;70512-0841-51;70512-0841-61;79672-0613-03;79672-0613-04;79672-0613-05
0.9% Sodium Chloride Small Volume Bags (< 150 mL),Resolved Shortages,"Aug 16, 2023","Sep 29, 2017",00264-1800-31;00264-1800-32;00264-1800-36;00338-0049-10;00338-0049-11;00338-0049-18;00338-0049-31;00338-0049-38;00338-0049-41;00338-0049-48;00338-0553-11;00338-0553-18;00409-7101-66;00409-7101-67;00409-7984-06;00409-7984-11;00409-7984-13;00409-7984-20;00409-7984-23;00409-7984-36;00409-7984-37;17271-0701-02;17271-0701-03;63323-0186-00;63323-0623-53;63323-0623-61;65219-0218-50;65219-0220-10;79672-0613-01;79672-0613-02
0.9% Sodium Chloride Small Volume Bags (< 150 mL),Current Shortages,"Aug 18, 2025","Oct 23, 2024",00264-1800-31;00264-1800-32;00264-1800-36;00338-0049-10;00338-0049-11;00338-0049-18;00338-0049-31;00338-0049-38;00338-0049-41;00338-0049-48;00338-0553-11;00338-0553-18;00409-7101-66;00409-7101-67;00990-7984-13;00990-7984-20;00990-7984-23;00990-7984-36;00990-7984-37;17271-0701-02;17271-0701-03;63323-0186-00;63323-0623-53;63323-0623-61;65219-0218-50;65219-0220-10;70512-0841-06;70512-0841-11;79672-0613-01;79672-0613-02
10% Dextrose Injection,Resolved Shortages,"Apr 04, 2023","Feb 18, 2022",00264-7520-00;00264-7520-10;00264-7520-20;00338-0023-02;00338-0023-03;00338-0023-04;00409-7930-02;00409-7930-03;00409-7930-09;00409-7938-19;63323-0824-74;63323-0824-75;63323-0824-76
10% Dextrose Injection,Resolved Shortages,"Jul 29, 2025","Oct 04, 2024",00264-7520-00;00264-7520-10;00264-7520-20;00338-0023-02;00338-0023-03;00338-0023-04;00990-7930-02;00990-7930-03;00990-7930-09;00990-7938-19;63323-0824-74;63323-0824-75;63323-0824-76
14.6% Sodium Chloride Concentrated Solution for Injection,Resolved Shortages,"Aug 18, 2016","Jul 14, 2015",00409-6657-73;00409-6660-75;63323-0139-40
14.6% Sodium Chloride Concentrated Solution for Injection,Resolved Shortages,"Apr 08, 2021","Apr 19, 2018",00409-6660-75;63323-0139-40
14.6% Sodium Chloride Concentrated Solution for Injection,Resolved Shortages,"Feb 12, 2024","Mar 17, 2022",00409-6660-75;63323-0090-20;63323-0090-40
2% Lidocaine Hydrochloride Topical Jelly,Resolved Shortages,"May 21, 2019","Feb 22, 2018",17478-0711-10;17478-0711-30
2% Lidocaine Hydrochloride Topical Jelly,Resolved Shortages,"Sep 26, 2023","Jun 10, 2022",17478-0711-30;17478-0711-31;25021-0673-76;25021-0673-77;76329-3011-05;76329-3012-05;76329-3013-05;76329-3015-05
23.4% Sodium Chloride Concentrated Solution for Injection,Resolved Shortages,"Jan 13, 2017","Jul 14, 2015",00409-1130-02;00409-1141-02;63323-0088-61;63323-0088-63;63323-0187-30
23.4% Sodium Chloride Injection,Resolved Shortages,"Sep 22, 2024","Jul 10, 2017",00409-1141-02;63323-0093-30;63323-0095-61;63323-0099-63
23.4% Sodium Chloride Injection,Resolved Shortages,"May 18, 2025","Oct 26, 2024",00409-1141-02;63323-0093-30;63323-0095-61;63323-0099-63
25% Dextrose Injection,Resolved Shortages,"Jan 24, 2017","Sep 04, 2015",00409-1775-10
25% Dextrose Injection,Resolved Shortages,"May 10, 2018","May 18, 2017",00409-1775-10
25% Dextrose Injection,Resolved Shortages,"Oct 18, 2020","Oct 19, 2018",00409-1775-10
25% Dextrose Injection,Resolved Shortages,"Dec 04, 2024","Oct 18, 2021",00409-1775-10
3% and 5% Sodium Chloride Large Volume Injection,Resolved Shortages,"Dec 12, 2022","Apr 19, 2018",00264-7805-10;00264-7806-10;00338-0054-03;00338-0056-03;63323-0530-75
5% Dextrose Injection,Resolved Shortages,"Mar 20, 2019","Mar 21, 2017",00338-0017-02;00338-0017-03;00338-0017-04;00409-7100-02;00409-7922-02;00409-7922-03;00409-7922-09;00409-7922-53;00409-7922-55
5% Dextrose Injection (PVC-free and DEHP-free),Resolved Shortages,"Dec 18, 2020","May 04, 2017",00264-7510-00;00264-7510-10;00264-7510-20;00338-0062-30;00338-0066-20;00409-7922-25;00409-7923-06;00409-7923-11;17271-0720-03;17271-0720-05;17271-0720-06;17271-0720-07;63323-0624-10;63323-0624-61;63323-0624-74;63323-0624-75
5% Dextrose Injection (PVC-free and DEHP-free),Resolved Shortages,"May 07, 2024","Feb 04, 2022",00264-7510-00;00264-7510-10;00264-7510-20;00338-0062-30;00338-0066-20;00338-0070-10;17271-0720-03;17271-0720-05;17271-0720-06;17271-0720-07;63323-0624-10;63323-0624-50;63323-0624-61;63323-0624-74;63323-0624-75
5% Dextrose Injection (PVC-free and DEHP-free),Current Shortages,"Jul 29, 2025","Oct 04, 2024",00264-7510-00;00264-7510-10;00264-7510-20;00338-0062-30;00338-0066-20;00338-0070-10;17271-0720-03;17271-0720-05;17271-0720-06;17271-0720-07;63323-0624-10;63323-0624-50;63323-0624-61;63323-0624-74;63323-0624-75
5% Dextrose Injection Large Volume Bags,Resolved Shortages,"Jul 26, 2016","Jul 22, 2015",00264-7510-00;00264-7510-10;00264-7510-20;00338-0017-02;00338-0017-03;00338-0017-04;00338-6346-02;00338-6346-03;00409-7100-02;00409-7922-02;00409-7922-03;00409-7922-09;00409-7922-25;00409-7922-53;00409-7922-55
5% Dextrose Injection Large Volume Bags,Resolved Shortages,"Aug 30, 2022","Feb 04, 2022",00338-0017-02;00338-0017-03;00338-0017-04;00409-7100-02;00409-7922-02;00409-7922-03;00409-7922-09;00409-7922-55;65219-0238-01;65219-0240-01
5% Dextrose Injection Large Volume Bags,Resolved Shortages,"Jun 10, 2025","Oct 04, 2024",00338-0017-02;00338-0017-03;00338-0017-04;00409-7100-02;00409-7922-02;00409-7922-03;00409-7922-09;00409-7922-55;65219-0238-01;65219-0240-01
5% Dextrose Injection Small Volume Bags,Current Shortages,"Aug 18, 2025","Feb 04, 2022",00264-1510-31;00264-1510-32;00338-0551-11;00338-0551-18;00338-9143-30;00338-9147-30;00409-7100-66;00409-7100-67;00990-7922-61;00990-7923-13;00990-7923-20;00990-7923-23;00990-7923-36;00990-7923-37;65219-0234-10;65219-0236-10
5% Lidocaine and 7.5% Dextrose Injection,Discontinued Drugs,"Jun 13, 2022","Aug 03, 2016",00409-4712-01
50% Dextrose Injection,Resolved Shortages,"Nov 07, 2016","Jun 10, 2015",00409-4902-34;00409-6648-02;00409-7517-16;76329-3301-01
50% Dextrose Injection,Resolved Shortages,"Apr 08, 2021","Apr 20, 2017",00409-4902-34;00409-6648-02;00409-7517-16;76329-3301-01
50% Dextrose Injection,Current Shortages,"Aug 18, 2025","Dec 12, 2021",00409-4902-34;00409-6648-02;00409-7517-16;76329-3302-01
70% Dextrose Injection Large Volume Bags,Resolved Shortages,"Nov 09, 2016","Aug 04, 2015",00264-1290-55;00264-7387-50;00338-0719-06;00409-7120-07;00409-7918-19
70% Dextrose Injection Large Volume Bags,Resolved Shortages,"Sep 29, 2017","Mar 09, 2017",00264-7387-50;00338-0719-06;00409-7120-07;00409-7918-19
70% Dextrose Injection Large Volume Bags,Resolved Shortages,"Jul 29, 2025","Jul 13, 2022",00264-7387-50;00338-0719-06;00990-7120-07;00990-7918-19
Abciximab Injection,Discontinued Drugs,"Apr 29, 2019","Apr 16, 2018",57894-0200-01
Acamprosate Calcium Tablets,Resolved Shortages,"May 26, 2016","Jul 09, 2015",00378-6333-80;51079-0241-06;68462-0435-18
Acamprosate Calcium Tablets,Current Shortages,"Aug 03, 2025","Sep 30, 2024",00378-6333-80;68382-0569-28;68462-0435-18
Acetaminophen and Codeine Phosphate 300 mg/30 mg Tablets,Resolved Shortages,"May 26, 2016","Jun 18, 2015",00093-0150-01;00093-0150-10;00406-0484-01;00406-0484-03;00406-0484-10;00406-0484-62;13107-0059-99;13170-0059-01;50458-0513-60;50458-0513-80;51079-0161-20;51079-0161-21;65162-0033-10;65162-0033-11
Acetaminophen Injection,Current Shortages,"Aug 18, 2025","Mar 12, 2025",00142-9386-10;00264-4050-80;00264-4100-90;00781-3156-95;24201-0100-24;36000-0306-60;36000-0372-40;55150-0307-24;63323-0434-00;67457-0940-10
Acetaminophen Suppositories,Resolved Shortages,"Apr 05, 2023","Sep 01, 2022",45802-0730-30;45802-0730-32;45802-0730-33;45802-0732-30;45802-0732-33;51672-2114-02;51672-2115-02;51672-2116-02
Acetazolamide Injection,Resolved Shortages,"Jun 08, 2017","Jun 25, 2015",00143-9503-01;25021-0817-10;39822-0190-01
Acetazolamide Injection,Resolved Shortages,"Jun 02, 2021","Feb 11, 2019",00143-9503-01;39822-0190-01;67457-0853-50
Acetazolamide Injection,Resolved Shortages,"Feb 13, 2024","Oct 19, 2022",00143-9503-01;23155-0831-31;39822-0190-01;67457-0853-50
Acetylcholine Chloride Powder for Intraocular Solution,Resolved Shortages,"May 17, 2016","Mar 24, 2016",24208-0539-20
Acetylcholine Chloride Powder for Intraocular Solution,Resolved Shortages,"May 22, 2023","Apr 28, 2023",24208-0539-20
Acetylcholine Chloride Powder for Intraocular Solution,Resolved Shortages,"Jul 26, 2024","Jul 07, 2023",24208-0539-20
Acetylcysteine Oral and Inhalation Solution,Current Shortages,"Aug 18, 2025","Jun 08, 2015",00409-3307-03;00409-3308-03;00517-7504-25;00517-7604-25;25021-0812-30;63323-0690-30;63323-0691-30;63323-0692-10;63323-0693-10;63323-0694-04;63323-0695-04;70069-0018-25;70069-0019-25;70069-0020-03
Activated Charcoal Oral Suspension,Resolved Shortages,"May 18, 2023","Oct 14, 2022",00574-0520-74;00574-0520-76;00574-0521-25;00574-0521-74;00574-0521-76
Acyclovir Injection,Resolved Shortages,"Jul 20, 2021","Sep 04, 2019",55150-0154-10;55150-0155-20;63323-0325-10;63323-0325-20
Acyclovir Injection,Resolved Shortages,"May 31, 2022","Dec 29, 2021",55150-0154-10;55150-0155-20;63323-0325-10;63323-0325-20
Acyclovir Injection,Resolved Shortages,"Nov 27, 2024","Feb 21, 2024",55150-0154-10;55150-0155-20;63323-0325-10;63323-0325-20
Adenosine Injection,Resolved Shortages,"May 26, 2016","Jun 25, 2015",00409-1932-01;00409-1932-02;00469-8234-12;00469-8234-14;00641-6113-10;00703-8776-01;00703-8777-01;17478-0542-02;17478-0542-25;17478-0544-20;17478-0544-30;25021-0301-02;25021-0301-04;25021-0301-67;25021-0301-68;25021-0307-20;25021-0307-30;63323-0651-02;63323-0651-04
Adenosine Injection,Current Shortages,"Aug 18, 2025","Apr 03, 2023",25021-0301-67;25021-0301-68;25021-0318-02;25021-0318-04;55150-0192-01;55150-0193-01;63323-0651-02;63323-0651-04;63323-0651-20;63323-0651-30;63323-0651-89;63323-0651-90;67457-0854-04;67457-0855-02;67457-0856-20;67457-0857-30
Albendazole Tablets,Resolved Shortages,"Sep 20, 2017","May 16, 2017",52054-0550-22
Albumin (Human) Injection,Resolved Shortages,"Sep 06, 2023","Sep 23, 2022",00944-0493-01;00944-0493-02;00944-0495-05;44206-0251-05;44206-0251-10;44206-0310-25;44206-0310-50;67467-0623-02;67467-0623-03;67467-0643-01;67467-0643-02;68516-5214-01;68516-5214-02;68516-5216-01;68516-5216-02;76125-0790-25;76125-0792-10;76125-0792-25
Albuterol Inhalation Solution,Resolved Shortages,"Jun 20, 2017","Feb 23, 2017",00487-9901-30
Albuterol Inhalation Solution,Resolved Shortages,"Oct 04, 2019","Sep 17, 2018",00487-9901-30;50383-0741-20
Albuterol Inhalation Solution,Resolved Shortages,"Feb 27, 2024","Mar 29, 2022",00378-8270-52;00378-8270-55;00378-8270-91;00378-8270-93;00487-9501-01;00487-9501-03;00487-9501-25;00487-9901-30;47335-0703-52;47335-0703-54;50383-0741-20;76204-0200-01;76204-0200-25;76204-0200-30;76204-0200-60
Albuterol sulfate and Ipratropium Bromide Inhalation Solution,Current Shortages,"Jun 12, 2025","Jan 09, 2023",00378-9671-30;00378-9671-60;00378-9671-93;00487-0201-01;00487-0201-03;00487-0201-60;47335-0756-49;47335-0756-52;69097-0173-53;69097-0173-64;69097-0840-53;69097-0840-64;69097-0840-87;76204-0600-01;76204-0600-30;76204-0600-60
Albuterol Sulfate Extended-Release Tablets,Discontinued Drugs,"Jun 30, 2021","Feb 14, 2019",00378-4122-01;00378-4124-01
Albuterol Sulfate Metered Dose Inhalers,Resolved Shortages,"May 17, 2016","Dec 03, 2015",00085-1132-01;00173-0682-20;00173-0682-21;00173-0682-24;59310-0579-22
Albuterol Sulfate Metered Dose Inhalers,Resolved Shortages,"Dec 15, 2021","Mar 23, 2020",00085-1132-04;00093-3174-31;00173-0682-20;00173-0682-24;00254-1007-52;45802-0088-01;59310-0579-22;66993-0019-68;68180-0963-01;69097-0142-60
ALCOHOL DEHYDRATED INJECTION (ETHANOL),Resolved Shortages,"May 26, 2016","Jun 10, 2015",00517-8571-10;00517-8575-10;17478-0503-05
Alcohol Dehydrated Injection (Ethanol),Resolved Shortages,"Jun 24, 2019","Nov 16, 2016",17478-0503-05;62250-0105-02;71414-0301-05;71414-0305-05
Alcohol Dehydrated Injection (Ethanol),Resolved Shortages,"Dec 08, 2020","Mar 09, 2020",13925-0177-10;17478-0503-05;62250-0105-02
Alfentanil Injection,Discontinued Drugs,"Feb 22, 2023","Apr 26, 2022",17478-0067-02;17478-0067-05
Alfuzosin Extended-Release Tablets,Resolved Shortages,"May 22, 2024","Aug 07, 2023",29300-0155-01;29300-0155-19;57237-0114-90;59212-0200-10;76282-0302-01
Alpha-1 Proteinase Inhibitor,Resolved Shortages,"May 08, 2019","Aug 15, 2018",00053-7201-20
Alprostadil Urethral Suppositories,Resolved Shortages,"Jun 14, 2021","Oct 21, 2019",00037-8110-06;00037-8120-06;00037-8130-06;00037-8140-06
Alprostadil Urethral Suppositories,Discontinued Drugs,"Aug 29, 2024","Jul 19, 2022",00037-8120-06;00037-8130-06;00037-8140-06
Alteplase Injection,Resolved Shortages,"Nov 22, 2024","Nov 05, 2021",50242-0044-13;50242-0065-27
Alteplase Injection,Resolved Shortages,"Jan 11, 2022","Nov 05, 2021",50242-0044-13;50242-0065-27
Alteplase Injection,Current Shortages,"Aug 09, 2025","Nov 22, 2024",50242-0044-13;50242-0065-27
Alteplase Injection (Cathflo Activase),Resolved Shortages,"Nov 22, 2024","Jun 21, 2024",50242-0041-10;50242-0041-64
Ambrisentan Tablets,Resolved Shortages,"Dec 05, 2024","May 07, 2024",00378-4270-93;00378-4271-93;00591-2405-30;00591-2406-30;47335-0236-83;47335-0237-83;60505-4552-03;60505-4553-03;61958-0801-01;61958-0801-05;61958-0802-01;61958-0802-05;69097-0386-02;69097-0387-02;70710-1179-03;70710-1180-03
Amifostine Injection,Resolved Shortages,"Dec 01, 2016","Nov 29, 2016",55390-0308-03;66220-0017-03
Amifostine Injection,Discontinued Drugs,"Apr 24, 2025","May 26, 2020",76310-0017-50
Amikacin Injection,Resolved Shortages,"Apr 03, 2017","Aug 26, 2015",00641-6166-10;00641-6167-10;00703-9032-03;00703-9040-03;23155-0290-41;23155-0290-42;63323-0815-02;63323-0815-04
Amino Acid Products,Resolved Shortages,"May 17, 2016","Jun 03, 2015",00264-1909-55;00264-1915-07;00264-3200-55;00264-9010-55;00264-9341-55;00264-9350-55;00264-9361-55;00264-9371-55;00338-0499-06;00338-0502-03;00338-0502-06;00338-0644-03;00338-0644-04;00338-0644-06;00338-1130-03;00338-1130-04;00338-1130-06;00338-1131-03;00409-4162-03;00409-4164-03;00409-4164-05;00409-4166-03;00409-4168-03;00409-4171-03;00409-4178-03;00409-4179-05;00409-4187-03;00409-4191-03;00409-4191-05;00409-4196-05;00409-4203-03;00409-7171-17;00409-7172-17
Amino Acid Products,Resolved Shortages,"Apr 11, 2019","Mar 03, 2017",00264-1909-55;00264-1915-07;00264-3200-55;00264-9010-55;00264-9341-55;00264-9350-55;00264-9361-55;00264-9371-55;00338-0499-06;00338-0502-03;00338-0502-06;00338-0644-03;00338-0644-04;00338-0644-06;00338-1130-03;00338-1130-04;00338-1130-06;00338-1131-03;00409-4178-03;00409-4179-05;00409-7171-17;00409-7172-17
Amino Acid Products,Current Shortages,"Aug 06, 2025","May 15, 2019",00264-1933-10;00264-4500-00;00264-4500-05;00338-0499-06;00338-0502-03;00338-0502-06;00338-0644-03;00338-0644-04;00338-0644-06;00338-1130-03;00338-1130-04;00338-1130-06;00990-4178-03;00990-4179-05;00990-7171-17;00990-7172-17
Amino Acid Products with Electrolytes and Calcium,Resolved Shortages,"Nov 14, 2018","Oct 14, 2017",00338-1107-04;00338-1109-04;00338-1113-04;00338-1115-04;00338-1119-04;00338-1123-04;00338-1125-04;00338-1127-04;00338-1142-03;00338-1143-03;00338-1144-03;00338-1145-03;00338-1146-03;00338-1147-03;00338-1148-03;00338-1149-03;00338-9566-08;00338-9570-08;00338-9578-04
Amino Acids in Dextrose,Resolved Shortages,"Nov 14, 2018","Oct 14, 2017",00338-1089-04;00338-1091-04;00338-1093-04;00338-1095-04;00338-1099-04;00338-1101-04;00338-1103-04;00338-1132-03;00338-1133-03;00338-1134-03;00338-1135-03;00338-1136-03;00338-1137-03;00338-1138-03;00338-1139-03
Aminocaproic Acid Injection,Resolved Shortages,"Jun 30, 2016","Jan 27, 2016",00409-4346-73
Aminocaproic Acid Injection,Resolved Shortages,"Nov 06, 2018","Sep 18, 2017",00409-4346-73
Aminocaproic Acid Injection,Resolved Shortages,"Aug 03, 2020","Jan 24, 2020",00409-4346-73;00517-9120-25
Aminocaproic Acid Injection,Resolved Shortages,"Apr 07, 2024","May 27, 2022",00409-4346-73;00517-9120-25
Aminocaproic Acid Injection,Current Shortages,"Jul 21, 2025","Mar 19, 2025",00409-4346-73;00517-9120-25
Aminocaproic Acid Oral Presentations,Resolved Shortages,"Feb 01, 2024","Aug 28, 2015",00904-7165-07;49411-0050-30;49411-0051-30;49411-0052-08;52817-0815-08;61748-0044-08;61748-0044-16;61748-0045-01;61748-0045-11;61748-0046-01;62559-0225-30;69238-1637-03;69680-0115-30;69680-0116-30;70377-0102-11;70377-0103-11;70377-0104-11;72205-0049-30
Aminolevulinic Acid Powder for Oral Solution,Resolved Shortages,"Jun 04, 2025","May 01, 2025",71469-0231-01
Aminophylline Injection,Resolved Shortages,"Jun 22, 2020","Mar 27, 2018",00409-5921-01;00409-5922-01
Aminophylline Injection,Resolved Shortages,"Mar 08, 2025","Oct 12, 2021",00409-5921-01;00409-5922-01
Amiodarone Injection,Current Shortages,"Aug 18, 2025","Jan 06, 2018",00143-9875-25;43066-0150-10;43066-0360-20;63323-0616-03;63323-0616-09;67457-0153-03;67457-0153-09;67457-0153-18;70436-0232-50;70436-0232-52;70436-0232-62
Ammonia Inhalant,No Commercially Available Preparations,"Jul 22, 2024","Jun 22, 2021",39822-9900-01;39822-9900-02
Ammonium Chloride Injection,Discontinued Drugs,"Jan 31, 2017","Sep 16, 2015",00409-6043-01
Ammonium Molybdate Injection,Discontinued Drugs,"Sep 26, 2018","May 20, 2015",00517-6610-25
Amobarbital Sodium Injection,Resolved Shortages,"Feb 01, 2021","Oct 18, 2019",00187-4303-05
Amobarbital Sodium Injection,Discontinued Drugs,"Sep 22, 2024","Apr 12, 2023",00187-4303-05
Amoxapine Tablets,Resolved Shortages,"Nov 14, 2023","Dec 15, 2017",00591-5713-01;00591-5714-01;00591-5715-01;00591-5716-30;62135-0700-90;62135-0701-90;62135-0702-90;62135-0703-30
Amoxapine Tablets,Resolved Shortages,"Apr 17, 2024","Apr 01, 2024",00591-5713-01;00591-5714-01;00591-5715-01;00591-5716-30
Amoxapine Tablets,Resolved Shortages,"Apr 09, 2025","Aug 20, 2024",00591-5713-01;00591-5714-01;00591-5715-01;00591-5716-30;62135-0700-90;62135-0701-90;62135-0702-90;62135-0703-30
Amoxicillin 875 mg Tablets,Resolved Shortages,"May 26, 2016","Jul 09, 2015",00093-2264-01;00143-9951-01;00143-9951-20;00781-5061-01;00781-5061-20;57237-0029-01;63304-0763-01;63304-0763-05;63304-0763-20;65862-0015-01
Amoxicillin and Clavulanate 1000 mg/62.5 mg Extended-Release Tablets,Resolved Shortages,"Aug 01, 2018","Dec 09, 2016",00781-1943-39;00781-1943-82;43598-0020-28;43598-0020-40;43598-0220-28;43598-0220-40
Amoxicillin and Clavulanate Oral Presentations,Current Shortages,"Jul 17, 2025","Nov 17, 2022",00093-2270-34;00093-2272-34;00093-2274-34;00093-2275-34;00093-2277-73;00093-2279-73;00093-8675-74;00093-8675-75;00093-8675-78;00143-9249-20;00143-9853-16;00143-9853-24;00143-9853-75;00143-9981-01;00143-9981-50;00143-9981-75;00143-9982-01;00143-9982-50;00143-9982-75;00781-1831-01;00781-1831-20;00781-1852-01;00781-1852-20;00781-1874-31;00781-1943-39;00781-1943-82;00781-6102-46;00781-6102-52;00781-6102-57;00781-6104-46;00781-6104-52;00781-6104-57;00781-6139-48;00781-6139-54;00781-6139-57;81964-0203-51;81964-0203-54;81964-0203-69
Amoxicillin Oral Presentations,Current Shortages,"Jul 11, 2025","Oct 18, 2022",00093-2263-01;00093-2264-01;00093-2267-01;00093-2268-01;00093-3107-01;00093-3107-05;00093-3109-05;00093-3109-53;00093-4155-73;00093-4155-79;00093-4155-80;00093-4160-73;00093-4160-76;00093-4160-78;00093-4161-73;00093-4161-76;00093-4161-78;00143-9285-01;00143-9886-01;00143-9886-50;00143-9886-75;00143-9887-01;00143-9887-50;00143-9887-75;00143-9888-01;00143-9888-15;00143-9888-80;00143-9889-01;00143-9889-15;00143-9889-80;00143-9939-05;00781-2020-01;00781-2020-05;00781-2613-01;00781-2613-05;00781-5061-01;00781-5061-20;00781-6039-46;00781-6039-55;00781-6039-58;00781-6041-46;00781-6041-55;00781-6041-58;00781-6156-46;00781-6156-52;00781-6156-57;00781-6157-46;00781-6157-52;00781-6157-57;57237-0028-01;57237-0029-01;57237-0029-20;57237-0030-01;57237-0030-05;57237-0031-01;57237-0031-05
Amphetamine Extended-Release Oral Presentations,Current Shortages,"Aug 07, 2025","Aug 22, 2022",00115-1486-01;00115-1487-01;00115-1488-01;00115-1489-01;00115-1490-01;00115-1491-01;00228-3059-11;00228-3060-11;00228-3061-11;00228-3062-11;00228-3063-11;00228-3064-11;00527-0790-37;00527-0791-37;00527-0793-37;00527-0794-37;00527-0795-37;00527-1488-37;00781-2329-01;00781-2335-01;00781-2343-01;00781-2352-01;00781-2368-01;00781-2371-01;24478-0102-01;24478-0106-01;24478-0108-01;24478-0109-01;24478-0110-01;31722-0185-01;31722-0186-01;31722-0187-01;31722-0188-01;31722-0189-01;31722-0195-01;42858-0055-01;42858-0215-01;42858-0325-01;42858-0610-10;42858-0720-01;42858-0930-01;49884-0839-01;49884-0840-01;49884-0841-01;49884-0842-01;49884-0843-01;49884-0844-01;54092-0381-01;54092-0383-01;54092-0385-01;54092-0387-01;54092-0389-01;54092-0391-01;54092-0468-01;54092-0471-01;54092-0474-01;54092-0477-01;57664-0336-88;57664-0337-88;57664-0338-88;57664-0339-88;57664-0340-88;57664-0341-88;66993-0594-02;66993-0595-02;66993-0596-02;66993-0597-02;66993-0598-02;66993-0599-02;70165-0005-30;70165-0010-30;70165-0015-30;70165-0020-30;70165-0025-30;70165-0030-30
"Amphetamine Mixed Salts, Immediate-Release Tablets",Resolved Shortages,"Mar 10, 2022","Feb 20, 2019",00378-4541-01;00378-4542-01;00378-4544-01;00378-4545-01;00378-4546-01;00378-4547-01;00406-8885-01;00406-8891-01;00406-8892-01;00406-8893-01;00406-8894-01;00555-0776-02;00555-0777-02;00555-0971-02;00555-0972-02;00555-0973-02;00555-0974-02;57664-0641-08;57664-0642-08;57664-0643-08;57664-0644-08;57664-0645-08;57664-0646-08;57664-0647-08;57844-0105-01;57844-0110-01;57844-0112-01;57844-0115-01;57844-0117-01;57844-0120-01;57844-0130-01;68382-0950-01;68382-0951-01;68382-0952-01;68382-0953-01;68382-0954-01;68382-0955-01;68382-0956-01
"Amphetamine Mixed Salts, Immediate-Release Tablets",Current Shortages,"Aug 09, 2025","Jul 27, 2022",00185-0842-01;00185-0853-01;00185-2098-01;00185-2099-01;00406-8884-01;00406-8885-01;00406-8891-01;00406-8892-01;00406-8893-01;00406-8894-01;00527-0760-37;00527-0761-37;00527-0762-37;00527-0763-37;00527-0764-37;00527-0765-37;00527-0766-37;00555-0775-02;00555-0776-02;00555-0777-02;00555-0971-02;00555-0972-02;00555-0973-02;00555-0974-02;11534-0190-01;11534-0191-01;11534-0192-01;11534-0193-01;11534-0194-01;11534-0195-01;11534-0196-01;31722-0155-01;31722-0156-01;31722-0157-01;31722-0158-01;31722-0159-01;31722-0163-01;31722-0164-01;42806-0339-01;42806-0341-01;42806-0343-01;42806-0344-01;42806-0345-01;42858-0721-01;42858-0722-01;42858-0723-01;42858-0724-01;42858-0725-01;42858-0726-01;42858-0727-01;43547-0457-10;43547-0458-10;47781-0174-01;47781-0176-01;47781-0178-01;47781-0179-01;47781-0180-01;57844-0105-01;57844-0110-01;57844-0112-01;57844-0115-01;57844-0117-01;57844-0120-01;57844-0130-01;64850-0500-01;64850-0501-01;64850-0502-01;64850-0503-01;64850-0504-01;64850-0505-01;64850-0506-01;70010-0111-01;70010-0112-01;70010-0113-01;70010-0114-01;70010-0115-01;70010-0116-01;70010-0117-01;72516-0011-01;72516-0012-01;72516-0013-01;72516-0014-01;72516-0016-01
Amphotericin B Injection,Resolved Shortages,"May 28, 2019","Jan 24, 2019",39822-1055-05
Amphotericin B Injection,Resolved Shortages,"Apr 22, 2021","Oct 06, 2020",39822-1055-05
Amphotericin B Injection,Resolved Shortages,"Aug 05, 2022","Nov 09, 2021",39822-1055-05
Amphotericin B Injection,Resolved Shortages,"Jul 06, 2024","Nov 10, 2022",39822-1055-05
Amphotericin B Lipid Complex,Current Shortages,"Jul 08, 2025","Aug 05, 2022",57665-0101-41
Ampicillin Injection,Resolved Shortages,"Mar 24, 2017","Feb 03, 2016",00781-3400-95;00781-3402-95;00781-3404-95;00781-3407-95;00781-3408-95;00781-3409-95;00781-3412-92;00781-3413-92;25021-0134-10;25021-0135-10;25021-0136-10;25021-0137-20;44567-0101-10;44567-0102-10;44567-0103-10;44567-0104-10;55150-0111-10;55150-0112-10;55150-0113-10;55150-0114-20;55150-0115-99;63323-0387-10;63323-0388-10;63323-0389-10;63323-0399-23
Ampicillin Injection,Resolved Shortages,"Feb 24, 2025","Oct 19, 2023",00781-3402-95;00781-3404-95;00781-3407-95;00781-3408-95;00781-3409-95;00781-3413-92;25021-0136-10;25021-0137-20;44567-0101-10;44567-0102-10;44567-0103-10;44567-0104-10;55150-0113-10;55150-0114-20;55150-0115-99;65219-0014-10;65219-0016-10;65219-0018-20;65219-0020-23;66794-0220-41;66794-0221-41;66794-0222-41;66794-0223-41;66794-0224-15;67850-0021-10;67850-0022-10;67850-0024-10;70860-0118-99;72485-0421-10;72485-0422-10
Ampicillin Sodium and Sulbactam Sodium Injection,Resolved Shortages,"Mar 24, 2023","Aug 31, 2015",00049-0013-83;00049-0014-83;00049-0024-28;00409-2689-01;00409-2987-03;00641-6116-10;00641-6117-10;00641-6118-01;25021-0142-20;25021-0143-30;25021-0144-99;44567-0210-10;44567-0211-10;44567-0212-01;55150-0116-20;55150-0117-20;55150-0118-99;66794-0206-41;66794-0207-41;66794-0208-15;67457-0348-10;67457-0349-10;67457-0649-10;70594-0081-02;70594-0082-02;70594-0083-01;71288-0005-20;71288-0006-30;71288-0007-25
Amyl Nitrite Inhalation,Resolved Shortages,"Sep 22, 2022","Dec 21, 2018",46414-2222-01
Anagrelide Hydrochloride Capsules,Resolved Shortages,"Aug 04, 2016","Jan 06, 2016",00172-5240-60;00172-5241-60;54092-0063-01
Anagrelide Hydrochloride Capsules,Resolved Shortages,"Apr 30, 2021","Nov 14, 2019",00172-5240-60;00172-5241-60;13668-0453-01;13668-0462-01;54092-0063-01
Anticoagulant Citrate Dextrose Formula A (ACD-A),Resolved Shortages,"Jul 27, 2022","Jul 19, 2022",00942-0641-04
Anticoagulant Citrate Dextrose Formula A (ACD-A),Resolved Shortages,"May 13, 2025","Dec 11, 2024",00942-0641-04
Antivenin Latrodectus Mactans (Black Widow Spider Antivenin),Current Shortages,"Aug 06, 2025","Jun 11, 2015",00006-5424-02
Aprepitant Capsules,Resolved Shortages,"May 26, 2016","Jul 01, 2015",00006-0461-02;00006-0461-06;00006-0462-06;00006-0464-05;00006-0464-10;00006-3862-03
Aprepitant Oral Suspension,Resolved Shortages,"Apr 11, 2025","Feb 28, 2025",00006-3066-03
Argatroban Injection,Resolved Shortages,"Mar 21, 2024","Nov 20, 2018",00143-9559-01;00143-9674-01;00409-1140-01;25021-0414-50;42023-0182-01;55150-0241-01;55150-0241-10;63323-0526-03;65219-0429-50;67457-0212-02
Aripiprazole Oral Disintegrating Tablets,Resolved Shortages,"May 17, 2016","Sep 09, 2015",13811-0692-30;13811-0693-30;59148-0640-23;59148-0641-23
Artesunate Injection,Resolved Shortages,"Nov 05, 2021","Sep 14, 2021",73607-0011-11
Ascorbic Acid Injection,Resolved Shortages,"Jun 05, 2019","Feb 15, 2019",67157-0101-50
Asparaginase Erwinia chrysanthemi,Resolved Shortages,"Jun 20, 2018","Oct 11, 2016",57902-0249-05
Asparaginase Erwinia chrysanthemi,Resolved Shortages,"Jun 11, 2024","Oct 11, 2018",68727-0900-03
Aspirin Suppositories,Resolved Shortages,"Oct 14, 2020","Jun 04, 2019",00574-7034-12;00574-7036-12
Aspirin Suppositories,Resolved Shortages,"Aug 18, 2022","Mar 17, 2022",00574-7034-12
Atenolol and Chlorthalidone Tablets,Resolved Shortages,"Dec 13, 2018","Aug 01, 2018",00378-2063-01;00378-2064-01;00591-5782-01;00591-5783-01;52427-0382-90;52427-0383-90
Atenolol tablets,Resolved Shortages,"Sep 11, 2018","Jul 03, 2017",00093-0752-01;00093-0752-10;00093-0753-01;00093-0753-05;00093-0787-01;00093-0787-10;00378-0218-01;00378-0218-10;00378-0231-01;00378-0231-10;00378-0757-01;00378-0757-10;00781-1078-01;00781-1078-10;00781-1506-01;00781-1506-10;00781-1507-01;00781-1507-10;00904-5392-61;51079-0684-20;51079-0685-20;51079-0759-20;52427-0429-90;52427-0430-90;52427-0431-90;68382-0022-01;68382-0022-10;68382-0023-01;68382-0023-10;68382-0024-01;68382-0024-10
Atorvastatin Tablets,Resolved Shortages,"May 26, 2016","Jul 23, 2015",00071-0155-23;00071-0155-34;00071-0155-40;00071-0156-23;00071-0156-40;00071-0156-94;00071-0157-23;00071-0157-40;00071-0157-73;00071-0157-88;00071-0158-23;00071-0158-73;00071-0158-88;00071-0158-92;00378-3950-05;00378-3950-77;00378-3951-05;00378-3951-77;00378-3952-05;00378-3952-77;00378-3953-05;00378-3953-77;00781-5381-92;00781-5382-92;00781-5384-92;00781-5388-92;00904-6290-61;00904-6291-61;51079-0208-20;51079-0209-20;51079-0210-20;51079-0211-03;55111-0121-05;55111-0121-90;55111-0122-05;55111-0122-90;55111-0123-05;55111-0123-90;55111-0124-05;55111-0124-90;59762-0155-01;59762-0155-02;59762-0156-01;59762-0156-02;59762-0157-02;59762-0158-01;59762-0158-02;60505-2578-08;60505-2578-09;60505-2579-08;60505-2579-09;60505-2580-08;60505-2580-09;60505-2671-08;60505-2671-09;62175-0890-43;62175-0890-46;62175-0891-43;62175-0891-46;62175-0892-41;62175-0892-46;62175-0897-41;62175-0897-46
Atracurium Injection,Resolved Shortages,"May 26, 2016","Jun 22, 2015",0040-1105-02;00409-1109-01;25021-0659-05;25021-0672-10
Atracurium Injection,Resolved Shortages,"Aug 11, 2022","Oct 07, 2021",0040-1105-02;00409-1109-01;71288-0701-05;71288-0702-10
Atropine Ophthalmic Solution,Resolved Shortages,"Aug 27, 2018","May 24, 2018",17478-0215-02;17478-0215-05;17478-0215-15;59390-0192-05
Atropine Ophthalmic Solution,Resolved Shortages,"Aug 06, 2020","Jan 09, 2019",17478-0215-02;17478-0215-05;17478-0215-15
Atropine Sulfate Injection,Resolved Shortages,"Aug 18, 2025","Jun 08, 2015",00409-1630-10;00409-4910-34;00409-4911-34;00409-9630-05;00517-1001-25;00517-1004-25;00641-6251-10;63323-0580-20;64253-0400-91;70069-0481-10;70069-0631-25;70069-0641-25;70121-1705-07;70121-1706-02;76329-3339-01
Atropine Sulfate Ophthalmic Ointment,Resolved Shortages,"Apr 16, 2021","Oct 11, 2019",24208-0825-55
Atropine Sulfate Ophthalmic Ointment,No Commercially Available Preparations,"Nov 30, 2023","Aug 18, 2023",24208-0825-55
Atropine Sulfate Ophthalmic Solution,Resolved Shortages,"Apr 25, 2017","Jun 01, 2015",00998-0303-05;00998-0303-15;17478-0214-10;17478-0214-12;17478-0214-20;17478-0215-02;17478-0215-05;17478-0215-15;24208-0750-06;24208-0750-60;61314-0303-01;61314-0303-02
Avibactam/Ceftazidime Injection,Resolved Shortages,"Jan 24, 2017","Jul 28, 2016",00456-2700-10
Avibactam/Ceftazidime Injection,Resolved Shortages,"Jul 20, 2021","Feb 21, 2020",00456-2700-10
Azacitidine Injection,Resolved Shortages,"May 18, 2023","Nov 02, 2020",00143-9606-01;00781-3253-94;16729-0306-10;43598-0143-62;43598-0305-62;55150-0393-01;59572-0102-01;63323-0771-39;64679-0096-01;67457-0254-30;69097-0805-40;71288-0115-30;72485-0201-01
Azathioprine Sodium Injection,Current Shortages,"Jul 22, 2025","Sep 30, 2024",00143-9566-01
Azathioprine Tablets,Resolved Shortages,"May 26, 2016","Jun 11, 2015",00054-4084-25;00054-8084-25;00378-1005-01;51079-0620-06;65483-0590-10;65649-0231-41;65649-0241-41;68382-0003-01;68382-0003-05
Azithromycin Injection,Resolved Shortages,"May 26, 2016","Jun 01, 2015",00069-3150-83;00409-0144-11;25021-0112-10;60505-6076-04;63323-0398-10
Azithromycin Injection,Resolved Shortages,"Jun 01, 2021","Jan 14, 2018",00069-3150-83;00409-0144-11;55150-0174-10;60505-6076-04;63323-0398-10;70436-0019-82;70860-0100-10
Azithromycin Injection,Resolved Shortages,"Jul 05, 2023","Dec 02, 2022",00069-3150-83;00409-0144-11;55150-0174-10;63323-0398-10;70095-0025-02;70436-0019-82;70860-0100-10
Azithromycin Powder for Oral Suspension Packets,Current Shortages,"Jul 16, 2025","Nov 20, 2024",00069-3051-07;00069-3051-75;59762-3051-01;59762-3051-02
Bacitracin for Injection,Discontinued Drugs,"Mar 04, 2020","Feb 03, 2020",00009-0233-01;00009-0233-03;39822-0277-02;63323-0329-30;63323-0329-31;70594-0026-02
Bacitracin Ophthalmic Ointment,Resolved Shortages,"Jan 20, 2023","Jul 26, 2019",00574-4022-35
Bacitracin Ophthalmic Ointment,Current Shortages,"Jul 18, 2025","Sep 12, 2024",00574-4022-35
Bacteriostatic 0.9% Sodium Chloride Vials,Resolved Shortages,"Jun 18, 2019","Jul 11, 2018",00409-1966-05;00409-1966-07;00409-1966-12;63323-0924-10;63323-0924-30
Bacteriostatic 0.9% Sodium Chloride Vials,Resolved Shortages,"May 18, 2025","Nov 16, 2021",00409-1966-05;00409-1966-07;00409-1966-12;63323-0924-10;63323-0924-30
Bacteriostatic Water for Injection,Resolved Shortages,"Mar 06, 2023","Nov 16, 2021",00409-3977-03
Bacteriostatic Water for Injection,Current Shortages,"Jul 15, 2025","Jul 15, 2025",00409-3977-03
Barium Sulfate 0.1% Oral Suspension,Discontinued Drugs,"Jun 20, 2024","Jun 20, 2024",32909-0927-03
Basiliximab Injection,Resolved Shortages,"Apr 28, 2025","Jul 23, 2024",00078-0331-84;00078-0393-61
BCG Live Intravesical,Resolved Shortages,"Nov 18, 2016","Jun 17, 2015",00052-0602-02;49281-0880-03
BCG Live Intravesical,Current Shortages,"Jun 10, 2025","Jan 15, 2019",00052-0602-02
Becaplermin Topical Gel,Resolved Shortages,"Jun 01, 2022","Jul 07, 2021",50484-0810-15
Becaplermin Topical Gel,Current Shortages,"Jun 17, 2025","Mar 29, 2024",50484-0810-15
Belatacept Injection,Resolved Shortages,"Jan 09, 2019","Mar 07, 2017",00003-0371-13
Belimumab Injection,Resolved Shortages,"Jul 09, 2024","Dec 14, 2023",49401-0088-35;49401-0088-47;49401-0101-01;49401-0102-01
Belladonna and Opium Suppositories,Resolved Shortages,"Feb 22, 2019","May 11, 2018",00574-7040-12;00574-7045-12
Belladonna and Opium Suppositories,Resolved Shortages,"Jan 31, 2022","Jun 30, 2021",00574-7040-12;00574-7045-12
Belladonna and Opium Suppositories,Resolved Shortages,"Jul 12, 2024","Jul 05, 2022",00574-7040-12;00574-7045-12
Bendamustine Hydrochloride Injection,Resolved Shortages,"Mar 19, 2018","Feb 15, 2018",63459-0348-04;63459-0390-08;63459-0391-20
Benzoin Tincture,Resolved Shortages,"Nov 23, 2021","May 21, 2021",00395-0243-16;00395-0243-92;00395-0247-92
Benzonatate Capsules,Resolved Shortages,"May 17, 2016","Jun 18, 2015",00069-0122-01;00904-5904-60;51224-0001-50;57664-0133-88;57664-0134-88;65162-0536-10;65162-0536-20;65162-0537-10;65162-0537-20;67877-0105-01;67877-0105-05;67877-0106-01;67877-0106-05;68025-0058-10;68382-0247-01;69387-0119-01;69387-0119-05;69387-0120-01;69387-0120-05
Benztropine Mesylate Injection,Resolved Shortages,"Dec 22, 2016","Jun 09, 2015",00143-9729-05;17478-0012-02;63323-0970-02;76478-0611-02
Benztropine Mesylate Injection,Resolved Shortages,"Apr 09, 2021","Nov 30, 2018",00143-9729-05;63323-0970-02
Benzylpenicilloyl Polylysine,Resolved Shortages,"May 20, 2020","Feb 10, 2020",49471-0001-05
Betamethasone Acetate/Betamethasone Sodium Phosphate Suspension for Injection,Resolved Shortages,"Nov 18, 2019","Oct 25, 2018",00085-4320-01;00517-0720-01;51754-5060-01
Betamethasone Acetate/Betamethasone Sodium Phosphate Suspension for Injection,Resolved Shortages,"Apr 27, 2023","Oct 01, 2020",00517-0720-01;51754-5060-01;78206-0118-01
Betamethasone Acetate/Betamethasone Sodium Phosphate Suspension for Injection,Resolved Shortages,"Oct 21, 2024","Sep 12, 2023",00517-0720-01;78206-0118-01
Betaxolol Tablets,Resolved Shortages,"Feb 21, 2024","Oct 03, 2023",10702-0013-01;10702-0014-01;42806-0038-01;42806-0039-01
Bevacizumab-bvzr Injection,Resolved Shortages,"Feb 06, 2025","Sep 04, 2024",00069-0315-01;00069-0342-01
Bezlotoxumab Injection,Discontinued Drugs,"Feb 05, 2025","Feb 05, 2025",00006-3025-00
Bisacodyl Suppositories,Resolved Shortages,"Feb 28, 2020","May 16, 2019",00536-1238-01;00574-7050-12;00574-7050-50;00904-6981-12;00904-6981-60;57896-0444-01;57896-0444-12
Bisoprolol Fumarate Tablets,Resolved Shortages,"Oct 30, 2019","Jan 08, 2019",00378-0523-01;00378-0523-93;00378-0524-01;00378-0524-93;29300-0126-01;29300-0126-13;29300-0127-01;29300-0127-13
Bivalirudin Injection,Resolved Shortages,"Jun 19, 2020","Jun 04, 2019",00338-9572-24;00409-8300-10;00409-8300-15;00781-3158-95;55111-0652-37;55150-0210-10;63323-0562-10;65293-0001-01
Bivalirudin Injection,Current Shortages,"Aug 03, 2025","Nov 12, 2024",00409-8300-15;00781-3158-95;16729-0275-67;42023-0622-10;55111-0652-37;55150-0210-10;63323-0562-10;67457-0256-10;70436-0025-82;70860-0402-10;71288-0427-11;83634-0400-10
Bleomycin Sulfate Injection,Resolved Shortages,"Aug 29, 2017","Apr 13, 2016",00703-3154-01;00703-3155-01;61703-0323-22;61703-0332-18;63323-0136-10;63323-0137-20;70121-1561-01
Bleomycin Sulfate Injection,Resolved Shortages,"Jul 06, 2024","May 08, 2023",00143-9240-01;00143-9241-01;61703-0323-22;61703-0332-18;63323-0136-10;63323-0137-20;71288-0106-10;71288-0107-20
Boceprevir Capsules,Discontinued Drugs,"Jan 06, 2016","Jun 25, 2015",00085-0314-02
Budesonide Suspension for Inhalation,Current Shortages,"Jul 11, 2025","May 30, 2023",00093-6815-55;00093-6815-73;00093-6816-55;00093-6816-73;00093-6817-73;00115-1687-74;00115-1689-74;00487-9601-01;00487-9601-30;00487-9701-01;00487-9701-30;68180-0984-30;69097-0318-53;69097-0318-87;69097-0319-53;69097-0319-87;69097-0321-53;69097-0321-87
Bumetanide Injection,Resolved Shortages,"Jan 24, 2021","Apr 20, 2017",00409-1412-04;00409-1412-10;00641-6007-10;00641-6008-10
Bumetanide Injection,Resolved Shortages,"Mar 08, 2025","Apr 23, 2021",00641-6007-10;00641-6008-10;25021-0321-04;25021-0321-10;65219-0570-04;65219-0570-10;68462-0469-54;68462-0470-54;72205-0101-07;72205-0102-07
Bupivacaine Hydrochloride Implant,Discontinued Drugs,"Apr 11, 2025","Apr 11, 2025",51715-0100-04;51715-0100-10
Bupivacaine Injection,Current Shortages,"Aug 08, 2025","Sep 14, 2015",00143-9328-10;00143-9329-10;00143-9330-10;00143-9331-10;00143-9332-10;00143-9333-10;00143-9334-10;00143-9335-10;00409-0525-25;00409-1159-01;00409-1159-02;00409-1160-01;00409-1162-01;00409-1162-02;00409-1163-01;00409-1165-01;00409-1165-02;00409-1559-10;00409-1559-30;00409-1560-10;00409-1560-29;00409-1582-10;00409-1587-50;00409-1761-10;00409-2253-25;00409-3613-01;00409-5010-25;55150-0167-10;55150-0168-30;55150-0169-10;55150-0170-30;55150-0171-10;55150-0172-30;55150-0249-50;55150-0250-50;63323-0464-17;63323-0464-37;63323-0465-57;63323-0466-17;63323-0466-37;63323-0467-57;63323-0472-17;63323-0472-37;70069-0752-01;70069-0752-10;70069-0752-25;70069-0753-01;70069-0753-10;70069-0753-25;70594-0114-02;70594-0115-01;70594-0116-01;70594-0117-02;70594-0118-01;70594-0119-01;70594-0120-02;70594-0121-01;71288-0721-11;71288-0722-32;71288-0723-52;71288-0724-11;71288-0725-32;71288-0726-52;71288-0727-11;71288-0728-32
Bupivacaine with Epinephrine Injection,Current Shortages,"May 02, 2025","Sep 02, 2016",00409-1746-10;00409-1746-30;00409-1749-10;00409-1749-29;00409-1752-50;00409-1755-50;00409-9042-01;00409-9042-17;00409-9043-01;00409-9045-01;00409-9045-17;00409-9046-01;63323-0460-37;63323-0461-57;63323-0462-17;63323-0462-37;63323-0463-57;63323-0468-17;63323-0468-37
Buprenorphine Hydrochloride Injection,Resolved Shortages,"Dec 14, 2020","Apr 27, 2018",00409-2012-32;12496-0757-01;12496-0757-05;42023-0179-05
Buprenorphine Hydrochloride Injection,Resolved Shortages,"Dec 17, 2024","Aug 09, 2024",00409-2012-32;42023-0179-05
Buprenorphine Sublingual Tablets,Resolved Shortages,"May 26, 2016","Jul 10, 2015",00054-0176-13;00054-0177-13;00093-5378-56;00093-5379-56;50383-0924-93;50383-0930-93
Bupropion Hydrochloride 24 Hour extended Release Tablets,Resolved Shortages,"May 26, 2016","Jul 22, 2015",00115-6811-08;00115-6811-10;00187-0730-30;00187-0730-90;00187-0731-30;00378-2008-77;00378-2009-05;10370-0101-03;10370-0101-50;10370-0102-03;10370-0102-50;45963-0141-30;45963-0141-90;45963-0142-30;49909-0010-30;51079-0047-20;51079-0109-03
Buspirone Tablets,Resolved Shortages,"Jun 30, 2020","Sep 03, 2018",00093-0053-01;00093-0053-05;00093-0054-01;00093-0054-05;00093-1003-01;00093-1003-05;00093-5200-05;00093-5200-06;00378-1140-01;00378-1140-05;00378-1150-01;00378-1150-05;00378-1165-05;00378-1165-80;00378-1165-91;00378-1175-91;16729-0200-01;16729-0200-16;16729-0202-01;16729-0202-16;16729-0203-01;16729-0203-12;16729-0289-12;24689-0781-01;24689-0781-05;24689-0785-01;24689-0907-01;24689-0907-05;24689-0921-01;24689-0921-05;24689-0921-06;24689-0933-06;49884-0725-01;49884-0725-05;51079-0960-20;51079-0985-20;51079-0986-20;51079-0994-20;68382-0180-01;68382-0180-05;68382-0181-01;68382-0181-05;68382-0182-01;68382-0182-05;68382-0183-05;68382-0183-14
Busulfan Injection,Resolved Shortages,"Apr 29, 2024","Jan 04, 2019",00409-1112-01;25021-0241-10;59148-0070-91;65219-0160-10;67457-0893-08;70121-1244-07;71288-0116-11;72485-0210-08
Butorphanol Injection,Resolved Shortages,"Dec 14, 2020","Aug 21, 2020",00409-1623-01;00409-1626-01;00409-1626-02
Butorphanol Injection,Resolved Shortages,"Sep 22, 2024","Jan 19, 2023",00409-1623-01;00409-1626-01;00409-1626-02
Butorphanol Tartrate Injection,Resolved Shortages,"Jun 07, 2019","Apr 19, 2018",00409-1623-01;00409-1626-01;00409-1626-02
C1-Esterase Inhibitor (Human) Injection,Resolved Shortages,"Jun 13, 2019","Aug 16, 2017",42227-0081-05;63833-0825-02
Cabergoline Tablets,Resolved Shortages,"May 23, 2023","Nov 02, 2020",00093-5420-88;49884-0673-14;50762-0118-08;59762-1005-01
Caffeine and Sodium Benzoate Injection,Resolved Shortages,"Nov 07, 2016","Sep 04, 2015",00517-2502-10
Caffeine and Sodium Benzoate Injection,Resolved Shortages,"Jun 26, 2017","Apr 30, 2017",00517-2502-10
Caffeine and Sodium Benzoate Injection,Resolved Shortages,"Jul 05, 2018","Jan 30, 2018",00517-2502-10
Caffeine and Sodium Benzoate Injection,Resolved Shortages,"Jun 15, 2020","Jan 29, 2020",00517-2502-10
Caffeine Citrate Injection,Resolved Shortages,"May 26, 2016","Jul 23, 2015",00517-0020-10;00641-6164-10;25021-0601-03;47335-0289-40;51754-0500-01;63323-0407-03
Caffeine Citrate Oral Solution,Resolved Shortages,"May 26, 2016","Jul 23, 2015",25021-0602-03;51754-0501-03;63323-0406-03
Calcitriol Injection,Resolved Shortages,"Jun 03, 2016","Jan 28, 2016",00517-0132-25;17478-0931-01
Calcitriol Injection,Resolved Shortages,"Nov 08, 2019","Aug 31, 2018",17478-0931-01
Calcitriol Injection,Resolved Shortages,"Oct 17, 2023","May 03, 2021",72266-0251-10
Calcitriol Oral Solution,Current Shortages,"Aug 03, 2025","Feb 24, 2023",00054-3120-41;63304-0241-59;64980-0447-15
Calcium Acetate Oral Capsules and Tablets,Resolved Shortages,"Jan 30, 2023","Dec 05, 2019",00054-0088-13;00054-0088-26;00536-1336-32;00781-2081-02;00904-6668-61;10135-0629-02;23155-0531-02;23155-0621-02;24689-0793-02;29033-0026-02;59528-0331-02;62135-0191-22;62135-0192-22;65162-0590-20;69097-0862-83
Calcium Chloride Injection,Resolved Shortages,"Jan 05, 2021","Jun 09, 2015",00409-1631-10;00409-4928-34;00517-6710-10;64253-0900-36;76329-3304-01
Calcium Chloride Injection,Resolved Shortages,"Aug 18, 2025","Dec 28, 2021",00409-1631-10;00409-4928-34;00517-6710-10;64253-0900-36;64253-0900-91;70069-0773-10;70121-2308-04;70121-2309-07;76329-3304-01
Calcium Disodium Versenate Injection,Resolved Shortages,"Jul 27, 2023","Dec 28, 2020",64980-0588-51;99207-0240-05
Calcium Gluconate Injection,Resolved Shortages,"Apr 22, 2019","Aug 19, 2015",44567-0620-24;63323-0360-19;63323-0360-59;63323-0360-61
Calcium Gluconate Injection,Resolved Shortages,"Jul 20, 2021","Feb 16, 2021",44567-0620-24;44567-0621-24;63323-0360-19;63323-0360-59;63323-0360-61
Calcium Gluconate Injection,Resolved Shortages,"Feb 06, 2023","Dec 12, 2021",44567-0620-24;44567-0621-24;44567-0622-24;63323-0360-19;63323-0360-59;63323-0360-61;65219-0162-10;65219-0164-50
Capecitabine Tablets,Current Shortages,"Aug 07, 2025","Feb 01, 2023",00093-7473-06;00093-7474-89;16729-0072-12;16729-0073-29;31722-0774-60;31722-0775-12;31722-0775-60;55111-0496-60;55111-0497-04;59651-0204-60;59651-0205-08;61269-0470-60;61269-0475-12;70756-0815-22;70756-0815-60;72205-0006-60;72205-0007-92
Carbidopa and Levodopa Extended-Release Tablets,Resolved Shortages,"May 26, 2016","Jun 01, 2015",00006-3918-68;00006-3919-68;00378-0088-01;00378-0094-01;16729-0078-01;16729-0078-17;16729-0079-01;16729-0079-17;51079-0923-20;51079-0978-20;62756-0457-88;62756-0461-88
Carbidopa and Levodopa Extended-Release Tablets,Resolved Shortages,"Mar 27, 2020","Sep 28, 2017",00006-3918-68;00006-3919-68;00378-0088-01;00378-0094-01;16729-0079-01;16729-0079-17;51079-0923-20;51079-0978-20;62756-0457-88;62756-0461-88
Carbidopa and Levodopa Orally Disintegrating Tablets,Discontinued Drugs,"Sep 27, 2023","Sep 27, 2023",47335-0187-88;47335-0188-88
Carboplatin Solution for Injection,Resolved Shortages,"Mar 08, 2018","Jun 10, 2015",00703-4239-01;00703-4244-01;00703-4246-01;00703-4248-01;25021-0202-15;25021-0202-45;25021-0202-51;25021-0205-05;61703-0339-18;61703-0339-22;61703-0339-50;61703-0339-56;63323-0172-05;63323-0172-15;63323-0172-45;63323-0172-60;67457-0491-54;67457-0492-15;67457-0493-46;67457-0494-61
Carboplatin Solution for Injection,Current Shortages,"Aug 19, 2025","Mar 28, 2023",00703-4239-01;00703-4244-01;00703-4246-01;00703-4248-01;16729-0295-12;16729-0295-31;16729-0295-33;16729-0295-34;50742-0447-45;54288-0164-01;54288-0165-01;54288-0166-01;54288-0167-01;55150-0335-01;55150-0386-01;60505-6282-06;60505-6282-07;61703-0339-18;61703-0339-22;61703-0339-50;61703-0339-56;63323-0172-60
Cardioplegic Solution for Cardiac Perfusion,Resolved Shortages,"Jul 26, 2016","Jul 20, 2015",00338-0341-04;00409-7969-05
Carisoprodol and Aspirin,Discontinued Drugs,"May 22, 2017","May 22, 2017",00185-0724-01;00185-0724-05;23155-0145-01
Carisoprodol Tablets,Resolved Shortages,"Jul 01, 2022","Apr 25, 2019",00037-2001-01;00037-2250-10;00037-2250-30;00591-5513-01;00591-5513-05;00591-5513-10;50228-0109-01;50228-0109-05;50228-0109-10;61442-0451-01;61442-0451-05;61442-0451-10
Carvedilol Tablets,Resolved Shortages,"Jun 14, 2016","Sep 16, 2015",00007-4139-20;00007-4140-20;00007-4141-20;00007-4142-20;00093-0051-01;00093-0051-05;00093-0135-01;00093-0135-05;00093-7295-01;00093-7295-05;00093-7296-01;00093-7296-05;00378-3631-01;00378-3631-05;00378-3632-01;00378-3632-05;00378-3633-01;00378-3633-05;00378-3633-07;00378-3634-01;00378-3634-05;00781-5221-01;00781-5222-01;00781-5223-01;00781-5224-01;00904-6300-61;00904-6301-61;00904-6302-61;00904-6303-61;43547-0254-10;43547-0254-50;43547-0255-10;43547-0255-50;43547-0256-10;43547-0256-50;43547-0257-10;43547-0257-50;51079-0771-19;51079-0771-20;51079-0930-19;51079-0930-20;51079-0931-19;51079-0931-20;51079-0932-20;57664-0242-13;57664-0242-18;57664-0242-88;57664-0244-13;57664-0244-18;57664-0244-88;57664-0245-13;57664-0245-18;57664-0245-88;57664-0247-13;57664-0247-18;57664-0247-88;65862-0142-01;65862-0142-05;65862-0143-01;65862-0143-05;65862-0144-01;65862-0144-05;65862-0145-01;65862-0145-05;68382-0092-01;68382-0092-05;68382-0093-01;68382-0093-05;68382-0094-01;68382-0094-05;68382-0095-01;68382-0095-05;68462-0162-01;68462-0162-05;68462-0163-01;68462-0163-05;68462-0164-01;68462-0164-05;68462-0165-01;68462-0165-05
Cefazolin Injection,Resolved Shortages,"May 17, 2016","May 28, 2015",00143-9923-90;00143-9924-90;00143-9983-03;00264-3103-11;00264-3105-11;00338-3503-41;00338-3508-41;00409-0805-01;00409-0806-01;00409-2585-01;00781-3450-95;00781-3451-96;00781-3452-95;25021-0100-10;25021-0101-10;25021-0102-99;44567-0706-25;44567-0707-25;44567-0708-10;44567-0709-10;60505-0749-05;60505-0769-00;63323-0236-10;63323-0237-10;63323-0238-61;63323-0446-66;66288-1100-01;66288-1300-01
Cefazolin Injection,Current Shortages,"Jul 22, 2025","Jun 04, 2018",00143-9139-25;00143-9140-25;00143-9923-90;00143-9924-90;00143-9983-03;00264-3103-11;00264-3105-11;00264-3107-11;00338-0096-06;00338-3503-41;00338-3508-41;00409-2585-01;00781-3451-96;00781-3452-95;25021-0100-10;25021-0101-10;25021-0102-99;44567-0706-25;44567-0707-25;44567-0708-10;44567-0840-25;44567-0845-25;60505-6142-05;60505-6143-04;60505-6231-05;60505-6266-05;63323-0236-10;63323-0237-10;63323-0238-61;66288-1100-01;66288-1300-01
Cefdinir Oral Presentations,Current Shortages,"Aug 14, 2025","Jun 29, 2023",00093-3160-06;00093-4136-64;00093-4136-73;00093-4137-64;00093-4137-73;57237-0099-60;67877-0543-60;67877-0547-88;67877-0547-98;67877-0548-88;67877-0548-98;68180-0711-60;68180-0722-04;68180-0722-05;68180-0723-04;68180-0723-05
Cefepime Injection,Resolved Shortages,"Sep 07, 2022","Jun 11, 2015",00264-3193-11;00264-3195-11;00338-1301-41;00338-1301-48;00409-9566-10;00409-9735-10;25021-0121-20;25021-0122-50;44567-0240-10;44567-0241-10;60505-6146-00;60505-6146-04;60505-6147-00;60505-6147-04;63323-0326-20;63323-0340-20;66288-8100-01;66794-0209-41;66794-0210-41;71288-0008-15;71288-0009-20
Cefixime Capsules,Resolved Shortages,"Jan 09, 2024","Jan 21, 2022",67877-0584-33;67877-0584-50;68180-0423-08;68180-0423-11
Cefotaxime Sodium Injection,Current Shortages,"Jul 10, 2025","Jun 10, 2015",00039-0038-05;00039-0039-05;00143-9930-10;00143-9931-25;00143-9933-25;00143-9935-01
Cefotetan Disodium Injection,Resolved Shortages,"May 15, 2017","Jun 25, 2015",00264-3173-11;00264-3175-11;52565-0052-10;52565-0053-10;63323-0385-10;63323-0386-20;63323-0396-61
Cefotetan Disodium Injection,Resolved Shortages,"Nov 15, 2021","Jul 22, 2020",00264-3173-11;00264-3175-11;52565-0053-10;63323-0385-10;63323-0386-20
Cefoxitin Sodium Injection,Resolved Shortages,"May 09, 2021","Nov 08, 2016",00143-9876-10;00143-9877-25;00143-9878-25;00264-3123-11;00264-3125-11;25021-0109-10;25021-0110-20;25021-0111-99;44567-0245-25;44567-0246-25;44567-0247-10;60505-0759-05;60505-0760-05;60505-0761-04;63323-0341-25;63323-0342-25;63323-0343-66
Cefpodoxime,Resolved Shortages,"Sep 27, 2016","Sep 02, 2015",00781-5438-20;00781-5439-01;00781-5439-20;00781-6168-46;00781-6168-52;00781-6169-46;00781-6169-52;65862-0095-20;65862-0096-20;65862-0140-01;65862-0140-50;65862-0141-01;65862-0141-50
Cefpodoxime Oral Suspension,Resolved Shortages,"Oct 02, 2017","Aug 29, 2017",00781-6169-46
Cefpodoxime Oral Suspension,Resolved Shortages,"Nov 19, 2018","Apr 06, 2018",00781-6169-46;16714-0402-01;16714-0402-02;16714-0403-01;63304-0965-03;63304-0965-04;64980-0403-10;64980-0403-50
Ceftazidime Injection,Resolved Shortages,"Feb 24, 2023","Jun 11, 2015",00264-3143-11;00264-3145-11;00409-5082-16;00409-5084-11;00409-5086-11;00409-5092-16;00409-5093-11;25021-0127-20;25021-0128-50;25021-0129-99;44567-0235-25;44567-0236-10;44567-0237-06
Ceftolozane and Tazobactam Injection,Resolved Shortages,"Jan 06, 2022","Dec 21, 2020",67919-0030-01
Ceftriaxone Sodium Injection,Resolved Shortages,"Nov 13, 2019","Jun 22, 2015",00143-9856-25;00143-9857-25;00143-9858-25;00143-9859-25;00264-3153-11;00264-3155-11;00338-5002-41;00338-5003-41;00409-7332-01;00409-7333-04;00409-7334-10;00409-7335-03;00409-7336-04;00409-7337-01;00409-7338-01;00781-3206-95;00781-3207-95;00781-3208-95;00781-3209-95;00781-3210-46;25021-0105-10;25021-0106-10;25021-0107-20;25021-0108-99;44567-0701-25;44567-0702-25;44567-0703-01;60505-6148-04;60505-6149-04;60505-6150-05;60505-6151-01;60505-6151-04;60505-6152-01;60505-6152-04;63323-0344-10;63323-0345-10;63323-0346-10;63323-0347-20;63323-0348-61;66288-6100-01;66794-0211-42;66794-0212-42;66794-0213-42;66794-0214-42;68180-0611-10;68180-0622-10;68180-0633-10;68180-0644-10
Cefuroxime Sodium Injection,Resolved Shortages,"Jun 15, 2020","May 22, 2015",00143-9977-22;00143-9979-22;25021-0118-10;25021-0119-20
Cefuroxime Sodium Injection,Resolved Shortages,"Mar 09, 2023","May 04, 2022",00143-9977-22;00143-9979-22;25021-0118-10;25021-0119-20
Cetirizine Oral Solution,Resolved Shortages,"Jan 11, 2023","Jun 02, 2022",00904-6765-20;45802-0626-26;45802-0974-26;50580-0730-05;69230-0316-11
Chloramphenicol Sodium Succinate Injection,Resolved Shortages,"Jun 15, 2016","Aug 12, 2015",63323-0011-15
Chloramphenicol Sodium Succinate Injection,Current Shortages,"Oct 09, 2023","Oct 09, 2023",63323-0011-15
Chlordiazepoxide Capsules,Resolved Shortages,"Jun 15, 2022","Nov 20, 2019",00555-0033-02;00555-0033-05;00555-0158-02;00555-0158-04;00555-0159-02;00555-0159-04;42806-0562-01;42806-0563-01;42806-0564-01;51079-0141-20;51079-0374-20;51079-0375-20
Chloroprocaine Hydrochloride Injection,Resolved Shortages,"Dec 10, 2018","Aug 16, 2018",00143-9209-10;00143-9210-10;63323-0475-37;63323-0476-37;63323-0477-27;63323-0478-27
Chloroprocaine Hydrochloride Injection,Resolved Shortages,"Apr 10, 2023","Dec 15, 2020",00143-9209-10;00143-9210-10;63323-0475-37;63323-0476-37;63323-0477-27;63323-0478-27
Chloroquine Phosphate Tablets,Resolved Shortages,"Feb 06, 2017","Dec 08, 2016",64980-0177-50;64980-0178-02
Chloroquine Phosphate Tablets,Resolved Shortages,"Jul 14, 2021","Mar 09, 2020",63304-0460-50;64980-0177-50;64980-0178-02
Chloroquine Tablets,Resolved Shortages,"Jun 17, 2016","May 27, 2015",00143-2125-22;63304-0460-50;63304-0461-26;64980-0177-50;64980-0178-02
Chlorothiazide Oral Suspension,Resolved Shortages,"Jan 05, 2017","May 08, 2015",65649-0311-12
Chlorothiazide Oral Suspension,Resolved Shortages,"Dec 28, 2020","Jul 01, 2020",65649-0311-12
Chlorothiazide Oral Suspension,Resolved Shortages,"Mar 09, 2023","Dec 14, 2022",65649-0311-12
Chlorothiazide Oral Tablets and Suspension,Resolved Shortages,"Dec 23, 2019","Nov 04, 2019",00143-1210-01;00143-1210-10;00378-0150-01;00378-0162-01;65649-0311-12
Chlorothiazide Sodium Injection,Resolved Shortages,"Oct 23, 2018","Dec 11, 2017",00517-1820-01;17478-0419-40;25021-0305-20;47335-0330-40;63323-0658-20;67457-0263-30;76478-0711-40
Chlorothiazide Sodium Injection,Resolved Shortages,"Aug 10, 2021","Mar 06, 2020",00517-1820-01;17478-0419-40;25021-0305-20;47335-0330-40;63323-0658-20;76478-0711-40
Chlorothiazide Sodium Injection,Resolved Shortages,"Nov 29, 2023","Jun 14, 2022",00517-1820-01;25021-0305-20;47335-0330-40;63323-0658-20
Chlorothiazide Sodium Injection,Current Shortages,"Aug 18, 2025","Mar 12, 2025",00517-1820-01;25021-0305-20;47335-0330-40;63323-0658-20
Chlorpromazine Injection,Resolved Shortages,"Aug 23, 2016","Jul 01, 2015",00641-1397-35;00641-1398-35
Chorionic Gonadotropin (Human) for Injection,Resolved Shortages,"Nov 25, 2019","Jul 13, 2015",00052-0315-10;55566-1501-01;63323-0025-10
Chromic Chloride Injection,Resolved Shortages,"Mar 02, 2025","Aug 28, 2024",00409-4093-01
Cidofovir Injection,Resolved Shortages,"Jul 17, 2019","Oct 26, 2018",23155-0216-31;67457-0210-05
Cidofovir Injection,Resolved Shortages,"Aug 10, 2021","Aug 04, 2021",23155-0216-31;67457-0210-05
Cidofovir Injection,Resolved Shortages,"Jun 03, 2025","Sep 19, 2024",23155-0216-31;67457-0210-05
Cimetidine Oral Solution,Resolved Shortages,"Jun 20, 2025","May 24, 2023",50383-0050-08;62135-0809-24;62135-0809-37
Ciprofloxacin Injection,Resolved Shortages,"Aug 27, 2019","Feb 14, 2018",00409-4777-02;00409-4777-23;25021-0114-87;36000-0008-24;36000-0009-24
Ciprofloxacin Injection,Resolved Shortages,"Jul 22, 2025","Jan 13, 2023",00409-2300-24;00409-3300-24;25021-0192-82;25021-0192-87
Ciprofloxacin Ophthalmic Solution,Resolved Shortages,"Mar 22, 2023","Jul 17, 2018",17478-0714-10;17478-0714-25;61314-0656-05;61314-0656-10;61314-0656-25
Ciprofloxacin Oral Suspension,Resolved Shortages,"Nov 25, 2019","Aug 24, 2016",50419-0773-01;50419-0777-01;68180-0392-01;68180-0393-01
Cisatracurium Besylate Injection,Resolved Shortages,"Sep 09, 2016","Apr 14, 2016",00074-4378-05;00074-4380-10;00074-4382-20;00781-3150-95;00781-3152-95;00781-3153-95;63323-0416-05;63323-0417-10;63323-0418-20
Cisatracurium Besylate Injection,Resolved Shortages,"Aug 11, 2022","Apr 03, 2020",00074-4378-05;00074-4380-10;00074-4382-20;00409-1098-02;00409-1103-01;00409-1208-01;00703-2033-03;00703-2045-03;00703-2056-03;00781-3150-95;00781-3152-95;00781-3153-95;55150-0284-10;55150-0286-10;63323-0416-05;63323-0417-10;63323-0418-20;70069-0141-10;70069-0151-10;70069-0161-10;71288-0712-06;71288-0713-21;71288-0714-11
Cisplatin Injection,Resolved Shortages,"Dec 18, 2018","Jun 25, 2015",00703-5747-11;00703-5748-11;16729-0288-11;16729-0288-38;44567-0509-01;44567-0510-01;44567-0511-01;47781-0609-25;47781-0610-23;63323-0103-51;63323-0103-64;63323-0103-65;67457-0424-10;67457-0425-51;70860-0206-50;70860-0206-51
Cisplatin Injection,Current Shortages,"Aug 05, 2025","Jan 10, 2023",00143-9504-01;00143-9505-01;00703-5747-11;00703-5748-11;16729-0288-11;16729-0288-38;25021-0253-50;25021-0253-51;44567-0511-01;44567-0530-01;63323-0103-51;63323-0103-64;63323-0103-65
Clindamycin Phosphate Injection,Current Shortages,"Aug 05, 2025","Jun 25, 2015",00009-0728-09;00009-0775-26;00009-0870-26;00009-0902-18;00143-9267-01;00143-9268-01;00143-9269-01;00338-3410-24;00338-3612-24;00338-3814-24;00338-9545-24;00338-9549-24;00338-9553-24;00781-3288-09;00781-3289-09;00781-3290-09;25021-0115-02;25021-0115-04;25021-0115-06;25021-0115-51
Clomiphene Citrate Tablets,Resolved Shortages,"Nov 09, 2022","Feb 28, 2019",00713-0885-09;00713-0885-30;49884-0701-54;49884-0701-55
Clonazepam Oral Tablets,Current Shortages,"Aug 06, 2025","Apr 10, 2023",00093-0832-01;00093-0832-05;00093-3212-01;00093-3213-01;00093-3213-05;16729-0136-00;16729-0136-16;16729-0137-00;16729-0137-16;16729-0138-00;16729-0138-16;43547-0406-10;43547-0406-11;43547-0406-50;43547-0407-10;43547-0407-11;43547-0407-50;43547-0408-10;43547-0408-50;61269-0605-10;61269-0610-10;61269-0620-10;62135-0769-90;62135-0770-90;62135-0771-90
Clonidine Extended-Release Tablets,Resolved Shortages,"Mar 27, 2018","Jan 12, 2018",59212-0658-60
Clonidine Hydrochloride Injection,Resolved Shortages,"Sep 16, 2019","Apr 09, 2019",00143-9723-01;00143-9724-01;39822-2000-01;39822-2010-01;67457-0218-10
Clotrimazole Lozenges (Clotrimazole Troches),Resolved Shortages,"May 18, 2023","Mar 05, 2019",00054-4146-22;00054-4146-23;00054-8146-22;00574-0107-14;00574-0107-70;00574-0107-77
Cocaine Hydrochloride 4% Nasal Solution,Resolved Shortages,"Oct 06, 2024","Jan 17, 2024",64950-0362-04;70839-0362-04;81665-0301-02
Colestipol Hydrochloride Granules for Oral Suspension,Resolved Shortages,"Mar 22, 2024","Mar 21, 2024",00009-0260-01;00009-0260-02;00009-0260-04;00009-0370-03;00009-0370-05;59762-0260-01;59762-0260-02;59762-0260-03
Colestipol Oral Tablets,Resolved Shortages,"Dec 12, 2022","Dec 18, 2020",00009-0450-03;00115-5211-16;59762-0450-01
Collagenase Ointment,Resolved Shortages,"Oct 02, 2024","Aug 23, 2023",50484-0010-30;50484-0010-90
Conivaptan Hydrochloride Injection,Discontinued Drugs,"Aug 14, 2024","Feb 23, 2022",66220-0160-10
Conjugated Estrogens and Bazedoxifene,Resolved Shortages,"May 19, 2023","Mar 16, 2021",00008-1123-12
Conjugated Estrogens Cream,Resolved Shortages,"Aug 05, 2021","May 21, 2021",00046-0872-21
Conjugated Estrogens Injection,Current Shortages,"Aug 08, 2025","May 21, 2025",00046-0749-05
Copper Chloride Injection,Resolved Shortages,"Nov 25, 2019","Apr 08, 2019",00409-4092-01
Copper Chloride Injection,Resolved Shortages,"Jan 25, 2024","Sep 08, 2023",00409-4092-01
Corticorelin Ovine Triflutate Injection,Resolved Shortages,"Aug 15, 2022","Nov 02, 2020",55566-0302-01
Cortisone Tablets,Discontinued Drugs,"Apr 08, 2022","Apr 07, 2022",00143-9700-01
Cosyntropin Injection,Resolved Shortages,"Jan 03, 2024","Jan 22, 2019",00548-5900-00;00781-3440-95;67457-0227-02
Cromolyn Oral Solution,Current Shortages,"Aug 18, 2025","Oct 19, 2023",00037-0678-96;16571-0600-96;42571-0132-52;51525-0470-09;69784-0200-96;76204-0025-96
Cyclopentolate and Phenylephrine Ophthalmic Solution,Resolved Shortages,"Oct 17, 2016","Oct 21, 2015",00065-0359-02;00065-0359-05
Cyclopentolate and Phenylephrine Ophthalmic Solution,Resolved Shortages,"Feb 11, 2022","Dec 14, 2021",00065-0359-02;00065-0359-05
Cyclopentolate and Phenylephrine Ophthalmic Solution,Resolved Shortages,"Jan 13, 2023","Feb 23, 2022",00065-0359-02;00065-0359-05
Cyclopentolate and Phenylephrine Ophthalmic Solution,Resolved Shortages,"Apr 30, 2024","Feb 22, 2024",00065-0359-02;00065-0359-05
Cyclopentolate Hydrochloride Ophthalmic Solution,Resolved Shortages,"Oct 17, 2024","Jul 09, 2020",00065-0395-15;00065-0396-02;00065-0396-05;00065-0397-02;00065-0397-05;00065-0397-15;24208-0735-01;24208-0735-06;61314-0396-01;61314-0396-03
Cyclosporine Capsules,Resolved Shortages,"Nov 22, 2019","Sep 27, 2018",00074-6463-32;00074-6479-32;00078-0240-15;00078-0241-15;00078-0246-15;00078-0248-15;00093-5740-65;00093-5741-65;00093-5742-65;00185-0932-30;00185-0933-30;51862-0458-47;51862-0460-47;60505-0133-00;60505-0134-00
Cyclosporine Injection,Resolved Shortages,"Aug 04, 2023","Feb 20, 2019",00078-0109-01;00517-0866-10
Cyclosporine Oral Solution,Resolved Shortages,"Jun 04, 2021","Sep 24, 2019",00074-7269-50;00078-0110-22;00078-0274-22;00172-7313-20;00591-2224-55
Cyclosporine Oral Solution,Resolved Shortages,"Aug 15, 2024","Dec 06, 2023",00074-7269-50;00078-0110-22;00078-0274-22;00172-7313-20
Cytarabine Injection,Resolved Shortages,"Oct 19, 2016","Jul 29, 2015",00069-0152-02;61703-0303-46;61703-0304-36;61703-0305-38;61703-0319-22;63323-0120-20;67457-0452-20;67457-0454-50
Cytarabine Injection,Resolved Shortages,"Mar 29, 2023","Nov 01, 2021",61703-0303-46;61703-0304-36;61703-0305-38;61703-0319-22;63323-0120-20;71288-0109-20
Cytarabine Liposomal Injection,Discontinued Drugs,"Dec 19, 2017","Dec 19, 2017",57665-0331-01
Dacarbazine Injection,Resolved Shortages,"May 01, 2025","Jul 23, 2021",55390-0090-10;63323-0127-10;63323-0128-20;71288-0174-21
Dalbavancin Injection,Resolved Shortages,"Jun 21, 2018","Feb 20, 2018",57970-0100-01
Dalbavancin Injection,Resolved Shortages,"Dec 17, 2018","Sep 28, 2018",57970-0100-01
Dalbavancin Injection,Resolved Shortages,"Mar 09, 2023","Nov 03, 2022",57970-0100-01
Dalfopristin and Quinupristin Injection,Resolved Shortages,"Mar 23, 2020","Jan 10, 2020",61570-0260-10
Dalfopristin and Quinupristin Injection,Discontinued Drugs,"Sep 26, 2022","Apr 08, 2022",61570-0260-10
Dantrolene Sodium Injection,Resolved Shortages,"Dec 20, 2023","Feb 08, 2022",00153-9297-01;42023-0123-06;42367-0540-32;78670-0003-67
Dantrolene Sodium Injection,Resolved Shortages,"Nov 01, 2024","Jun 05, 2024",00143-9297-01;42023-0123-06;42367-0540-32;78670-0003-67
"Daptacel - Diphtheria, Tetanus Toxoid, and Acellular Pertussis Vaccine (DTaP)",Resolved Shortages,"Dec 19, 2016","Feb 17, 2016",49281-0286-10;58160-0810-11;58160-0810-52
Daptomycin Injection,Resolved Shortages,"Aug 29, 2022","Sep 07, 2018",00409-0106-01;00703-0125-01;25021-0179-15;25021-0179-16;43598-0413-11;63323-0371-10;63323-0871-15;67457-0813-50;67919-0011-01;67919-0012-01;70594-0034-01;70594-0053-01;71839-0107-01
Daunorubicin Hydrochloride Injection,Resolved Shortages,"May 26, 2016","May 06, 2015",00703-5233-13
Decitabine Injection,Current Shortages,"Aug 19, 2025","Aug 02, 2023",00143-9385-01;16729-0224-05;25021-0219-20;31722-0304-31;55111-0556-10;55150-0376-01;67457-0316-25;71288-0119-20;72205-0031-01
Deferoxamine Injection,Resolved Shortages,"Aug 16, 2021","Feb 07, 2018",00078-0467-91;00409-2336-10;00409-2337-25;47781-0624-07;52609-4504-06;52609-4505-06;63323-0597-10;63323-0599-30
Deferoxamine Injection,Resolved Shortages,"Aug 15, 2024","May 07, 2024",00078-0467-91;00409-2337-25;60505-6236-06;60505-6237-06;63323-0597-10;63323-0599-30
Deferoxamine mesylate injection,Resolved Shortages,"May 17, 2016","May 06, 2015",00078-0347-51;00078-0467-91;00409-2336-10;00409-2337-25;63323-0597-10;63323-0599-30
Degarelix Acetate Injection,Resolved Shortages,"Aug 19, 2019","May 01, 2019",55566-8303-01;55566-8403-01
Desiccated Thyroid Tablets,Resolved Shortages,"Feb 19, 2020","Sep 28, 2017",00456-0457-01;00456-0458-63;00456-0459-63;00456-0460-01;00456-0461-63;00456-0462-01;00456-0463-01;00456-0464-01;42192-0329-01;42192-0330-01;42192-0331-01;64727-3299-01;64727-3299-02;64727-3300-01;64727-3300-02;64727-3302-01;64727-3302-02;64727-3305-01;64727-3305-02;64727-3308-01;64727-3308-02;64727-5550-01;64727-5650-01;64727-5750-01;64727-5950-01
Desiccated Thyroid Tablets,Current Shortages,"Jun 17, 2025","Sep 22, 2020",00456-0458-01;00456-0459-01;00456-0460-01;00456-0461-01;00456-0462-01;00456-0463-01;00456-0464-01;00456-1045-01;42192-0327-01;42192-0328-01;42192-0329-01;42192-0330-01;42192-0331-01;64727-3298-01;64727-3298-02;64727-3299-01;64727-3299-02;64727-3300-01;64727-3300-02;64727-3302-01;64727-3302-02;64727-3305-01;64727-3305-02;64727-3308-01;64727-3308-02;64727-3312-01;64727-3312-02;64727-3320-01;64727-3320-02;64727-3340-01;64727-3340-02;64727-5550-01;64727-5650-01;64727-5750-01;64727-5950-01
Desmopressin Acetate Nasal Spray,Current Shortages,"Jul 10, 2025","Aug 13, 2020",00053-6871-00;24208-0342-05;47335-0788-91;55566-2500-00;60505-0815-00;68382-0384-01;69918-0501-05
Desmopressin Injection,Resolved Shortages,"Nov 07, 2016","Jun 18, 2015",00075-2451-01;00075-2451-53;00409-2265-01;00703-5051-03;00703-5054-01;55566-2200-00;55566-2300-00;55566-5030-01;55566-5040-01;62756-0529-40;69918-0899-10;69918-0901-10
Desmopressin Rhinal Tubes,Discontinued Drugs,"May 24, 2021","Nov 17, 2020",55566-2400-00
Dexamethasone 0.1% Ophthalmic Drops,Resolved Shortages,"May 17, 2016","Sep 01, 2015",00998-0615-05;24208-0720-02
Dexamethasone Oral Solution/Elixir,Current Shortages,"Aug 18, 2025","Apr 16, 2025",00054-3176-44;00054-3177-57;00054-3177-63;62135-0114-37;64980-0509-24
Dexamethasone Sodium Phosphate Injection,Current Shortages,"Aug 18, 2025","Aug 06, 2015",00641-0367-25;00641-6145-25;00641-6146-10;25021-0052-01;25021-0052-05;25021-0053-01;55150-0237-01;55150-0238-05;55150-0239-30;55150-0304-25;55150-0305-10;63323-0165-01;63323-0165-05;63323-0165-30;63323-0506-01;63323-0516-10;67457-0420-10;67457-0421-30;67457-0422-54;67457-0423-12;70069-0021-25;70069-0025-10;72485-0118-25;76045-0106-10;76045-0109-10;76045-0210-10;76045-0212-10
Dexmedetomidine Hydrochloride 100 mcg/mL Vials for Injection,Resolved Shortages,"Mar 15, 2022","Nov 07, 2018",00143-9532-25;00409-1638-02;16729-0239-93;42023-0146-25;44567-0600-04;44567-0601-04;55150-0209-02;63323-0421-02;66794-0233-02;67457-0251-02;70860-0605-03;71288-0505-03
Dexmedetomidine Hydrochloride 100 mcg/mL Vials for Injection,Current Shortages,"Aug 12, 2025","Jul 03, 2024",00143-9532-25;00409-1638-02;16729-0239-93;42023-0146-25;44567-0600-04;44567-0601-04;55150-0209-02;63323-0421-02;66794-0233-02;67457-0251-02;70069-0758-04;70069-0759-04;71288-0505-03;83634-0600-02
Dexmedetomidine Hydrochloride 4 mcg/mL Premix for Injection,Resolved Shortages,"Aug 20, 2019","Feb 15, 2018",00338-9555-24;00338-9557-12;00409-1660-10;00409-1660-20;00409-1660-50;44567-0602-24;44567-0603-24
Dexmedetomidine Hydrochloride 4 mcg/mL Premix for Injection,Resolved Shortages,"May 26, 2021","Apr 06, 2020",00338-9555-24;00338-9557-12;00409-1434-01;00409-1660-10;00409-1660-20;00409-1660-50;43598-0975-58;43598-0976-58;44567-0602-24;44567-0603-24;63323-0671-00;63323-0671-20;63323-0671-50;70121-1388-08;70121-1389-07;71225-0126-05;71225-0126-06
Dexmedetomidine Hydrochloride 4 mcg/mL Premix for Injection,Current Shortages,"Aug 12, 2025","Jun 02, 2025",00143-9525-10;00143-9526-10;00338-9555-24;00338-9557-12;00409-1434-01;00409-1596-10;00409-1660-20;00409-1660-50;25021-0615-50;25021-0615-51;43598-0975-58;43598-0976-58;44567-0602-24;44567-0603-24;55150-0296-10;55150-0297-10;63323-0671-00;63323-0671-20;63323-0671-50;66794-0234-44;66794-0235-41;70121-1388-08;70121-1389-07;70121-1711-09;70121-1712-02;71225-0132-02;71225-0133-02
Dexmedetomidine Hydrochloride in 0.9% Sodium Chloride Injection,Resolved Shortages,"Sep 19, 2017","Feb 22, 2017",00409-1660-10;00409-1660-20;00409-1660-50
Dexmethylphenidate Extended Release Capsules,Current Shortages,"Aug 07, 2025","May 26, 2023",00078-0433-05;00078-0609-05;00093-5045-01;00093-5046-01;00093-5550-01;00093-5551-01;00093-5552-01;00093-5553-01;00093-5554-01;00093-5562-01;00115-1709-01;00115-1710-01;00115-9918-01;00115-9919-01;00115-9920-01;00115-9921-01;00115-9922-01;00527-8106-37;00527-8107-37;00527-8108-37;00527-8109-37;00527-8110-37;00527-8111-37;00527-8112-37;00527-8113-37;31722-0229-01;31722-0230-01;31722-0231-01;31722-0232-01;31722-0233-01;31722-0234-01;31722-0235-01;31722-0236-01;49884-0048-01;49884-0049-01;49884-0248-01;49884-0333-01;49884-0339-01;49884-0428-01;49884-0430-01;49884-0546-01;66758-0235-01;66758-0236-01;66758-0237-01;66758-0238-01;66758-0239-01;66758-0242-01
Dexpanthenol Injection,Discontinued Drugs,"Sep 24, 2018","Jun 11, 2015",00517-0131-25
Dexrazoxane Hydrochloride Injection,Resolved Shortages,"Dec 05, 2024","Feb 13, 2024",00143-9247-01;00143-9248-01;55150-0434-01;55150-0437-01;72266-0101-01;72266-0235-01;72611-0716-01
Dexrazoxane Injection,Resolved Shortages,"Aug 13, 2020","Jul 01, 2015",00013-8717-62;00013-8727-89;00143-9247-01;00143-9248-01;66220-0110-01;67457-0207-25;67457-0208-50;72266-0101-01
"Dextran Low Molecular Weight (Dextran 40), 10% Injection",Resolved Shortages,"May 17, 2016","Sep 16, 2015",00409-7418-03;00409-7419-03
"Dextran Low Molecular Weight (Dextran 40), 10% Injection",Resolved Shortages,"Jan 27, 2022","Jul 13, 2021",00409-7418-03;00409-7419-03
"Dextran Low Molecular Weight (Dextran 40), 10% Injection",Resolved Shortages,"Aug 06, 2025","Oct 30, 2024",00409-7418-03;00409-7419-03
"Dextran Low Molecular Weight (Dextran 40), 10% Injection",Current Shortages,"Aug 13, 2025","Aug 13, 2025",00409-7418-03;00409-7419-03
Dextroamphetamine Extended-Release Capsules,Current Shortages,"Aug 07, 2025","Jul 16, 2025",45963-0303-09;45963-0304-09;45963-0305-09;64896-0674-10
Dextrose Oral Gel,Resolved Shortages,"May 17, 2023","Mar 21, 2022",00574-0069-15;00574-0069-30;00574-0069-45;00574-0070-30
Diazepam Injection,Resolved Shortages,"Dec 23, 2019","Jun 06, 2017",00409-1273-32;00409-3213-12;69339-0136-32
Diazepam Injection,Resolved Shortages,"May 18, 2023","Jul 18, 2022",00409-1273-32;00409-3213-12;00641-6244-10;69339-0136-34;69339-0137-05
Diazepam Injection,Current Shortages,"Aug 06, 2025","Jan 11, 2024",00409-1273-32;00409-3213-12;00641-6243-10;00641-6244-10;69339-0136-34;69339-0137-05;76045-0204-20
Diazepam Oral Solution,Current Shortages,"Aug 19, 2025","Dec 21, 2021",00054-3185-44;00054-3188-63;00527-1768-36;62135-0767-47;62135-0768-43
Diazepam Rectal Gel,Resolved Shortages,"Jan 29, 2024","May 25, 2022",00187-0658-20;00187-0659-20;66490-0650-20;68682-0650-20;68682-0652-20;68682-0655-20
Diazoxide Oral Suspension,Resolved Shortages,"Apr 07, 2023","Nov 16, 2022",00254-1010-19;00575-6200-30;13517-0100-30
Dibucaine Ointment,Resolved Shortages,"Jan 12, 2017","Jun 18, 2015",00168-0046-31;45802-0050-03;54162-0011-01;55741-0402-02
Dibucaine Ointment,Resolved Shortages,"Dec 28, 2020","May 08, 2020",00536-1211-95;45802-0050-03
Diclofenac 0.1% Ophthalmic Solution,Resolved Shortages,"Dec 06, 2023","Feb 07, 2018",16571-0101-25;16571-0101-50;24208-0457-05;61314-0014-05;61314-0014-25
Diclofenac Potassium Tablets,Resolved Shortages,"Aug 14, 2020","Feb 28, 2019",00093-0948-01;00093-0948-05;00378-2474-01
Diclofenac Sodium 1% Topical Gel,Resolved Shortages,"Jul 17, 2019","Mar 14, 2019",49884-0935-47;63481-0684-47;63481-0684-83;65162-0833-66;69097-0524-44
Diclofenac Sodium 1% Topical Gel,Discontinued Drugs,"Nov 21, 2024","Aug 22, 2023",65162-0833-66;69097-0524-44
Dicloxacillin Sodium Capsules,Current Shortages,"Sep 05, 2023","Aug 18, 2021",00093-3123-01;00093-3125-01;00781-2248-01;00781-2258-01
Dicyclomine Injection,Resolved Shortages,"Aug 22, 2019","Jan 16, 2019",00517-1980-05;00641-6173-10;14789-0010-02;17478-0015-02;58914-0080-52
Dicyclomine Oral Presentations,Current Shortages,"Aug 19, 2025","Jan 22, 2019",00054-0622-63;00054-0748-25;00054-0748-31;00143-1227-01;00143-1227-10;00378-1610-01;00378-1610-05;00378-1620-01;00378-1620-05;00527-0586-01;00527-0586-10;00527-1282-01;00527-1282-10;00591-0794-01;00591-0794-10;00591-0795-01;00591-0795-10;00603-1161-58
Difluprednate Ophthalmic Emulsion,Current Shortages,"Aug 09, 2025","Apr 17, 2024",00781-6000-78;66758-0086-75;69238-1380-03;76282-0708-50
Digoxin Injection,Resolved Shortages,"May 17, 2016","Aug 12, 2015",00641-1410-35;00781-3059-95;24987-0260-10;24987-0262-10
Digoxin Injection,Resolved Shortages,"Aug 17, 2022","May 19, 2021",00641-1410-35;00781-3059-95;70515-0260-10;70515-0261-10;70515-0262-10;70515-0263-10
Digoxin Injection,Resolved Shortages,"Mar 21, 2024","Jan 30, 2023",00641-1410-35;00781-3059-95;70515-0260-10;70515-0261-10;70515-0262-10;70515-0263-10
Dihydroergotamine Mesylate Injection,Resolved Shortages,"Aug 17, 2017","Jul 13, 2016",00574-0850-05;00574-0850-10;66490-0041-01
Dihydroergotamine Mesylate Injection,Current Shortages,"Aug 09, 2025","Aug 08, 2024",00143-9273-10;81284-0411-05;81284-0411-10
Diltiazem Extended-Release Capsules (Twice-Daily Dosing),Resolved Shortages,"Jan 06, 2017","Oct 04, 2016",00378-6060-01;00378-6090-01;00378-6120-01;51079-0924-20;51079-0925-20;51079-0926-20
Diltiazem Extended-Release Capsules (Twice-Daily Dosing),Resolved Shortages,"May 30, 2019","Nov 28, 2018",00378-6060-01;00378-6090-01;00378-6120-01;51079-0924-20;51079-0925-20;51079-0926-20
Diltiazem Hydrochloride Injection,Resolved Shortages,"Apr 24, 2024","Jun 01, 2015",00409-4350-03;00641-6013-10;00641-6014-10;00641-6015-10;55150-0425-10;55150-0426-10;55150-0427-10;70860-0301-05;70860-0301-10;70860-0301-25
Diltiazem Hydrochloride Injection,Current Shortages,"Aug 06, 2025","Jan 29, 2025",00409-4350-03;00641-6013-10;00641-6014-10;00641-6015-10;25021-0319-05;25021-0319-10;25021-0319-25;44567-0662-10;55150-0425-10;55150-0426-10;55150-0427-10
Dimenhydrinate Injection,Current Shortages,"Aug 14, 2025","Aug 14, 2025",63323-0366-01
Dimercaprol Injection,Discontinued Drugs,"May 26, 2023","May 11, 2020",17478-0526-03
Diphenhydramine Injection,Resolved Shortages,"Nov 30, 2020","Aug 21, 2018",00409-2290-31;00641-0376-25;63323-0664-01;67457-0124-10;72485-0101-25;76045-0102-10
Diphenhydramine Injection,Resolved Shortages,"May 14, 2025","Mar 14, 2022",00641-0376-25;25021-0481-01;63323-0664-01;67457-0124-10;72485-0101-05;72485-0101-25;76045-0102-10
Diphenoxylate Hydrochloride and Atropine Hydrochloride Oral Solution,Discontinued Drugs,"Nov 08, 2024","Sep 04, 2024",00054-3194-46
Dipyridamole Injection,Resolved Shortages,"May 17, 2016","Jan 13, 2016",00641-2569-44
Dipyridamole Injection,Resolved Shortages,"Oct 01, 2018","Sep 13, 2017",00641-2569-44
Disopyramide Phosphate Controlled-Release Capsules,Resolved Shortages,"May 26, 2016","Jun 01, 2015",00025-2732-31;00025-2732-51;00025-2742-31;00025-2742-51
Disopyramide Phosphate Controlled-Release Capsules,Resolved Shortages,"Mar 23, 2018","Feb 09, 2017",00025-2732-31;00025-2732-51;00025-2742-31;00025-2742-51
Disopyramide Phosphate Controlled-Release Capsules,Resolved Shortages,"Jan 28, 2022","Oct 28, 2020",00025-2732-31;00025-2742-31
Disulfiram Tablets,Resolved Shortages,"Jan 07, 2021","Oct 01, 2019",00093-5035-01;00093-5036-01;47781-0607-30
Disulfiram Tablets,Resolved Shortages,"May 16, 2025","Jul 23, 2024",47781-0607-30;62135-0431-30;62135-0431-90;62135-0432-30;62135-0432-90
Dobutamine Injection,Current Shortages,"Aug 06, 2025","Mar 01, 2017",00143-9141-10;00338-1073-02;00338-1075-02;00338-1077-02;00409-2344-01;00409-2344-02;00409-2346-32;00409-2347-32;00409-3724-32;70436-0203-82
Docetaxel Injection,Current Shortages,"Jul 09, 2025","Feb 27, 2023",00143-9204-01;00143-9205-01;00409-0201-02;00409-0201-10;00409-0201-20;00409-0366-01;00409-0367-01;00409-0368-01;00955-1020-01;00955-1021-04;00955-1022-08;16729-0267-63;16729-0267-64;16729-0267-65;25021-0245-01;25021-0245-04;25021-0254-08;25021-0254-16;43066-0001-01;43066-0006-01;43066-0010-01;45963-0734-54;45963-0765-52;50742-0428-02;50742-0431-08;50742-0463-16;55150-0378-01;55150-0379-01;55150-0380-01;66758-0050-01;66758-0050-02;66758-0050-03;67457-0531-02;67457-0532-08;67457-0533-16;67457-0781-08;70121-1221-01;70121-1222-01;70121-1223-01;71288-0144-08;71288-0144-16;72485-0214-01;72485-0215-04;72485-0216-08
Docusate Sodium Oral Liquid in Bulk Bottles,Resolved Shortages,"Aug 11, 2021","Aug 19, 2019",50383-0771-16;54838-0107-80;54838-0116-80;57896-0403-16;57896-0409-16
Dofetilide Capsules,Resolved Shortages,"Jun 12, 2025","Apr 26, 2023",00069-5800-60;00069-5800-61;00069-5810-60;00069-5810-61;00069-5820-60;00069-5820-61;00904-7522-08;00904-7523-08;00904-7524-08;16729-0490-12;16729-0491-12;16729-0492-12;47335-0061-86;47335-0062-86;47335-0063-86;69452-0131-17;69452-0132-17;69452-0133-17;72205-0039-60;72205-0040-60;72205-0041-60
Dolasetron Mesylate Injection,Resolved Shortages,"Jul 14, 2017","Feb 29, 2016",00088-1206-32;00088-1208-06;00088-1209-26
Dopamine Hydrochloride Injection,Resolved Shortages,"May 16, 2021","Jun 08, 2016",00143-9252-25;00143-9254-25;00338-1005-02;00338-1005-03;00338-1007-02;00338-1007-03;00338-1009-02;00409-5820-01;00409-7809-22;00409-7809-24;00409-7810-22;00409-9104-20
Dopamine Hydrochloride Injection,Current Shortages,"Aug 19, 2025","Mar 09, 2022",00143-9252-25;00143-9254-25;00338-1005-02;00338-1005-03;00338-1007-02;00338-1007-03;00338-1009-02;00409-5820-01;00409-7809-22;00409-7809-24;00409-7810-22;00409-9104-20
Dorzolamide 2% and Timolol 0.5% Ophthalmic Solution,Resolved Shortages,"May 27, 2021","Oct 30, 2017",17478-0604-30;17478-0605-10;24208-0486-10;50383-0233-10;61314-0030-02
Dorzolamide Ophthalmic Solution,Resolved Shortages,"May 04, 2022","Oct 30, 2017",00006-3519-36;00093-7618-43;00591-2481-79;24208-0485-10;50383-0232-10;61314-0019-10
Dorzolamide Ophthalmic Solution,Current Shortages,"Jul 18, 2025","Jun 19, 2024",24208-0485-10;42571-0141-26;61314-0019-10;69315-0304-10;70069-0501-01
Doxazosin Extended Release Oral Tablets,Current Shortages,"Jul 11, 2025","May 05, 2025",58151-0078-93;58151-0079-93
Doxercalciferol Capsules,Resolved Shortages,"Oct 07, 2024","Oct 29, 2020",00955-1720-50;00955-1721-50;00955-1722-50;23155-0538-25;23155-0539-25;23155-0540-25;62135-0450-30;62135-0451-30;62135-0452-30
Doxorubicin Injection,Current Shortages,"Aug 19, 2025","Jul 02, 2015",00069-0277-02;00069-0343-02;00069-0358-20;00069-1542-20;00143-9084-01;00143-9085-01;00143-9086-01;00143-9087-01;00143-9092-01;00143-9093-01;25021-0207-25;25021-0207-51;45963-0733-55;45963-0733-57;45963-0733-60;45963-0733-68;63323-0101-61;63323-0883-05;63323-0883-30;67457-0436-50
Doxorubicin Liposomal Injection,Resolved Shortages,"Oct 29, 2015","Jun 16, 2015",47335-0049-40;47335-0050-40;59676-0960-01;59676-0960-02
Doxorubicin Liposomal Injection,Resolved Shortages,"Jun 02, 2025","Jul 19, 2023",00338-0063-01;00338-0067-01;43598-0283-35;43598-0541-25;47335-0049-40;47335-0050-40;70710-1530-01;70710-1531-01
Doxycycline Hyclate Injection,Resolved Shortages,"Jul 08, 2016","Mar 24, 2016",63323-0130-11
Doxycycline Hyclate Injection,Resolved Shortages,"May 21, 2018","Oct 30, 2017",63323-0130-11;67457-0437-10
Doxycycline Hyclate Injection,Resolved Shortages,"Dec 23, 2020","May 01, 2019",63323-0130-11;67457-0437-10;68382-0910-10
Doxycycline Oral Suspension,Resolved Shortages,"Mar 22, 2024","Nov 16, 2021",00069-0970-65;00069-0971-95;62135-0417-46;68180-0657-01;69097-0228-43
Dronabinol Capsules,Current Shortages,"Jul 31, 2025","Dec 06, 2023",42858-0867-06;42858-0868-06;42858-0869-06;67877-0753-60;67877-0754-60;67877-0755-60
Droperidol Injection,Resolved Shortages,"Mar 01, 2019","Mar 01, 2019",00517-9702-25
Droperidol Injection,Resolved Shortages,"Sep 21, 2020","Oct 15, 2019",00409-1187-01;00517-9702-25
Droperidol Injection,Resolved Shortages,"Jul 13, 2021","Nov 11, 2020",00517-9702-25
Droperidol Injection,Resolved Shortages,"Jul 18, 2022","Mar 15, 2022",00517-9702-25
Droperidol Injection,Resolved Shortages,"Jul 09, 2025","Oct 23, 2024",00143-9514-25;00143-9515-25;00517-9702-25
Dulaglutide Injection,Current Shortages,"Jul 17, 2025","Aug 19, 2022",00002-1433-80;00002-1434-80;00002-2236-80;00002-3182-80
Duloxetine Delayed Release Sprinkle Capsules,Resolved Shortages,"Jul 09, 2024","Jul 11, 2022",47335-0616-30;47335-0617-30;47335-0618-30;47335-0619-30
Dupilumab Injection,Resolved Shortages,"May 29, 2025","May 07, 2025",00024-5914-01;00024-5915-02;00024-5918-01;00024-5919-02
Echothiophate Iodide Ophthalmic Drops,Discontinued Drugs,"Feb 09, 2021","Jan 07, 2020",00046-1065-05
Edrophonium Injection,Discontinued Drugs,"Dec 29, 2017","Dec 29, 2017",67457-0190-15
Eflornithine Hydrochloride Cream,Discontinued Drugs,"Mar 30, 2023","Jun 11, 2018",00023-4857-45
Electrolyte Concentrate,Discontinued Drugs,"Feb 12, 2018","Sep 17, 2015",00517-2000-25;00517-2020-25;00517-3120-25
Enalaprilat Injection,Resolved Shortages,"Aug 01, 2016","Nov 17, 2015",00143-9786-10;00143-9787-10;00409-2122-01;00409-2122-02
Enalaprilat Injection,Resolved Shortages,"Apr 12, 2021","Oct 31, 2018",00143-9786-10;00143-9787-10
Enalaprilat Injection,Resolved Shortages,"Nov 08, 2023","Jun 14, 2023",00143-9786-10;00143-9787-10
Enoxaparin Sodium Injection,Resolved Shortages,"Dec 20, 2021","Sep 05, 2018",00075-0620-40;00075-0621-60;00075-0622-80;00075-0623-00;00075-0624-30;00075-0626-03;00075-2912-01;00075-2915-01;00548-5601-00;00548-5602-00;00548-5603-00;00548-5604-00;00548-5605-00;00548-5606-00;00548-5607-00;00703-8510-23;00703-8530-23;00703-8540-23;00703-8560-23;00703-8580-23;00703-8610-23;00703-8680-23;00955-1003-10;00955-1004-10;00955-1006-10;00955-1008-10;00955-1010-10;00955-1012-10;00955-1015-10;00955-1016-01;60505-0791-04;60505-0792-04;60505-0793-04;60505-0794-04;60505-0795-04;60505-0796-04;60505-0798-04;63323-0531-90;63323-0533-83;63323-0535-87;63323-0539-03;63323-0559-93;63323-0566-98;63323-0568-88;63323-0584-99;63323-0586-96;63323-0589-94;63323-0605-84;63323-0655-99
Ephedrine injection,Resolved Shortages,"May 26, 2016","Jun 08, 2015",14789-0014-01;17478-0515-00;66758-0008-02
Ephedrine Injection,Current Shortages,"Aug 19, 2025","Apr 21, 2025",00641-6236-10;00641-6238-25;00781-3269-95;14789-0250-10;14789-0251-10;14789-0252-10;25021-0836-01;42023-0216-25;42023-0243-01;43598-0735-25;51754-4200-24;51754-4250-03;70069-0819-10
Epinephrine Auto-Injectors,Current Shortages,"Aug 09, 2025","May 03, 2018",00093-5985-27;00093-5986-27;00115-1694-49;00115-1695-49;00781-3442-20;49502-0101-02;49502-0102-02;49502-0500-02;49502-0501-02;60842-0021-01;60842-0022-01;60842-0023-01
Epinephrine Injection,Resolved Shortages,"Feb 24, 2017","Jun 11, 2015",00409-4901-18;00409-4921-34;00409-7241-01;42023-0159-25;42023-0168-01;54288-0103-10;76329-3316-01;76329-9061-00
Epinephrine Injection,Resolved Shortages,"Aug 18, 2025","May 04, 2017",00409-4933-01;42023-0159-25;42023-0168-01;54288-0103-10;54288-0120-01;63323-0696-25;63323-0698-30;76329-3318-01;76329-9060-00
Epoetin Alfa Injection,Resolved Shortages,"Jun 27, 2025","Jun 27, 2022",00069-1305-10;00069-1306-10;00069-1307-10;00069-1308-10;00069-1309-04;00069-1311-10;00069-1318-10;55513-0126-10;55513-0144-10;55513-0148-10;55513-0267-10;55513-0283-10;55513-0478-10;59676-0302-01;59676-0303-01;59676-0304-01;59676-0310-01;59676-0310-02;59676-0312-04;59676-0320-04;59676-0340-01
Epoprostenol Injection and Sterile Diluent,Resolved Shortages,"Jul 14, 2023","Sep 15, 2021",00173-0517-00;00173-0519-00;00173-0857-02;00703-1985-01;00703-1995-01;00703-9258-09;62756-0059-40;62756-0060-40;66215-0402-01;66215-0403-01
Eptifibatide Injection,Resolved Shortages,"Aug 11, 2016","Sep 23, 2015",00085-1136-01;00085-1177-01;00085-1177-02;55150-0218-99;55150-0219-10;55150-0220-99
Eptifibatide Injection,Current Shortages,"Jul 28, 2025","May 20, 2020",00338-9558-10;25021-0408-51;25021-0409-10;55150-0218-99;55150-0219-10;55150-0220-99;67457-0629-10;67457-0630-10;67457-0631-10;70121-1002-01;70121-1003-01;70436-0026-80;70436-0027-80;70860-0305-51
Erythromycin Lactobionate Injection,Resolved Shortages,"Sep 23, 2019","Jul 11, 2016",00409-6476-44;00409-6482-01
Erythromycin Lactobionate Injection,Resolved Shortages,"Mar 30, 2020","Dec 09, 2019",00409-6476-44;00409-6482-01
Erythromycin Lactobionate Injection,Current Shortages,"Aug 06, 2025","Apr 21, 2025",00409-6476-44;00409-6482-01;14789-0116-05
Erythromycin Ophthalmic Ointment,Resolved Shortages,"Aug 14, 2020","Mar 01, 2019",00574-4024-35;00574-4024-39;00574-4024-50;17478-0070-31;17478-0070-35;24208-0910-19;24208-0910-55
Erythromycin Ophthalmic Ointment,Resolved Shortages,"Jul 26, 2024","Jul 08, 2022",24208-0910-19;24208-0910-55;72485-0670-31;72485-0670-35
Esmolol Injection,Resolved Shortages,"Nov 07, 2023","Jan 28, 2022",01001-9055-61;01001-9075-87;01001-9115-01;01001-9120-01;25021-0308-84;25021-0309-82;44567-0450-10;44567-0451-10;44567-0811-10;44567-0812-10;55150-0194-10;63323-0652-10;67457-0182-10;67457-0657-25;67457-0685-10
Esmolol Injection,Resolved Shortages,"Jun 23, 2025","Jul 16, 2024",10019-0055-61;10019-0075-87;10019-0120-01;25021-0308-84;25021-0309-82;44567-0450-10;44567-0451-10;44567-0811-10;44567-0812-10;55150-0194-10;63323-0652-10;67457-0182-10;67457-0657-25;67457-0658-10;70121-1716-07;70121-1717-07
Estradiol and Norethindrone Acetate Transdermal System (Combipatch),Resolved Shortages,"Oct 17, 2024","Sep 12, 2024",68968-0514-08;68968-0525-08
Estradiol Cypionate Injection,Resolved Shortages,"Oct 13, 2023","May 27, 2022",00009-0271-01
Estradiol Cypionate Injection,Resolved Shortages,"Dec 15, 2024","Jul 09, 2024",00009-0271-01
Estradiol Vaginal System,Resolved Shortages,"Feb 12, 2024","Feb 05, 2024",00013-1042-01
Estradiol Vaginal System,Resolved Shortages,"May 06, 2024","Feb 26, 2024",00013-1042-01
Estradiol Valerate Injection,Resolved Shortages,"Jun 12, 2017","Jun 17, 2015",00574-0870-05;00574-0872-05;42023-0110-01;42023-0111-01;42023-0112-01
Estradiol Valerate Injection,Resolved Shortages,"Nov 01, 2018","May 08, 2018",00574-0870-05;00574-0872-05;42023-0110-01;42023-0111-01;42023-0112-01
Estradiol Valerate Injection,Resolved Shortages,"Jul 25, 2019","Jun 06, 2019",00574-0870-05;00574-0872-05;42023-0110-01;42023-0111-01;42023-0112-01
Ethambutol Tablets,Resolved Shortages,"May 26, 2016","May 06, 2015",00555-0923-02;61748-0011-01;61748-0014-01;68180-0280-01;68180-0281-01;68850-0010-01;68850-0012-01;68850-0012-02
Ethambutol Tablets,Resolved Shortages,"May 09, 2022","Jun 09, 2020",00555-0923-02;54879-0001-01;54879-0002-01;68180-0280-01;68180-0281-01;68850-0012-01;68850-0012-02
Ethiodized Oil,Resolved Shortages,"Sep 17, 2019","Jun 03, 2015",67684-1901-02
Etomidate Injection,Resolved Shortages,"May 07, 2021","Aug 13, 2015",00143-9506-10;00143-9507-10;00409-6695-01;00409-6695-02;00409-8060-29;55150-0221-10;55150-0222-20;67457-0902-10;67457-0903-20;72266-0146-10;72266-0147-10
Etomidate Injection,Current Shortages,"Jul 29, 2025","Oct 05, 2022",00143-9506-10;00143-9507-10;00409-6695-01;00409-6695-02;55150-0221-10;55150-0222-20;65219-0445-10;65219-0447-10;67457-0902-10;67457-0903-20;7020-4088-7;72266-0146-10;72266-0147-10;72485-0508-10;72485-0509-10
Etoposide Phosphate Injection,Resolved Shortages,"Oct 08, 2017","Aug 30, 2016",00015-3404-20
Etoposide Phosphate Injection,Resolved Shortages,"Mar 06, 2018","Feb 05, 2018",00015-3404-20
Etoposide Solution for Injection,Resolved Shortages,"Dec 10, 2018","Dec 21, 2017",00143-9510-01;00143-9511-01;00143-9512-01;00703-5653-01;00703-5656-01;00703-5657-01;16729-0114-08;16729-0114-11;16729-0114-31;63323-0104-05;63323-0104-25;63323-0104-50
Etoposide Solution for Injection,Resolved Shortages,"Apr 28, 2025","Jan 31, 2024",00143-9510-01;00143-9511-01;00143-9512-01;16729-0114-08;16729-0114-11;16729-0114-31;63323-0104-05;63323-0104-25;63323-0104-50
Exactamix Valve Sets,Resolved Shortages,"Mar 10, 2023","Apr 15, 2022",
Exenatide Extended-Release Suspension for Injection,Discontinued Drugs,"Feb 10, 2025","Mar 20, 2019",00310-6530-04;00310-6540-04
Exenatide Injection,Discontinued Drugs,"Nov 18, 2024","Nov 18, 2024",00310-6512-01;00310-6524-01
Ezetimibe and Atorvastatin Tablets,Discontinued Drugs,"May 08, 2018","Sep 09, 2015",66582-0320-30;66582-0320-54;66582-0321-30;66582-0321-54;66582-0322-30;66582-0322-54;66582-0323-30;66582-0323-54
Famotidine Injection,Resolved Shortages,"Jul 29, 2019","Sep 08, 2015",00338-5197-41;00641-6021-10;00641-6022-25;00641-6023-25;63323-0738-04;63323-0738-20;63323-0739-12
Famotidine Injection,Resolved Shortages,"Oct 24, 2023","Apr 30, 2020",00338-5197-41;00641-6021-10;00641-6022-25;00641-6023-25;63323-0738-09;63323-0738-20;63323-0739-12;67457-0433-22;67457-0448-43;67457-0457-20
Famotidine Tablets,Resolved Shortages,"Sep 01, 2022","Dec 04, 2019",00172-5728-60;00172-5728-70;00172-5728-80;00172-5729-60;00172-5729-70;00187-4420-10;00187-4420-30;00187-4440-10;00187-4440-30;00536-1298-01;62332-0001-31;62332-0001-91;62332-0002-31;62332-0002-71;62332-0002-91
Fat Emulsion,Resolved Shortages,"Jan 15, 2016","Jan 14, 2016",00264-4460-00;00264-4460-10;00264-4460-30;00338-0519-09;00338-0519-13;00338-0519-14;00338-0519-58;00338-0520-13;00409-6892-03;00409-9790-02;00409-9790-03;00409-9791-02;00409-9791-03
Fat Emulsion,Resolved Shortages,"Sep 12, 2023","Aug 18, 2021",00264-4460-00;00264-4460-10;00264-4460-30;00338-9540-05;00338-9540-06;00338-9540-07;00338-9540-08;63323-0820-00;63323-0820-10;63323-0820-50;63323-0820-74;65219-0531-10;65219-0533-25;65219-0535-50;65219-0537-50;65219-0539-10
Fenoldopam Mesylate Injection,Discontinued Drugs,"Jul 14, 2023","Jun 11, 2015",00409-2304-01;00409-2304-02;00409-3373-01;00409-3373-02
Fentanyl Citrate Injection,Current Shortages,"Aug 06, 2025","May 08, 2017",00409-9094-22;00409-9094-25;00409-9094-28;00409-9094-31;00409-9094-61;00641-6027-25;00641-6028-25;00641-6029-01;00641-6030-01;00641-6247-25;00641-6248-10;00641-6249-10;63323-0806-01;63323-0806-02;63323-0806-05;63323-0806-20;63323-0806-50;63323-0808-11
Fentanyl Transdermal System,Current Shortages,"Jul 11, 2024","May 01, 2023",00378-9119-98;00378-9121-98;00378-9122-98;00378-9123-98;00378-9124-98;00378-9125-98;00378-9126-98;00378-9127-98;47781-0423-47;47781-0424-47;47781-0426-47;47781-0427-47;47781-0428-47
Ferric Subsulfate Solution,Resolved Shortages,"Dec 20, 2023","Jun 07, 2023",48783-0112-08;59365-6065-01
Ferrous Sulfate Oral Pediatric Drops,Resolved Shortages,"Jan 31, 2017","Aug 11, 2016",00087-0740-02;00536-0710-80;00904-6060-50;39328-0057-50;50383-0627-50
Floxuridine Injection,Resolved Shortages,"Feb 13, 2023","Oct 14, 2020",00143-9270-01
Fluconazole Injection,Resolved Shortages,"Jan 12, 2021","May 11, 2017",00338-6045-37;00338-6046-48;00409-4688-12;00409-4688-18;25021-0184-82;25021-0184-87;70655-0002-06;70655-0088-06
Fluconazole Injection,Resolved Shortages,"Jul 01, 2025","Aug 09, 2024",00338-6045-37;00338-6046-48;00409-3435-24;00409-4321-24;25021-0184-82;25021-0184-87;69784-0002-06;69784-0003-06;69784-0261-24
Fludarabine Injection,Resolved Shortages,"Oct 04, 2017","Jan 09, 2017",25021-0237-06;25021-0242-02;45963-0309-55;45963-0621-51;61703-0344-18;63323-0192-02
Fludarabine Injection,Resolved Shortages,"Apr 07, 2024","Dec 17, 2019",25021-0242-02;45963-0609-55;59923-0604-02;63323-0192-02
Fludrocortisone Acetate Tablets,Resolved Shortages,"Oct 23, 2019","Oct 25, 2018",00115-7033-01;00115-7033-02;00555-0997-02
Flumazenil Injection,Resolved Shortages,"Jan 31, 2017","Jun 15, 2015",00143-9783-10;00143-9784-10;63323-0424-05;63323-0424-10;67457-0444-10;67457-0447-53
Flumazenil Injection,Resolved Shortages,"May 30, 2019","Nov 06, 2018",00143-9783-10;00143-9784-10;36000-0148-10;36000-0149-10;63323-0424-05;63323-0424-10;67457-0447-53
Flumazenil Injection,Resolved Shortages,"Aug 30, 2022","Sep 02, 2021",00143-9783-10;00143-9784-10;36000-0148-10;36000-0149-10;63323-0424-05;63323-0424-10
Flumazenil Injection,Resolved Shortages,"Nov 11, 2024","Mar 04, 2024",00143-9783-10;00143-9784-10;36000-0148-10;36000-0149-10;63323-0424-05;63323-0424-10
Fluocinolone Acetonide Intravitreal Implant,Current Shortages,"Aug 04, 2025","Aug 04, 2025",68611-0180-01;68611-0190-02
Fluocinolone Acetonide Shampoo,Discontinued Drugs,"May 22, 2024","May 16, 2023",00299-5500-04
Fluorescein Sodium and Benoxinate Hydrochloride Ophthalmic Solution,Resolved Shortages,"Aug 30, 2016","May 17, 2016",17238-0501-05;54799-0508-05;59390-0206-05
Fluorescein Sodium and Benoxinate Hydrochloride Ophthalmic Solution,Resolved Shortages,"Jun 27, 2018","May 03, 2018",54799-0508-05;59390-0206-05
Fluorescein Sodium and Benoxinate Hydrochloride Ophthalmic Solution,Resolved Shortages,"Jan 09, 2025","Nov 20, 2024",59390-0218-05;82260-0734-05
Fluorescein Sodium and Proparacaine Hydrochloride Ophthalmic Solution,Current Shortages,"Jun 15, 2025","Jul 26, 2019",54799-0507-21;59390-0205-05
Fluorescein Sodium Injection,Resolved Shortages,"Jan 10, 2023","Jun 02, 2022",00065-0092-65;17478-0250-20;17478-0253-10
Fluorescein Sodium Injection,Resolved Shortages,"Dec 14, 2023","Mar 17, 2023",00065-0092-65;14789-0122-05;17478-0250-20;17478-0253-10
Fluorescein Sodium Ophthalmic Strips,Resolved Shortages,"Feb 23, 2023","Nov 03, 2017",17238-0900-11;17238-0900-30;17478-0403-03;17478-0404-01
Fluorescein Sodium Ophthalmic Strips,Discontinued Drugs,"Aug 20, 2024","Aug 20, 2024",17238-0900-11;17238-0900-30
Fluorescein Sodium Ophthalmic Strips,Current Shortages,"Apr 10, 2025","Apr 09, 2025",51801-0009-40
Fluorometholone Ophthalmic Ointment,Discontinued Drugs,"Apr 24, 2024","Nov 20, 2019",00023-0316-04
Fluorouracil Injection,Resolved Shortages,"Oct 21, 2016","Jan 28, 2016",00703-3015-13;00703-3018-12;00703-3019-12;16729-0276-11;16729-0276-38;16729-0276-67;16729-0276-68;63323-0117-10;63323-0117-20;63323-0117-51;63323-0117-61
Fluorouracil Injection,Resolved Shortages,"Jun 06, 2019","Feb 28, 2018",00703-3015-13;00703-3018-12;00703-3019-12;16729-0276-11;16729-0276-38;16729-0276-67;16729-0276-68;25021-1215-98;25021-1215-99;63323-0117-10;63323-0117-20;63323-0117-51;63323-0117-61
Fluorouracil Injection,Current Shortages,"Aug 18, 2025","Jan 09, 2023",16729-0276-11;16729-0276-38;16729-0276-67;16729-0276-68;25021-1215-98;25021-1215-99;55150-0498-01;55150-0499-01;62332-0751-50;62332-0779-31;63323-0117-10;63323-0117-20;63323-0117-51;63323-0117-61;70700-0186-23;70700-0187-23;70700-0188-22;70700-0189-22
Fluphenazine Hydrochloride Injection,Resolved Shortages,"Jun 28, 2021","May 19, 2021",63323-0281-10
Fluphenazine Tablets,Resolved Shortages,"May 29, 2019","Oct 02, 2018",00527-1788-01;00527-1789-01;00527-1790-01;00527-1790-05;00527-1791-01;00527-1791-05
Flurandrenolide Tape,Resolved Shortages,"Nov 10, 2016","May 26, 2016",00023-5870-80;52544-0044-24
Flurazepam Capsules,Resolved Shortages,"Nov 17, 2023","Apr 25, 2019",00378-4415-01;00378-4430-01;62135-0736-90;62135-0737-90
Flurazepam Capsules,Resolved Shortages,"Jul 17, 2025","Nov 10, 2023",00378-4415-01;00378-4430-01;62135-0736-30;62135-0736-90;62135-0737-30;62135-0737-90
Flurbiprofen Sodium Ophthalmic Solution,Resolved Shortages,"Jul 31, 2018","Aug 16, 2017",24208-0314-25;69292-0722-25
Fluticasone and Salmeterol Powder for Inhalation,Resolved Shortages,"Jan 10, 2020","Mar 07, 2019",00093-3607-82;00093-3608-82;00093-3609-82;59310-0805-06;59310-0812-06;59310-0822-06
Fluticasone Propionate Oral Inhalers,Resolved Shortages,"Jan 26, 2024","Mar 30, 2020",00173-0600-02;00173-0601-00;00173-0601-02;00173-0602-00;00173-0602-02;00173-0718-20;00173-0719-20;00173-0720-20;66993-0078-96;66993-0079-96;66993-0080-96;66993-0790-97;66993-0791-97;66993-0792-97
Fluvastatin Capsules,Resolved Shortages,"May 13, 2020","May 06, 2019",00093-7442-01;00093-7443-01;00378-8020-77;00378-8020-93;00378-8021-77;00378-8021-93
Fluvoxamine Maleate Extended-Release Capsules,Resolved Shortages,"Apr 14, 2025","Feb 13, 2024",00228-2848-03;00228-2849-03;10370-0175-11;10370-0176-11
Folic Acid Injection,Resolved Shortages,"Jan 14, 2018","Sep 20, 2017",63323-0184-10
Folic Acid Injection,Resolved Shortages,"Mar 11, 2019","Jan 14, 2019",63323-0184-10
Folic Acid Injection,Resolved Shortages,"Mar 23, 2022","Sep 29, 2021",39822-1100-01;63323-0184-10
Folic Acid Injection,Resolved Shortages,"Jun 05, 2023","Mar 07, 2023",39822-1100-01;63323-0184-10
Follitropin Beta,Resolved Shortages,"Aug 15, 2016","May 18, 2016",00052-0313-01;00052-0316-01;00052-0326-01
Fomepizole Injection,Resolved Shortages,"Sep 08, 2016","May 29, 2015",00781-3182-73;00781-3182-84;39822-0710-01;67457-0211-02
Fomepizole Injection,Resolved Shortages,"Oct 02, 2018","Feb 07, 2018",00517-0710-01;39822-0710-01;67457-0211-02
Fosphenytoin Sodium Injection,Resolved Shortages,"Jun 02, 2024","Apr 14, 2022",00069-6001-21;00069-6001-25;00641-6136-25;00641-6137-10;63323-0403-02;63323-0403-10;68462-0621-54;68462-0622-54
Furosemide Injection,Resolved Shortages,"Nov 09, 2016","Jul 10, 2015",00409-1639-10;00409-6102-02;00409-6102-04;00409-6102-10;00409-9631-04;00517-5702-25;00517-5704-25;00517-5710-25;36000-0063-05;36000-0064-05;36000-0065-05;36000-0282-25;36000-0283-25;36000-0284-25;63323-0280-02;63323-0280-04;63323-0280-10
Furosemide Injection,Current Shortages,"Aug 06, 2025","May 18, 2017",00409-6102-02;00409-6102-04;00409-6102-10;23155-0473-41;23155-0474-41;23155-0476-41;25021-0311-02;25021-0311-04;25021-0311-10;36000-0282-25;36000-0283-25;36000-0284-25;55150-0322-25;55150-0323-25;55150-0324-25;63323-0280-02;63323-0280-04;63323-0280-10;71288-0205-03;71288-0205-05;71288-0205-11;73043-0022-01;73043-0023-01;83634-0302-02;83634-0302-04;83634-0302-10
Furosemide Tablets,Resolved Shortages,"Dec 12, 2019","Aug 08, 2017",00054-4297-25;00054-4297-31;00054-4299-25;00054-4299-31;00054-4301-25;00054-4301-29;00054-8297-25;00054-8299-25;00054-8301-25;00378-0208-01;00378-0208-10;00378-0216-01;00378-0216-10;00378-0232-01;00378-0232-05;30698-0060-01;30698-0066-05;30698-0067-01;51079-0072-20
Gabapentin Oral Solution,Resolved Shortages,"Jul 09, 2024","May 01, 2023",00071-2012-47;42192-0608-16;42192-0608-40;42192-0608-45;59762-5050-07;65162-0698-90
Gadobenate Dimeglumine Injection,Current Shortages,"Jan 03, 2025","Jan 03, 2025",00270-5164-12;00270-5164-13;00270-5164-14;00270-5164-15;00270-5264-16;00270-5264-17
Gadoteridol Injection,Resolved Shortages,"Apr 25, 2017","Apr 26, 2016",00270-1111-01;00270-1111-02;00270-1111-03;00270-1111-04;00270-1111-16;00270-1111-45;00270-1111-70
Galcanezumab-gnlm (Emgality),Current Shortages,"Dec 22, 2023","Dec 22, 2023",00002-1436-11;00002-1436-27;00002-2377-11;00002-2377-27;00002-3115-09
Gemifloxacin Mesylate Tablets,Discontinued Drugs,"Jul 20, 2022","Mar 16, 2020",44004-0321-05;44004-0321-07
Gentamicin Injection,Resolved Shortages,"Nov 22, 2017","May 03, 2016",00338-0503-48;00338-0505-48;00338-0507-41;00338-0507-48;00338-0509-41;00338-0511-41;00409-1207-03;00409-7879-13;63323-0010-02;63323-0010-20;63323-0173-02
Gentamicin Injection,Resolved Shortages,"Dec 08, 2020","Mar 05, 2020",00338-0503-48;00338-0505-48;00338-0507-41;00338-0507-48;00338-0509-41;00338-0511-41;00409-1207-03;63323-0010-02;63323-0010-20;63323-0173-02
Gentamicin Injection,Current Shortages,"Aug 19, 2025","Feb 22, 2021",00143-9128-25;00338-0503-48;00338-0505-48;00338-0507-41;00338-0507-48;00338-0509-41;00338-0511-41;00409-1207-03;55150-0401-25;55150-0402-25;55150-0403-25;63323-0010-02;63323-0010-20;63323-0173-02
Gentamicin Sulfate Ophthalmic Ointment,Resolved Shortages,"Jun 09, 2020","Apr 11, 2018",17478-0284-35
Gentamicin Sulfate Ophthalmic Ointment,Discontinued Drugs,"Jul 08, 2022","Oct 06, 2021",17478-0284-35
Glucagon Injection,Resolved Shortages,"Jun 17, 2024","Oct 18, 2022",00169-7065-15;00548-5850-00;63323-0582-82;63323-0593-03;63323-0596-13;72065-0120-12;72065-0121-12;72065-0131-11;72065-0131-12;72065-0140-11
Granisetron Hydrochloride Injection,Resolved Shortages,"Dec 03, 2018","May 23, 2018",00143-9744-10;00143-9745-05;17478-0546-02;17478-0546-05;63323-0317-01;63323-0318-01;63323-0319-04;67457-0863-01;67457-0864-04
Granisetron Hydrochloride Injection,Resolved Shortages,"Jul 06, 2024","Apr 23, 2024",00143-9744-10;00143-9745-05;63323-0318-01;67457-0863-01;67457-0864-04
Griseofulvin Oral Presentations,Resolved Shortages,"Aug 06, 2020","Jul 18, 2019",00115-1724-01;00472-0013-04;00781-5515-01;64980-0184-01;64980-0184-03;64980-0185-01;64980-0185-03;64980-0186-01;64980-0186-03;69097-0361-08
Guanfacine Hydrochloride Tablets,Resolved Shortages,"Aug 15, 2024","Jan 04, 2019",00591-0444-01;00591-0453-01;65162-0711-10;65162-0713-10
Haemophilus B Conjugate Vaccine,Resolved Shortages,"Dec 19, 2016","Jan 14, 2016",00006-4897-00;49281-0545-05;58160-0818-11
Haloperidol Decanoate Injection,Resolved Shortages,"Jun 15, 2017","Aug 06, 2015",10147-0921-03;10147-0922-05;50458-0253-03;50458-0254-14;63323-0469-01;63323-0469-05;63323-0471-01;63323-0471-05;67457-0381-58;67457-0382-58;67457-0409-13;67457-0410-13
Haloperidol Lactate Injection,Resolved Shortages,"Jun 20, 2018","Jun 01, 2015",00143-9501-25;00143-9502-01;10147-0911-01;25021-0806-01;25021-0823-10;50458-0255-01;63323-0474-01;63323-0474-10;67457-0426-12
Haloperidol Lactate Injection,Resolved Shortages,"Dec 09, 2020","Apr 05, 2019",00143-9501-25;00143-9502-01;10147-0911-01;25021-0806-01;50458-0255-01;63323-0474-01;63323-0474-10;67457-0426-12
Haloperidol Lactate Injection,Current Shortages,"Jul 28, 2025","Dec 09, 2020",00143-9501-25;00143-9502-01;25021-0806-01;63323-0474-01;63323-0474-10;67457-0426-12;76045-0737-10
Haloperidol Tablets,Resolved Shortages,"Jan 14, 2020","Aug 23, 2018",00781-1391-01;00781-1392-01;00781-1396-01;00781-1397-01;00781-1398-01;51079-0431-20;51079-0733-20;51079-0734-20;51079-0735-20;51079-0736-20;68382-0079-01;68382-0079-10;68382-0080-01;68382-0081-01
Heparin Injection,Current Shortages,"Aug 09, 2025","Oct 12, 2017",00069-0043-01;00069-0058-01;00069-0059-01;00069-0059-03;00069-0137-03;00264-5705-10;00409-1316-32;00409-1402-12;00409-2720-01;00409-2720-02;00409-2720-03;00409-2721-01;00409-2723-01;00409-2723-02;00641-0391-12;00641-0400-12;00641-0410-12;00641-2450-55;00641-2460-55;00641-6199-10;00641-6204-10;25021-0400-01;25021-0400-10;25021-0400-30;25021-0401-02;25021-0402-01;25021-0402-10;25021-0403-01;25021-0403-04;25021-0404-01;63323-0047-10;63323-0118-05;63323-0262-06;63323-0276-02;63323-0459-09;63323-0540-11;63323-0540-13;63323-0540-15;63323-0540-31;63323-0542-13;63323-0542-14;63323-0543-02;63323-0543-13;63323-0915-01;63323-0915-13;63739-0901-28;63739-0920-25;63739-0931-28;63739-0953-25;63739-0964-25;63739-0986-25;67457-0372-99;67457-0373-99;67457-0374-99;67457-0383-99;67457-0384-99;67457-0385-99;67457-0602-99;67457-0603-99;71288-0400-03;71288-0402-02;71288-0402-10;71288-0402-11;71288-0402-30;71288-0402-31;71288-0403-02;71288-0403-10;71288-0403-11;71288-0404-01;71288-0404-02;71288-0404-04;71288-0404-05;76045-0108-10;81952-0111-06;81952-0112-06;81952-0112-09;81952-0112-10;81952-0113-06;81952-0113-08;81952-0115-07;81952-0116-06
Heparin Lock Flush,Resolved Shortages,"Apr 27, 2023","Feb 10, 2022",08290-3064-13;08290-3064-14;08290-3064-23;08290-3064-24;63323-0545-01;63323-0545-05;63323-0549-01;64253-0222-23;64253-0222-33;64253-0222-35;64253-0333-23;64253-0333-33;64253-0333-35
Heparin Lock Flush Syringes,Resolved Shortages,"Mar 02, 2023","Apr 25, 2018",
Heparin Lock Flush Syringes,Resolved Shortages,"Aug 14, 2025","Dec 18, 2024",08290-3064-13;08290-3064-14;08290-3064-24;63807-0600-05;64253-0222-21;64253-0222-23;64253-0222-33;64253-0222-35;64253-0333-21;64253-0333-23;64253-0333-33;64253-0333-35;64253-0444-22;64253-0444-25
Heparin Sodium Premixed Bags,Resolved Shortages,"Jun 23, 2016","Aug 12, 2015",00264-9567-10;00264-9577-10;00264-9587-20;00264-9872-10;00338-0431-03;00338-0433-04;00409-7620-03;00409-7620-59;00409-7650-62;00409-7651-03;00409-7651-62;00409-7760-03;00409-7761-03;00409-7793-62;00409-7794-62
Heparin Sodium Premixed Bags,Resolved Shortages,"Jul 29, 2025","Sep 07, 2018",00264-9577-10;00264-9587-20;00264-9872-00;00264-9872-10;00338-0424-18;00338-0431-03;00338-0433-04;00409-0012-30;00409-1005-20;00409-2222-12;00409-3150-20;00409-4520-30;00409-7620-03;00409-7620-59;00409-7650-30;63323-0517-74;63323-0518-77;63323-0519-10;63323-0519-77;63323-0522-77;63323-0523-74
Hepatitis A Virus Vaccine Inactivated,Resolved Shortages,"Aug 28, 2019","Dec 12, 2016",00006-4095-02;00006-4096-02;00006-4831-41;00006-4841-00;00006-4841-41;58160-0825-11;58160-0825-52;58160-0826-11;58160-0826-52
Hepatitis B Vaccine (Recombinant),Resolved Shortages,"Apr 28, 2025","May 16, 2017",00006-4093-02;00006-4094-02;00006-4981-00;00006-4992-00;00006-4995-00;00006-4995-41;58160-0820-11;58160-0820-52;58160-0821-11;58160-0821-52
Histrelin Implant,Resolved Shortages,"Sep 24, 2021","Feb 17, 2021",67979-0002-01;67979-0500-01
Hydralazine Injection,Resolved Shortages,"Jun 06, 2017","Jun 29, 2015",00517-0901-25;17478-0934-01;17478-0934-15;39822-0500-04;63323-0614-01
Hydralazine injection,Resolved Shortages,"May 18, 2023","Jun 04, 2018",00517-0901-25;00641-6231-25;17478-0934-10;55150-0400-25;63323-0614-01;67457-0291-01
Hydrocodone and Acetaminophen Tablets,Current Shortages,"Aug 01, 2025","May 23, 2023",00904-6824-61;00904-6825-61;00904-6826-61;10702-0189-01;10702-0189-10;10702-0189-50;10702-0190-01;10702-0190-10;10702-0190-50;10702-0191-01;10702-0191-10;10702-0191-50;10702-0192-01;10702-0192-50;10702-0193-01;10702-0194-01;31722-0942-01;31722-0942-05;31722-0996-01;31722-0996-05;31722-0997-01;31722-0997-05;42858-0040-01;42858-0139-01;42858-0201-01;42858-0201-50;42858-0202-01;42858-0202-50;42858-0203-01;42858-0203-50;42858-0238-01;53746-0109-01;53746-0109-05;53746-0110-01;53746-0110-05;53746-0115-11;53746-0115-50;71930-0019-12;71930-0019-13;71930-0019-52;71930-0020-12;71930-0020-52;71930-0021-12;71930-0021-52;71930-0042-12;71930-0042-52;71930-0043-12;71930-0043-52;71930-0044-12;71930-0044-52
Hydrocortisone Oral Tablets,Resolved Shortages,"Oct 14, 2021","Mar 25, 2020",00009-0012-01;00009-0031-01;00009-0044-01;00115-1696-06;00115-1697-01;00115-1700-01;54505-0331-05;59762-0073-01;59762-0074-01;59762-0075-01
Hydrocortisone Sodium Succinate Injection,Current Shortages,"Aug 06, 2025","Mar 01, 2023",00009-0005-01;00009-0011-03;00009-0011-04;00009-0013-05;00009-0013-06;00009-0016-12;00009-0825-01
Hydromorphone Hydrochloride Injection,Current Shortages,"Aug 18, 2025","Jun 05, 2017",00409-1283-31;00409-1283-37;00409-1304-31;00409-1312-30;00409-1312-36;00409-1805-01;00409-2634-01;00409-2634-05;00409-2634-50;00409-3365-10;00409-4264-01;00641-2341-41;00641-6151-25;00641-6169-10;00641-6206-10;00641-6254-01;00641-6259-10;00703-0018-01;00703-0110-03;00703-0113-03;63323-0851-10;63323-0851-15;63323-0851-50;63323-0852-25;63323-0853-25;63323-0854-10;76045-0009-06;76045-0009-11;76045-0010-11;76045-0121-11
Hydromorphone Immediate-Release Oral Presentations,Current Shortages,"Aug 01, 2025","Dec 15, 2023",00054-0386-63;42858-0122-01;42858-0234-01;42858-0234-50;42858-0301-01;42858-0301-25;42858-0302-01;42858-0302-25;42858-0302-50;42858-0303-01;42858-0304-16;42858-0338-01;42858-0416-16
Hydromorphone Rectal Suppositories,Resolved Shortages,"Apr 09, 2024","Oct 23, 2023",00574-7224-06
Hydroxocobalamin Injection,Resolved Shortages,"Dec 04, 2019","Jul 25, 2018",11704-0370-01
Hydroxocobalamin Injection,Resolved Shortages,"Jan 27, 2022","Apr 13, 2021",50633-0310-11
Hydroxocobalamin Injection,Current Shortages,"Jun 20, 2025","Nov 01, 2024",50633-0310-11
Hydroxocobalamin Solution for Intramuscular Injection,Resolved Shortages,"Oct 03, 2024","Sep 08, 2023",00591-2888-30
Hydroxyamphetamine Hydrobromide and Tropicamide Ophthalmic Solution,Resolved Shortages,"Apr 25, 2017","Jul 13, 2015",17478-0704-12
Hydroxychloroquine Sulfate Tablets,Resolved Shortages,"May 26, 2016","May 06, 2015",00378-0373-01;00781-1407-52;00781-1407-97;24987-0562-10;63304-0296-01;63304-0296-05;68382-0096-01
Hydroxychloroquine Sulfate Tablets,Resolved Shortages,"Jun 14, 2022","Mar 19, 2020",00093-2401-01;00378-0373-01;00781-5994-01;00781-5994-05;00904-7046-06;00904-7046-61;16571-0687-50;24987-0562-10;42385-0927-01;43598-0721-01;43598-0721-05;57664-0761-88;66993-0057-02;66993-0057-04;68382-0096-01;68382-0096-05;69238-1544-01
Hydroxyethyl Starch,Resolved Shortages,"Jun 17, 2024","Apr 19, 2023",00409-1555-64;00409-7248-03
Hydroxyethyl Starch (Hetastarch),Current Shortages,"Jul 09, 2025","Apr 09, 2025",00409-1555-64;00409-7248-03
Hydroxyethyl Starch in Sodium Chloride Injection,Resolved Shortages,"Dec 18, 2020","Aug 16, 2018",00264-1965-10;00409-1029-02;00409-7248-03
Hydroxyprogesterone Caproate Injection,Resolved Shortages,"May 14, 2021","Dec 10, 2018",00517-1767-01;55150-0309-01;55150-0310-01;64011-0243-01;64011-0247-02;64011-0301-03;67457-0886-05;71225-0104-01;71225-0105-01
Hydroxyurea capsules (Droxia),Resolved Shortages,"Jul 26, 2023","May 10, 2023",61269-0402-60;61269-0403-60;61269-0404-60
Hydroxyzine Hydrochloride Injection,Resolved Shortages,"May 26, 2016","Jun 09, 2015",00517-4201-25;00517-5601-25;00517-5602-25;00517-5610-25
Hydroxyzine Hydrochloride Injection,Resolved Shortages,"Apr 30, 2018","Mar 08, 2017",00517-4201-25;00517-5601-25;00517-5602-25;00517-5610-25
Hydroxyzine Pamoate Oral Capsules,Resolved Shortages,"Jul 30, 2025","Mar 14, 2019",00115-1803-01;00115-1803-02;00115-1804-01;00115-1804-02;00185-0674-01;00185-0674-05;00185-0676-01;00185-0676-05;00555-0302-02;00555-0302-04;00555-0323-02;00555-0323-04;00555-0324-02;14539-0674-01;14539-0674-05;14539-0675-01;14539-0675-05;62135-0816-12;62135-0817-12
Hyoscyamine Sulfate Injection,Resolved Shortages,"Nov 16, 2017","Jun 27, 2017",00037-9001-05
Hyoscyamine Sulfate Injection,Resolved Shortages,"Jun 18, 2019","Apr 15, 2019",00037-9001-05
Hyoscyamine Sulfate Injection,Resolved Shortages,"Feb 02, 2021","Dec 03, 2019",00037-9001-05;54288-0111-05
Hypromellose Ophthalmic Solution,Current Shortages,"May 21, 2025","Jun 08, 2018",59390-0182-13;77790-0022-15
Ibrexafungerp Tablets,Current Shortages,"May 25, 2025","Dec 03, 2024",75788-0115-04
Ibuprofen Oral Suspension (Prescription Products Only),Resolved Shortages,"Nov 20, 2023","Nov 28, 2022",00472-2002-16;00472-2002-94;51672-1385-08;51672-1385-09
Ibutilide Fumarate Injection,Resolved Shortages,"Dec 28, 2022","Apr 27, 2022",00009-3794-01;67457-0366-10
Idarubicin Injection,Current Shortages,"Jun 02, 2025","Dec 15, 2023",00013-2576-05;00013-2586-10;00013-2596-20;00143-9217-01;00143-9218-01;00143-9219-01
Iloprost Inhalation Solution (Ventavis),Current Shortages,"Jul 14, 2025","Nov 28, 2023",66215-0302-30;66215-0303-30
Imatinib Mesylate Tablets,Current Shortages,"Aug 15, 2025","May 14, 2025",00078-0401-34;00078-0649-13;00093-7629-98;00093-7630-56;00378-2245-77;00378-2246-93;00832-0532-09;00832-0533-03;00904-6621-04;00904-6901-04;42292-0043-03;42292-0044-03;60505-2900-09;60505-2901-03;62135-0658-90;62135-0659-30
Imipenem and Cilastatin Sodium,Resolved Shortages,"Nov 11, 2016","May 13, 2015",00006-3514-58;00006-3516-59;00006-3551-58;00006-3552-59;00409-3507-01;00409-3508-01;63323-0322-20;63323-0322-25;63323-0349-20;63323-0349-25
"Immune Globulin, Intravenous or Subcutaneous (Human)",Resolved Shortages,"Mar 04, 2022","Feb 07, 2019",00069-1011-02;00069-1109-02;00069-1224-02;00069-1312-02;00069-1415-02;00069-1558-02;00944-2510-02;00944-2511-02;00944-2512-02;00944-2513-02;00944-2514-02;00944-2656-03;00944-2658-04;00944-2700-02;00944-2700-03;00944-2700-04;00944-2700-05;00944-2700-06;00944-2700-07;00944-2850-01;00944-2850-03;00944-2850-05;00944-2850-07;13533-0800-12;13533-0800-15;13533-0800-20;13533-0800-24;13533-0800-40;13533-0800-71;13533-0810-05;13533-0810-10;13533-0810-20;13533-0810-50;44206-0436-05;44206-0437-10;44206-0438-20;44206-0439-40;44206-0451-01;44206-0452-02;44206-0454-04;44206-0455-10;59730-6502-01;61953-0004-03;61953-0004-04;61953-0004-05;61953-0005-01;61953-0005-02;61953-0005-03;68982-0810-01;68982-0810-02;68982-0810-03;68982-0810-04;68982-0810-05;68982-0810-06;68982-0840-01;68982-0840-02;68982-0840-03;68982-0840-04;68982-0840-05;68982-0850-01;68982-0850-02;68982-0850-03;68982-0850-04;69800-0250-02;76125-0900-01;76125-0900-10;76125-0900-20;76125-0900-25;76125-0900-50
"Immune Globulin, Subcutaneous (Human)",Resolved Shortages,"Feb 19, 2021","Jan 09, 2019",00944-2510-02;00944-2511-02;00944-2512-02;00944-2513-02;00944-2514-02;00944-2850-01;00944-2850-03;00944-2850-05;00944-2850-07;44206-0451-01;44206-0452-02;44206-0454-04;44206-0455-10
Indigo Carmine Injection,Resolved Shortages,"Jan 22, 2018","Sep 16, 2015",00517-0375-05;17478-0508-01
Indigo Carmine Injection,Resolved Shortages,"Jun 22, 2023","Aug 11, 2021",00517-0375-05;81284-0315-05
Indocyanine Green,Resolved Shortages,"Feb 09, 2017","Feb 24, 2016",17238-0424-06;17478-0701-02
Indocyanine Green,Resolved Shortages,"Aug 07, 2019","May 19, 2017",17238-0424-06;17478-0701-02
Indocyanine Green,Current Shortages,"Mar 24, 2025","Jul 23, 2024",17238-0424-06
Indomethacin Capsules,Resolved Shortages,"Jul 23, 2019","Apr 25, 2016",31722-0542-01;31722-0543-01;68462-0302-01;68462-0302-05;68462-0406-01;68462-0406-10
Insulin Aspart Injection,Resolved Shortages,"Jan 05, 2022","Nov 19, 2021",00169-2100-11;00169-2101-25;00169-3201-11;00169-3204-15;00169-3205-15;00169-3303-12;00169-6338-10;00169-6339-10;00169-7501-11;73070-0100-11;73070-0102-15;73070-0103-15
Insulin Aspart Injection,Current Shortages,"Jul 25, 2025","Nov 10, 2023",00169-3201-11;00169-3204-15;00169-3205-15;00169-3303-12;00169-6339-10;00169-7501-11;73070-0100-11;73070-0102-15;73070-0103-15
Insulin Aspart Protamine and Insulin Aspart Mix,Resolved Shortages,"Sep 26, 2024","Jul 07, 2024",00169-3685-12;00169-3696-19;73070-0200-11;73070-0203-15
Insulin Degludec Injection,Resolved Shortages,"Aug 06, 2025","Mar 13, 2025",00169-2550-13;00169-2660-15;00169-2662-11;73070-0400-11;73070-0403-15;73070-0503-15
Insulin Detemir Injection,Resolved Shortages,"Jan 05, 2022","Nov 08, 2021",00169-3687-12;00169-6438-10
Insulin Detemir Injection,Resolved Shortages,"Aug 12, 2024","Jan 19, 2023",00169-3687-12;00169-6432-10;00169-6438-10
Insulin Detemir Injection,Discontinued Drugs,"Jan 13, 2025","Nov 13, 2023",00169-3687-12;00169-6432-10
Insulin Glargine Injection (Recombinant),Current Shortages,"Aug 06, 2025","Feb 19, 2025",00002-7715-59;00002-8214-05;00002-8980-05;00024-5869-03;00024-5871-02;00088-2219-05;00088-2220-33;00955-2900-02;00955-3900-03;83257-0011-11;83257-0012-33;83257-0014-11;83257-0015-32
"Insulin Isophane (NPH) and Insulin Regular, Human",Resolved Shortages,"Nov 18, 2024","May 20, 2024",00002-8715-01;00002-8803-59;00169-1837-11;00169-3007-15
Insulin Lispro Injection (Humalog),Resolved Shortages,"May 23, 2024","Mar 29, 2024",00002-7510-01;00002-7510-17;00002-7533-01;00002-7714-59;00002-7737-01;00002-7752-05;00002-8222-59;00002-8799-59
Insulin Regular Injection,Resolved Shortages,"May 20, 2024","Jan 30, 2024",00002-8215-01;00002-8215-17;00169-1833-11;00169-3003-15
Interferon alfa-2b Injection,Discontinued Drugs,"Jan 10, 2022","Mar 30, 2021",00085-1133-01;00085-1168-01;00085-4350-01;00085-4351-01;00085-4352-01
Intranasal Mucosal Atomization Device,Resolved Shortages,"Apr 07, 2017","Nov 03, 2016",
Iodixanol Injection,Resolved Shortages,"Jun 20, 2023","May 12, 2022",00407-2222-16;00407-2222-17;00407-2222-19;00407-2222-21;00407-2223-16;00407-2223-17;00407-2223-19;00407-2223-21;00407-2223-23;65219-0381-10;65219-0381-50;65219-0383-05;65219-0383-10;65219-0383-50;65219-0383-70
Iohexol Injection,Resolved Shortages,"Jun 20, 2023","Apr 29, 2022",00407-1401-52;00407-1411-10;00407-1412-10;00407-1412-20;00407-1412-30;00407-1412-33;00407-1413-10;00407-1413-59;00407-1413-61;00407-1413-63;00407-1413-65;00407-1413-72;00407-1414-72;00407-1414-89;00407-1414-90;00407-1414-91;00407-1414-93;00407-1414-94;00407-1415-09;00407-1416-12
Iopamidol Injection,Resolved Shortages,"Aug 05, 2024","Nov 20, 2018",00270-1314-15;00270-1314-30;00270-1315-25;00270-1315-30;00270-1315-35;00270-1315-41;00270-1315-45;00270-1315-47;00270-1315-95;00270-1315-98;00270-1316-04;00270-1316-30;00270-1316-35;00270-1316-37;00270-1316-41;00270-1316-45;00270-1316-52;00270-1316-95;00270-1316-98;00270-1317-02;00270-1317-05;00270-1317-09;00270-1317-41;00270-1411-11;00270-1411-25;00270-1412-15;70436-0124-52;70436-0124-82;70436-0126-82
Iopromide Injection,Resolved Shortages,"Aug 12, 2024","Jun 24, 2019",50419-0342-10;50419-0344-05;50419-0344-10;50419-0344-12;50419-0344-15;50419-0346-05;50419-0346-10;50419-0346-15;50419-0346-20
Iothalamate Meglumine 17.2%,Resolved Shortages,"May 17, 2016","Feb 03, 2016",00190-0862-07;00190-0862-09
Iothalamate Meglumine 17.2%,Current Shortages,"May 28, 2024","Nov 30, 2022",00019-0862-50
Iothalamate Meglumine Injection,Resolved Shortages,"May 28, 2024","Jan 02, 2020",00019-0953-05;00019-0953-23;00019-0953-50
Ioversol Injection,Resolved Shortages,"Sep 20, 2017","Oct 12, 2016",00019-1323-00;00019-1323-02;00019-1323-04;00019-1323-06;00019-1323-11;00019-1323-16;00019-1323-21;00019-1323-27;00019-1323-52;00019-1323-61;00019-1323-78;00019-1323-85;00019-1323-87;00019-1323-90;00019-1323-95;00019-1324-06;00019-1324-11;00019-1324-87;00019-1332-00;00019-1332-06;00019-1332-11;00019-1332-21;00019-1332-61;00019-1332-78;00019-1332-90;00019-1333-00;00019-1333-06;00019-1333-11;00019-1333-16;00019-1333-21;00019-1333-27;00019-1333-52;00019-1333-55;00019-1333-61;00019-1333-78;00019-1333-87;00019-1333-90;00019-1333-95
Ioversol Injection,Resolved Shortages,"Aug 12, 2024","May 19, 2021",00019-1323-00;00019-1323-02;00019-1323-04;00019-1323-06;00019-1323-11;00019-1323-16;00019-1323-21;00019-1323-27;00019-1323-52;00019-1323-61;00019-1323-65;00019-1323-78;00019-1323-85;00019-1323-87;00019-1323-90;00019-1323-95;00019-1332-00;00019-1332-06;00019-1332-11;00019-1332-21;00019-1332-61;00019-1332-90;00019-1333-00;00019-1333-06;00019-1333-11;00019-1333-16;00019-1333-21;00019-1333-27;00019-1333-52;00019-1333-55;00019-1333-61;00019-1333-78;00019-1333-87;00019-1333-90;00019-1333-95
Ipratropium Bromide Metered-Dose Inhaler,Resolved Shortages,"Jul 09, 2018","May 08, 2018",00597-0087-17
Irbesartan Tablets,Current Shortages,"Jun 24, 2025","Jul 19, 2019",00024-5850-90;00024-5851-30;00024-5852-30;00955-1040-90;00955-1041-90;00955-1042-90;31722-0162-05;31722-0729-30;31722-0729-90;31722-0730-30;31722-0730-90;31722-0731-30;31722-0731-90;33342-0047-07;33342-0047-10;33342-0048-07;33342-0048-10;33342-0049-07;33342-0049-10;43547-0374-03;43547-0374-09;43547-0375-03;43547-0375-09;43547-0376-03;43547-0376-09;59746-0449-30;59746-0449-90;62135-0976-30;62135-0976-90;62135-0977-30;62135-0977-90;62135-0978-30;62135-0978-90;62332-0041-30;62332-0041-90;62332-0042-30;62332-0042-90;62332-0043-30;62332-0043-90;68180-0410-06;68180-0410-09;68180-0411-06;68180-0411-09
Iron Dextran Injection,Resolved Shortages,"May 17, 2016","Jan 13, 2016",52544-0931-02
Iron Dextran Injection,Resolved Shortages,"Jul 17, 2019","Mar 28, 2018",00023-6082-10
Iron Dextran Injection,Resolved Shortages,"Aug 14, 2023","Apr 14, 2022",00023-6082-10
Iron Sucrose Injection,Resolved Shortages,"Feb 20, 2025","Mar 25, 2024",00517-2310-05;00517-2325-10;00517-2340-10;00517-2340-25
Isocarboxazid Tablets,Resolved Shortages,"Jan 10, 2020","Apr 11, 2018",30698-0032-01
Isoniazid Injection,Resolved Shortages,"Sep 29, 2023","May 18, 2023",00781-3056-70
Isoniazid Injection,Resolved Shortages,"Aug 15, 2024","Jan 24, 2024",00781-3056-70
Isoniazid Tablets,Resolved Shortages,"May 16, 2025","Sep 01, 2022",00555-0066-02;00555-0071-01;00555-0071-02;51079-0083-20;64950-0216-10;64950-0217-03;64950-0217-10
Isosorbide Dinitrate Extended-Release Capsules,Discontinued Drugs,"Jan 21, 2021","Jan 21, 2021",52244-0920-10
Isosorbide Dinitrate Extended-Release Tablets,Discontinued Drugs,"Sep 21, 2018","Jul 10, 2017",57664-600-88
Isosorbide Mononitrate Immediate-Release Tablets,Discontinued Drugs,"Dec 04, 2024","Apr 05, 2024",00228-2620-11;00228-2631-11
Isradipine Capsules,Resolved Shortages,"Dec 18, 2023","Feb 08, 2023",16252-0539-01;16252-0540-01;42806-0263-01;42806-0264-01
Ketamine Injection,Current Shortages,"Jun 26, 2025","Feb 07, 2018",00143-9508-10;00143-9509-10;00409-2051-05;00409-2053-10;25021-0682-20;25021-0683-10;25021-0684-05;42023-0113-10;42023-0114-10;42023-0115-10;55150-0438-10;55150-0439-10;55150-0440-10;7020-4088-7
Ketorolac Injection,Resolved Shortages,"Sep 03, 2024","Jul 10, 2015",00338-0069-10;00338-0072-25;00409-3793-01;00409-3795-01;00409-3796-01;63323-0161-01;63323-0162-01;63323-0162-02;68462-0755-25;68462-0756-25;68462-0757-25;70512-0842-25;70512-0843-25;70512-0844-25;72266-0118-25;72266-0119-25;72266-0234-25;72611-0722-25;76045-0105-20;76045-0107-10;76045-0209-10
Labetalol Injection,Resolved Shortages,"May 26, 2016","Jun 11, 2015",00409-2267-20;00409-2267-54;00409-2339-34;17478-0420-20;17478-0420-40;25021-0300-20;25021-0300-40
Labetalol Injection,Resolved Shortages,"Dec 09, 2020","Jan 27, 2017",00143-9622-01;00143-9623-01;00409-2267-20;00409-2267-54;00409-2339-34;17478-0420-20;17478-0420-40;47781-0586-29;47781-0586-56;72266-0102-01;72266-0103-01
Labetalol Injection,Current Shortages,"Jun 10, 2025","Jan 19, 2022",00143-9622-01;00143-9623-01;00409-0125-25;00409-2267-54;00409-2339-34;00641-6252-10;25021-0317-20;25021-0317-40;36000-0320-10;36000-0322-02;36000-0324-02;72266-0102-01;72266-0103-01
Labetalol Tablets,Resolved Shortages,"Jul 25, 2022","Mar 18, 2021",00185-0010-01;00185-0010-05;00185-0117-01;00185-0117-05;00185-0118-01;00185-0118-05;00591-0605-01;00591-0605-05;00591-0606-01;00591-0606-05;00591-0607-01;00904-7110-61;47781-0552-01;47781-0552-05;47781-0553-01;47781-0553-05;47781-0554-01;49884-0122-01;49884-0123-01;49884-0124-01;68382-0798-01;68382-0798-05;68382-0799-01;68382-0799-05;68382-0800-01;68382-0800-05
Lactated Ringer's Injection,Resolved Shortages,"Jul 26, 2016","Sep 17, 2015",00264-7750-00;00264-7750-10;00264-7750-20;00264-7751-00;00264-7751-50;00338-0117-02;00338-0117-03;00338-0117-04;00338-0125-03;00338-0125-04;00338-6307-03;00409-7929-03;00409-7929-09;00409-7953-02;00409-7953-03;00409-7953-09
Lactated Ringer's Injection,Resolved Shortages,"Jan 24, 2019","Nov 01, 2017",00264-7750-00;00264-7750-10;00264-7750-20;00264-7751-00;00264-7751-50;00338-0117-02;00338-0117-03;00338-0117-04;00338-0125-03;00338-0125-04;00409-7929-03;00409-7929-09;00409-7953-02;00409-7953-03;00409-7953-09
Lactated Ringer's Injection,Resolved Shortages,"Nov 16, 2023","Feb 23, 2022",00264-7750-00;00264-7750-10;00264-7750-20;00264-7751-00;00264-7751-50;00338-0117-02;00338-0117-03;00338-0117-04;00338-0125-03;00338-0125-04;00409-7929-03;00409-7929-09;00409-7953-02;00409-7953-03;00409-7953-09
Lactated Ringer's Injection,Resolved Shortages,"Aug 18, 2025","Oct 06, 2024",00264-7750-00;00264-7750-07;00264-7750-10;00264-7750-20;00264-7751-00;00264-7751-10;00338-0117-02;00338-0117-03;00338-0117-04;00338-0125-03;00338-0125-04;00409-7929-03;00409-7929-09;00409-7953-02;00409-7953-03;00409-7953-09
Lactated Ringer's Irrigation,Resolved Shortages,"Jan 25, 2023","Jun 16, 2015",00264-2202-00;00264-2203-00;00264-2203-50;00264-2203-70;00264-7389-60;00338-0114-04;00338-0137-27;00338-0137-29;00409-7828-08
Lactated Ringer's Irrigation,Resolved Shortages,"Jul 29, 2025","Oct 06, 2024",00264-2202-00;00264-2203-00;00264-2203-50;00264-2203-70;00264-7389-60;00338-0114-04;00338-0137-27;00338-0137-29;00409-7828-08
Lanreotide Acetate Injection,Current Shortages,"Aug 04, 2025","Oct 09, 2024",15054-1060-04;15054-1090-04;15054-1120-04;69097-0870-67;76282-0720-67
Lanthanum Carbonate Oral Presentations,Current Shortages,"Aug 18, 2025","Apr 02, 2025",00093-5938-98;00093-5939-98;00093-5940-98;54092-0252-90;54092-0253-90;54092-0254-90;54092-0256-02;54092-0257-02;68180-0819-42;68180-0820-46;68180-0821-47;69097-0934-98;69097-0935-98;69097-0936-98;76282-0476-90;76282-0477-90;76282-0478-90
Latanoprost Ophthalmic Solution,Resolved Shortages,"Jan 30, 2020","Jan 03, 2019",17478-0625-12;24208-0463-25;59762-0333-02;61314-0547-01;61314-0547-03;64980-0516-25
L-cysteine Hydrochloride Injection,Resolved Shortages,"Sep 08, 2016","Jun 25, 2015",00517-2050-05;00517-2064-25;00781-8940-95;66758-0004-02;66758-0005-02
Leflunomide Tablets,Resolved Shortages,"Nov 11, 2016","Sep 16, 2015",00088-2160-30;00088-2161-30;00955-1735-30;00955-1737-30;13811-0677-30;13811-0678-30;23155-0043-03;23155-0044-03;60505-2502-01;60505-2503-01
Lenalidomide Capsules,Current Shortages,"Aug 04, 2025","Jan 11, 2024",00378-1935-01;00378-1935-28;00378-1936-01;00378-1936-28;00378-1937-01;00378-1937-28;00378-1940-01;00378-1940-21;00378-1941-01;00378-1941-21;00378-1942-01;00378-1942-21;00480-1241-28;00480-1242-28;00480-1243-28;00480-1244-21;00480-1245-21;00480-1246-21;31722-0257-28;31722-0258-28;31722-0259-28;31722-0260-21;31722-0261-21;31722-0262-21;47811-0483-28;47811-0484-01;47811-0484-28;47811-0485-01;47811-0485-28;47811-0486-01;47811-0486-77;47811-0487-77;47811-0488-01;47811-0488-77;59572-0402-00;59572-0402-28;59572-0405-00;59572-0405-28;59572-0410-00;59572-0410-28;59572-0415-00;59572-0415-21;59572-0420-00;59572-0420-21;59572-0425-00;59572-0425-21;60505-4532-02;60505-4533-02;60505-4534-02;60505-4535-02;60505-4536-02;60505-4537-02;63304-0041-27;63304-0042-27;63304-0043-27;63304-0044-22;63304-0045-22;63304-0046-22;69097-0381-73;69097-0382-73;69097-0383-81;69097-0384-81;69097-0385-81;69097-0604-73
Letermovir Injection,Resolved Shortages,"Jan 17, 2020","Oct 30, 2018",00006-5003-01;00006-5004-01
Letermovir Tablets,Resolved Shortages,"Aug 24, 2019","Jun 13, 2019",00006-3075-02;00006-3075-04;00006-3076-02;00006-3076-04
Leucovorin Calcium Injection,Current Shortages,"Aug 12, 2025","Jun 02, 2015",00143-9552-01;00143-9553-01;00143-9554-01;00143-9555-01;25021-0813-10;25021-0814-30;25021-0815-30;25021-0816-30;25021-0828-50;63323-0631-10;63323-0631-50;63323-0710-50;63323-0711-00;67457-0528-10;67457-0529-20;67457-0530-35;70436-0116-82;70436-0117-80;70436-0118-80;70436-0119-80;70436-0120-80;71288-0160-10;71288-0161-20;71288-0162-30;71288-0163-30;71288-0164-50
Leuprolide Acetate 14-Day Kit,Resolved Shortages,"Jun 23, 2019","Jun 18, 2015",00781-4003-32;47335-0936-40
Leuprolide Acetate Long-Acting Suspension for Intramuscular Injection,Resolved Shortages,"Jan 03, 2020","Dec 05, 2019",00074-3346-03;00074-3473-03;00074-3641-03;00074-3642-03;00074-3663-03;00074-3683-03
Leuprolide Acetate Long-Acting Suspension for Intramuscular Injection,Resolved Shortages,"Aug 15, 2022","Jul 23, 2020",00074-2108-03;00074-2282-03;00074-2440-03;00074-3346-03;00074-3473-03;00074-3641-03;00074-3642-03;00074-3663-03;00074-3683-03;00074-3779-03;00074-9694-03
Levetiracetam Extended-Release Tablets,Resolved Shortages,"Jan 10, 2022","Aug 06, 2019",47335-0573-86;47335-0576-86;50474-0598-66;50474-0599-66;60505-3280-06;60505-3517-06;68180-0117-07;68180-0118-07
Levetiracetam Immediate-Release Tablets,Resolved Shortages,"Apr 15, 2022","Feb 15, 2019",00378-5613-05;00378-5613-78;00378-5615-05;00378-5615-78;00378-5617-05;00378-5617-78;00378-5619-91;00904-7123-61;00904-7124-61;00904-7125-61;13668-0014-12;13668-0015-12;13668-0016-12;13668-0017-60;16729-0064-29;16729-0067-12;31722-0536-05;31722-0536-12;31722-0537-05;31722-0537-12;31722-0538-05;31722-0538-12;31722-0539-60;50474-0594-40;50474-0595-40;50474-0597-40;50474-0597-66;51079-0820-20;51079-0821-20;51079-0822-20;51079-0860-06;68180-0112-02;68180-0112-09;68180-0112-16;68180-0113-02;68180-0113-09;68180-0113-16;68180-0114-02;68180-0114-09;68180-0115-02;68180-0115-07;69102-0102-01;69102-0103-01;69102-0104-01;71930-0062-15;71930-0063-15;71930-0063-52;71930-0064-15;71930-0065-60
Levetiracetam Injection,Resolved Shortages,"Sep 23, 2024","Jun 22, 2015",00143-9673-25;00264-1009-90;00264-1509-90;00264-9009-90;00409-1886-02;25021-0780-05;43598-0635-10;43598-0636-10;43598-0637-10;44567-0500-10;44567-0501-10;44567-0502-10;44567-0503-10;50474-0002-63;55150-0177-05;55150-0246-47;55150-0247-47;55150-0248-47;63323-0400-05;67457-0255-10;67457-0265-10;67457-0266-10;70860-0602-82;70860-0603-82;70860-0604-82;72485-0106-10;72485-0106-25
Levocarnitine Oral Tablets and Solution,Resolved Shortages,"Jul 10, 2017","Nov 01, 2016",50383-0171-04;50383-0172-90;54482-0144-07;54482-0145-08;54482-0148-01;64980-0503-12
Levofloxacin Injection in 5% Dextrose,Current Shortages,"Aug 18, 2025","May 29, 2024",00143-9720-24;00143-9721-24;00143-9722-24;00409-2220-24;00409-3330-24;00409-4444-24;25021-0132-81;25021-0132-82;25021-0132-83;36000-0046-24;36000-0047-24;36000-0048-24;44567-0435-24;44567-0436-24;44567-0437-24
Levofloxacin Oral Solution,Current Shortages,"Sep 15, 2023","Sep 14, 2023",00527-1948-66;00527-1948-68;00527-1948-70
Levoleucovorin Injection,Resolved Shortages,"Jul 19, 2024","May 24, 2022",00781-3201-94;50742-0494-17;50742-0495-25;70121-1099-01;70121-1572-01;70436-0209-80;71288-0104-10;71288-0105-18
Levonorgestrel Oral Tablets (Emergency Contraception),Resolved Shortages,"Aug 24, 2022","Jul 08, 2022",00113-2003-12;00536-1142-63;50102-0211-13;64122-0605-01;68180-0852-11;68180-0853-11;69536-0103-88;69536-0146-19;69536-0200-88;70700-0164-06
Levothyroxine Sodium Injection,Resolved Shortages,"Aug 06, 2019","Jan 03, 2019",42023-0201-01;42023-0202-01;42023-0203-01;63323-0647-01;63323-0648-10;63323-0649-07;66794-0647-02;66794-0648-02;66794-0649-02;70860-0451-10;70860-0452-10;70860-0453-10
Levothyroxine Sodium Injection,Resolved Shortages,"May 30, 2025","Feb 16, 2022",25021-0468-10;25021-0469-10;25021-0470-10;42023-0201-01;42023-0202-01;42023-0203-01;63323-0647-10;63323-0648-10;63323-0649-07;63323-0885-10;63323-0890-10;63323-0895-10
Lidocaine 5% Transdermal Patch,Current Shortages,"Jul 30, 2025","Nov 09, 2022",00378-9055-93;00591-3525-30;00603-1880-16;63481-0687-06;65162-0791-08;82347-0505-05
Lidocaine Hydrochloride and 5% Dextrose Injection,Resolved Shortages,"May 26, 2016","Sep 21, 2015",00264-9594-10;00264-9594-20;00264-9598-20;00338-0409-03;00338-0411-02;00409-7931-24;00409-7931-32;00409-7939-32
Lidocaine Hydrochloride and 5% Dextrose Injection,Resolved Shortages,"Sep 06, 2018","Jan 03, 2018",00264-9594-10;00264-9594-20;00264-9598-20;00338-0409-03;00338-0411-02
Lidocaine Hydrochloride Oral Topical Solution (Viscous) 2%,Resolved Shortages,"May 26, 2016","Jun 18, 2015",00054-3500-49;50383-0775-04;50383-0775-17
Lidocaine Hydrochloride Oral Topical Solution (Viscous) 2%,Resolved Shortages,"Sep 06, 2017","Feb 07, 2017",00054-3500-49;50383-0775-04;50383-0775-17
Lidocaine Hydrochloride Oral Topical Solution (Viscous) 2%,Current Shortages,"Jul 18, 2025","Apr 12, 2023",00054-3500-49;50383-0775-04;50383-0775-17;62135-0712-42;62135-0871-24;64679-0464-00
Lidocaine Injection,Current Shortages,"Aug 18, 2025","Jun 23, 2015",00143-9575-10;00143-9577-10;00143-9594-25;00143-9595-25;00409-1323-05;00409-2066-05;00409-4275-01;00409-4276-01;00409-4276-02;00409-4277-01;00409-4277-02;00409-4278-01;00409-4279-02;00409-4282-01;00409-4282-02;00409-4283-01;00409-4713-02;00409-4713-32;00409-4776-01;00409-4903-34;00409-4904-34;00409-9137-05;50102-0400-10;55150-0158-72;55150-0159-74;55150-0160-72;55150-0161-02;55150-0162-05;55150-0163-30;55150-0164-02;55150-0165-05;55150-0251-10;55150-0252-20;55150-0253-50;55150-0254-10;55150-0255-20;55150-0256-50;63323-0201-02;63323-0201-10;63323-0202-02;63323-0208-05;63323-0484-57;63323-0485-27;63323-0485-57;63323-0486-17;63323-0486-27;63323-0486-57;63323-0491-57;63323-0492-27;63323-0492-37;63323-0492-57;63323-0492-97;63323-0493-91;63323-0493-97;63323-0495-07;63323-0495-27;63323-0496-97;76329-3390-01
Lidocaine Topical 4% Solution,Resolved Shortages,"May 26, 2016","Jun 01, 2015",00409-4698-01;76329-6300-05
Lidocaine Topical 4% Solution,Resolved Shortages,"Oct 08, 2017","Feb 07, 2017",00054-3505-47;52565-0009-50;76329-6300-05
Lidocaine with Epinephrine Injection,Current Shortages,"Aug 15, 2025","Jun 25, 2015",00409-0007-10;00409-0147-10;00409-1209-01;00409-3177-01;00409-3178-02;00409-3178-03;00409-3181-01;00409-3182-02;00409-3182-03;00409-3183-01;63323-0481-57;63323-0482-17;63323-0482-27;63323-0482-57;63323-0483-27;63323-0483-57;63323-0487-17;63323-0487-31;63323-0487-37;63323-0488-17;63323-0488-37;63323-0489-17;63323-0489-27
Lindane 1% Shampoo,No Commercially Available Preparations,"Feb 01, 2023","Feb 01, 2023",60432-0834-60
Linezolid Injection,Current Shortages,"Jul 31, 2025","Oct 16, 2024",00009-5137-04;00009-5140-04;00143-9534-10;00409-4883-01;00409-4883-10;00781-3433-95;55150-0242-51;57664-0683-57;63323-0713-13;66794-0219-43
Liotrix (Levothyroxine/Liothyronine T4/T3),Discontinued Drugs,"Feb 11, 2019","Jul 28, 2015",00456-0040-01;00456-0045-01;00456-0050-01;00456-0055-01;00456-0060-01
Liraglutide Injection,Current Shortages,"Aug 15, 2025","Jul 20, 2023",00169-2800-15;00169-4060-12;00169-4060-13;00480-3667-20;00480-3667-22;71288-0563-84;71288-0563-85
Lisdexamfetamine Dimesylate Capsules,Current Shortages,"Jul 21, 2025","Jun 19, 2023",00054-0370-25;00054-0371-25;00054-0372-25;00054-0373-25;00054-0374-25;00054-0375-25;00378-6854-77;00378-6855-77;00378-6856-77;00378-6857-77;00378-6858-77;00378-6859-77;00378-6860-77;00406-5111-01;00406-5112-01;00406-5113-01;00406-5114-01;00406-5115-01;00406-5116-01;00406-5117-01;00480-3564-01;00480-3565-01;00480-3566-01;00480-3567-01;00480-3568-01;00480-3569-01;00480-3570-01;00527-4661-37;00527-4662-37;00527-4663-37;00527-4664-37;00527-4665-37;00527-4666-37;00527-4667-37;42858-0161-01;42858-0162-01;42858-0163-01;42858-0164-01;42858-0165-01;42858-0166-01;42858-0167-01;43547-0602-10;43547-0603-10;43547-0604-10;43547-0605-10;43547-0606-10;43547-0607-10;43547-0608-10;47781-0562-01;47781-0563-01;47781-0564-01;47781-0565-01;47781-0566-01;47781-0567-01;47781-0568-01;57664-0046-88;57664-0047-88;57664-0048-88;57664-0049-88;57664-0050-88;57664-0051-88;57664-0052-88;59417-0101-10;59417-0102-10;59417-0103-10;59417-0104-10;59417-0105-10;59417-0106-10;59417-0107-10;60505-4739-01;60505-4740-01;60505-4741-01;60505-4742-01;60505-4743-01;60505-4744-01;60505-4745-01;65162-0023-09;65162-0024-09;65162-0025-09;65162-0026-09;65162-0027-09;65162-0028-09
Lisinopril Tablets,Resolved Shortages,"Aug 25, 2023","Jun 29, 2020",00904-6797-61;00904-6798-61;00904-6799-61;00904-7200-61;68180-0512-01;68180-0512-02;68180-0512-09;68180-0513-01;68180-0513-03;68180-0513-09;68180-0514-09;68180-0515-09;68180-0516-09;68180-0517-01;68180-0517-03;68180-0517-09;68180-0980-01;68180-0980-03;68180-0980-30;68180-0981-01;68180-0981-03;68180-0982-01;68180-0982-02;76282-0417-01;76282-0417-05;76282-0418-01;76282-0418-10;76282-0418-45;76282-0418-90;76282-0419-01;76282-0419-10;76282-0419-45;76282-0419-90;76282-0420-01;76282-0420-10;76282-0420-18;76282-0420-45;76282-0420-50;76282-0420-90;76282-0421-01;76282-0421-05;76282-0422-01;76282-0422-10;76282-0422-18;76282-0422-45;76282-0422-90
Lithium Oral Solution,Resolved Shortages,"Mar 14, 2025","Apr 27, 2020",71656-0072-16;71656-0072-50;72888-0172-46
Lorazepam Injection,Current Shortages,"Aug 12, 2025","Jun 23, 2015",00409-1985-30;00641-6000-10;00641-6001-25;00641-6002-10;00641-6003-25;00641-6044-25;00641-6045-25;00641-6046-10;00641-6047-10;65219-0368-02;76329-8261-01
Lorazepam Oral Solution,Resolved Shortages,"Sep 26, 2018","Jan 31, 2018",00054-3532-44;50383-0705-30;65162-0687-84
Lorazepam Tablets,Current Shortages,"Aug 14, 2025","Oct 04, 2018",00093-3425-01;00093-3425-05;00093-3425-10;00093-3426-01;00093-3426-05;00093-3426-10;00093-3427-01;00093-3427-05;00093-3427-10;00187-0063-01;00187-0064-01;00187-0064-10;00187-0065-01;00904-6007-60;00904-6007-61;00904-6008-60;00904-6008-61;00904-6009-60;00904-6009-61;62135-0861-01;62135-0862-01;62135-0863-01;69315-0904-01;69315-0904-05;69315-0904-10;69315-0905-01;69315-0905-05;69315-0905-10;69315-0906-01;69315-0906-05;69315-0906-10
Losartan and Hydrochlorothiazide Tablets,Current Shortages,"Jun 27, 2025","Feb 11, 2019",00093-7367-10;00093-7367-56;00093-7367-98;00093-7368-10;00093-7368-56;00093-7368-98;00093-7369-10;00093-7369-56;00093-7369-98;00781-5204-10;00781-5204-31;00781-5204-92;00781-5206-10;00781-5206-31;00781-5206-92;00781-5207-10;00781-5207-31;00781-5207-92;13668-0116-10;13668-0116-30;13668-0116-90;13668-0117-10;13668-0117-30;13668-0117-90;13668-0118-10;13668-0118-30;13668-0118-90;57237-0207-90;57237-0207-99;57237-0208-90;57237-0208-99;57237-0209-99;59746-0337-30;59746-0337-90;59746-0338-30;59746-0338-90;59746-0339-30;59746-0339-90;62332-0048-90;62332-0049-90;62332-0050-90;68180-0215-06;68180-0215-09;68180-0216-06;68180-0216-09;68180-0217-06;68180-0217-09;78206-0139-01;78206-0139-02;78206-0140-01;78206-0140-02;78206-0141-01;78206-0141-02
Losartan Tablets,Resolved Shortages,"Sep 08, 2022","Jun 07, 2019",00904-7047-61;00904-7048-61;00904-7049-61;31722-0700-10;31722-0700-90;31722-0701-10;31722-0701-30;31722-0701-90;31722-0702-10;31722-0702-30;31722-0702-90;62332-0027-30;62332-0027-90;62332-0027-91;62332-0028-30;62332-0028-90;62332-0028-91;62332-0029-30;62332-0029-90;62332-0029-91;68180-0376-03;68180-0376-09;68180-0377-03;68180-0377-09;68180-0378-03;68180-0378-09;68382-0135-06;68382-0135-10;68382-0135-16;68382-0136-06;68382-0136-10;68382-0136-16;68382-0137-06;68382-0137-10;68382-0137-16;78206-0121-01;78206-0122-01;78206-0122-02;78206-0123-01;78206-0123-02
Loxapine Tablets,Resolved Shortages,"Jun 15, 2022","Sep 12, 2019",00378-7005-01;00378-7010-01;00378-7025-01;00378-7050-01;00527-1394-01;00527-1395-01;00527-1396-01;00527-1397-01;00591-0369-01;00591-0370-01;00591-0371-01;00591-0372-01;10135-0585-01;10135-0586-01;10135-0587-01;10135-0588-01
Lutetium Lu 177 Dotatate Injection,Resolved Shortages,"Sep 14, 2022","May 05, 2022",69488-0003-01
Mafenide Acetate Powder for Solution,Discontinued Drugs,"Nov 13, 2023","Aug 28, 2018",49884-0902-78;50742-0310-25;51079-0624-85
Magnesium Citrate Oral Solution,Current Shortages,"Jul 18, 2025","Aug 03, 2022",46122-0740-38;46122-0741-38;69452-0389-98;69452-0390-98;71399-0051-01
Magnesium Sulfate Injection,Current Shortages,"Jul 29, 2025","May 29, 2015",00264-4204-52;00264-4205-52;00264-4206-54;00264-4400-54;00338-1708-40;00338-1709-40;00338-1715-40;00338-1719-40;00409-1754-10;00409-2050-20;00409-2168-77;00409-3164-12;00409-4121-50;00409-5239-60;00409-6727-50;00409-6729-23;00409-6729-24;00409-6730-60;25021-0612-81;25021-0612-82;44567-0410-24;44567-0420-24;44567-0421-24;44567-0424-24;47335-0992-01;47335-0992-02;63323-0064-03;63323-0064-11;63323-0106-01;63323-0106-05;63323-0106-10;63323-0106-15;63323-0107-05;63323-0108-01;63323-0642-20;63323-0642-50;70121-1719-09;70121-1720-09;83634-0500-81;83634-0500-82;83634-0501-81
Mannitol Injection,Resolved Shortages,"Dec 19, 2016","Aug 05, 2015",00264-7578-10;00264-7578-20;00338-0351-04;00338-0357-02;00338-0357-03;00409-4031-01;00409-7715-02;00409-7715-03;00517-4050-25;63323-0024-25
Mannitol Injection,Resolved Shortages,"Nov 19, 2019","Aug 16, 2017",00264-7578-10;00264-7578-20;00338-0351-04;00338-0357-02;00338-0357-03;00409-4031-01;00409-7715-02;00409-7715-03;63323-0024-25
Mannitol Injection,Resolved Shortages,"Jan 31, 2024","Sep 17, 2021",00264-7578-10;00338-0353-03;00338-0357-03;00409-4031-01;00990-7715-02;00990-7715-03;63323-0024-25
Mannitol Injection,Current Shortages,"Aug 06, 2025","Oct 09, 2024",00264-7578-10;00338-0353-03;00338-0357-03;00409-4031-01;00990-7715-02;00990-7715-03;63323-0024-25
Maprotiline Tablets,Discontinued Drugs,"Sep 10, 2021","Sep 02, 2020",00378-0060-01;00378-0087-01;00378-0092-01
Mefloquine Hydrochloride Tablets,Current Shortages,"Jul 29, 2025","Oct 09, 2024",00555-0171-78;62135-0973-25
Megestrol Acetate Tablets,Current Shortages,"Jul 16, 2025","May 23, 2025",00555-0606-02;00555-0607-02;00904-7236-61;64380-0158-01;64380-0159-01;64380-0159-03
Melphalan Injection,Resolved Shortages,"Jun 06, 2022","Jan 28, 2019",42023-0129-01;43598-0392-48;45963-0686-02;52609-3001-00;63323-0760-20;67457-0195-01;70860-0214-61;71288-0112-90;72893-0001-01
Melphalan Tablets,Resolved Shortages,"Apr 12, 2018","Dec 28, 2016",47781-0200-50;52609-0001-05
Melphalan Tablets,Discontinued Drugs,"Jul 14, 2023","Sep 18, 2018",47781-0200-50;52609-0001-05
Memantine Hydrochloride Extended-Release Capsules,Resolved Shortages,"May 26, 2016","Aug 04, 2015",00456-3400-29;00456-3407-33;00456-3414-33;00456-3414-63;00456-3414-90;00456-3421-33;00456-3428-33;00456-3428-63;00456-3428-90
Meningococcal Vaccines,Resolved Shortages,"Mar 20, 2017","Sep 21, 2015",00005-0100-05;00005-0100-10;46028-0114-01;46028-0114-02;46028-0208-01;49281-0489-01;49281-0589-05;58160-0801-11
Menotropins - Follicle Stimulating Hormone and Luteinizing Hormone,Resolved Shortages,"Jul 12, 2021","Dec 10, 2020",55566-7501-02
Menotropins - Follicle Stimulating Hormone and Luteinizing Hormone,Current Shortages,"Oct 31, 2022","Oct 31, 2022",55566-7501-02
Meperidine Hydrochloride Injection,Resolved Shortages,"Apr 16, 2021","Sep 19, 2017",00409-1176-30;00409-1178-30;00409-1179-30;00409-1180-69;00409-1181-30;00409-1201-20;00409-1255-02;00641-6052-25;00641-6053-25;00641-6054-25
Meperidine Hydrochloride Injection,Resolved Shortages,"May 10, 2023","Sep 26, 2022",00409-1176-30;00409-1178-30;00409-1179-30;00409-1180-69;00409-1181-30;00409-1362-01;00409-1418-01;00641-6052-25;00641-6053-25;00641-6054-25
Meperidine Hydrochloride Injection,Current Shortages,"Aug 07, 2025","Mar 20, 2024",00409-1176-30;00409-1178-30;00409-1179-30;00409-1180-69;00409-1181-30;00409-1362-01;00409-1418-01;00641-6052-25;00641-6053-25;00641-6054-25
Mepivacaine Injection,Resolved Shortages,"Jan 08, 2024","Jun 09, 2017",63323-0260-37;63323-0283-57;63323-0293-37;63323-0294-27;63323-0296-57
Mercaptopurine Tablets,Resolved Shortages,"May 26, 2016","Aug 28, 2015",00054-4581-11;00054-4581-27;00093-5510-06;00378-3547-25;00378-3547-52;57844-0522-06
Mercaptopurine Tablets,Current Shortages,"Aug 06, 2025","Jan 08, 2024",00054-4581-11;00054-4581-27;00378-3547-25;00378-3547-52;69076-0913-02;69076-0913-25
Meropenem Injection,Resolved Shortages,"May 17, 2016","Aug 06, 2015",00264-3183-11;00264-3185-11;00310-0321-30;00310-0325-20;00409-3505-01;00409-3506-01;63323-0507-20;63323-0508-30
Meropenem Injection,Resolved Shortages,"Sep 22, 2020","Sep 25, 2018",00069-0313-10;00069-0314-10;00264-3183-11;00264-3185-11;00409-1390-51;00409-1391-22;00781-3000-95;00781-3098-95;44567-0400-10;44567-0401-10;55150-0207-20;55150-0208-30;63323-0507-20;63323-0508-30;70121-1453-07;70121-1454-07
Mesna Injection,Resolved Shortages,"May 26, 2016","Aug 28, 2015",00338-1305-01;00338-1305-03;00703-4805-03;10019-0953-01;10019-0953-02;25021-0201-10;25021-0201-11;63323-0733-10;63323-0733-11;67457-0148-10
Mesna Injection,Resolved Shortages,"Aug 12, 2025","Feb 21, 2024",00143-9260-01;00338-1305-01;10019-0953-01;25021-0201-10;25021-0201-11;63323-0733-11
Metformin Oral Solution,Resolved Shortages,"Sep 24, 2021","May 18, 2021",42571-0360-07
Methadone Hydrochloride Oral Solution,Current Shortages,"Jun 04, 2025","Mar 06, 2025",00054-0391-68;00054-0392-68;00054-3553-44;00054-3555-63;00054-3556-63;66689-0694-79;66689-0695-79
Methadone Injection,Resolved Shortages,"Jun 07, 2019","Oct 30, 2017",17478-0380-20
Methadone Injection,Resolved Shortages,"Feb 23, 2023","Feb 12, 2020",17478-0380-20;67457-0217-20
Methenamine Hippurate Tablets,Resolved Shortages,"May 04, 2022","Mar 12, 2020",30698-0477-01;42571-0332-01;47781-0577-01
Methocarbamol Tablets,Resolved Shortages,"Aug 07, 2020","May 08, 2018",00603-4485-21;00603-4485-28;00603-4486-21;00603-4486-28;00603-4486-32;31722-0533-01;31722-0533-05;31722-0534-01;31722-0534-05;43547-0226-10;43547-0226-50;43547-0405-10;43547-0405-50;52244-0429-10;52244-0449-10;62207-0754-43;62207-0754-47;62207-0770-43;62207-0770-47;69543-0134-10;69543-0134-50;69543-0135-10;69543-0135-50;76385-0123-01;76385-0123-50;76385-0124-01;76385-0124-50
Methohexital Injection,Resolved Shortages,"Nov 03, 2021","May 19, 2021",42023-0105-01
Methohexital Injection,Resolved Shortages,"Dec 27, 2023","Nov 29, 2023",42023-0105-01
Methohexital Injection,Resolved Shortages,"Dec 15, 2024","Sep 17, 2024",42023-0105-01
METHOTREXATE INJECTION,Resolved Shortages,"May 26, 2016","Jun 17, 2015",00703-3671-03;00703-3675-01;00703-3678-01;16729-0277-03;16729-0277-30;16729-0277-35;54436-0010-04;54436-0015-04;54436-0020-04;54436-0025-04;61703-0350-38;61703-0408-41;63323-0122-50;63323-0123-10;66758-0041-01;67457-0466-10;67457-0467-99;67457-0480-40;67457-0485-99;67457-0486-99
Methotrexate Injection,Resolved Shortages,"Dec 01, 2021","Dec 16, 2016",00143-9519-10;00143-9830-01;00703-3671-01;00703-3675-01;00703-3678-01;16729-0277-03;16729-0277-30;16729-0277-35;61703-0350-38;61703-0408-41;63323-0122-50;63323-0123-10;67457-0466-10;67457-0480-40
Methotrexate Injection,Current Shortages,"May 22, 2025","Feb 02, 2023",00143-9519-10;00143-9830-01;00703-3671-01;00703-3675-01;00703-3678-01;16729-0277-03;16729-0277-30;16729-0277-35;61703-0350-38;61703-0408-41;63323-0122-50;63323-0123-10
Methyldopa Tablets,Discontinued Drugs,"Nov 02, 2023","Aug 28, 2018",00378-0421-01;00378-0611-01;16729-0030-01;16729-0030-16;16729-0031-01;16729-0031-16
Methyldopa Tablets,Resolved Shortages,"Nov 17, 2023","Nov 10, 2023",00378-0421-01;00378-0611-01;16729-0030-01;16729-0030-16;16729-0031-01;16729-0031-16;62135-0321-18;62135-0321-90;62135-0322-18;62135-0322-90
Methyldopate Injection,Discontinued Drugs,"Sep 24, 2018","Jul 28, 2015",00517-8905-10
Methylene Blue,Resolved Shortages,"Jan 13, 2020","Jun 08, 2015",00517-0374-01;17478-0504-10
Methylphenidate Extended Release Oral Presentations,Current Shortages,"Aug 08, 2025","Dec 15, 2022",00078-0370-05;00078-0371-05;00078-0372-05;00078-0424-05;00093-5292-01;00093-5293-01;00093-5295-01;00093-5296-01;00093-5297-01;00093-5298-01;00093-5346-01;00093-5347-01;00093-5348-01;00115-1736-01;00115-1737-01;00115-1738-01;00115-1739-01;00115-1740-01;00115-1741-01;00406-0127-01;00406-0136-01;00406-0154-01;00406-1445-01;00406-1473-01;00527-4579-37;00527-4580-37;00527-4581-37;00527-4582-37;00527-4583-37;00527-4584-37;00591-3854-19;00591-3862-19;00591-3869-19;00591-3873-19;00591-3891-19;00591-3895-19;00591-3902-19;00781-2363-01;00781-2383-01;00781-2384-01;00781-2386-01;10702-0075-01;10702-0076-01;13811-0700-30;13811-0706-10;13811-0707-10;13811-0708-10;13811-0709-10;13811-0710-30;13811-0711-30;24478-0074-01;24478-0075-01;24478-0076-01;24478-0321-02;24478-0322-04;24478-0323-05;24478-0324-06;31722-0952-01;31722-0953-01;31722-0954-01;31722-0955-01;42858-0075-45;42858-0076-45;42858-0077-45;42858-0078-45;42858-0079-45;42858-0080-45;42858-0081-45;42858-0401-45;42858-0402-45;42858-0403-45;42858-0404-45;42858-0405-45;42858-0406-45;42858-0407-45;43598-0438-01;43598-0439-01;43598-0440-01;43598-0441-01;50458-0585-01;50458-0586-01;50458-0587-01;50458-0588-01;57664-0606-88;57664-0607-88;57664-0608-88;57664-0609-88;62037-0725-01;62037-0726-01;62037-0727-01;62037-0734-01;62175-0310-37;62175-0311-37;62175-0312-37;62175-0313-37;68025-0084-30;68025-0088-30;68025-0089-30;68025-0095-10;68025-0096-10;68025-0097-10;68025-0098-10;69654-0579-30;69654-0580-30;69654-0581-30;69654-0582-30;69654-0583-30;69654-0584-30;70165-0100-30;70165-0200-30;70165-0300-30;71376-0201-03;71376-0202-03;71376-0203-03;71376-0204-03;71376-0205-03
Methylphenidate Extended-Release Oral Suspension and Chewable Tablets,Resolved Shortages,"May 22, 2019","Jan 06, 2018",24478-0074-01;24478-0075-01;24478-0076-01;24478-0321-02;24478-0322-04;24478-0323-05;24478-0324-06
Methylphenidate Hydrochloride Chewable Tablets,Resolved Shortages,"Sep 15, 2017","Jul 09, 2015",43386-0570-01;43386-0571-01;43386-0572-01;59630-0760-10;59630-0761-10;59630-0762-10
Methylphenidate Hydrochloride Extended Release Oral Presentations,Resolved Shortages,"May 17, 2016","May 06, 2015",00078-0370-05;00078-0371-05;00078-0372-05;00078-0424-05;00078-0658-15;00093-5292-01;00093-5293-01;00093-5295-01;00093-5296-01;00093-5297-01;00093-5298-01;00093-5346-01;00093-5347-01;00093-5348-01;00406-0127-01;00406-0136-01;00406-0154-01;00406-1445-01;00406-1473-01;00591-2715-01;00591-2716-01;00591-2717-01;00591-2718-01;45963-0200-11;50458-0585-01;50458-0586-01;50458-0587-01;50458-0588-01;53014-0579-07;53014-0580-07;53014-0581-07;53014-0582-07;53014-0583-07;53014-0584-07;53014-0594-01;53014-0594-07;62175-0151-37;62175-0152-37;62175-0153-37;62175-0154-37;62175-0155-37;62175-0156-37;62175-0310-37;62175-0311-37;62175-0312-37;62175-0313-37;67767-0200-01;67767-0201-01;67767-0202-01
Methylphenidate Hydrochloride Transdermal,Resolved Shortages,"Jul 07, 2017","Nov 18, 2015",68968-5552-30;68968-5553-30;68968-5554-30;68968-5555-30
Methylphenidate Immediate-Release Tablets,Current Shortages,"Jul 03, 2025","Jul 31, 2023",00078-0439-05;00115-1800-01;00115-1801-01;00115-1802-01;10702-0100-01;10702-0101-01;10702-0102-01;16729-0478-01;16729-0479-01;16729-0480-01;31722-0173-01;31722-0174-01;31722-0175-01;43547-0486-10;43547-0487-10;43547-0488-10;57664-0228-88;57664-0229-88;57664-0230-88;66758-0274-01;66758-0275-01
Methylphenidate Transdermal System,Current Shortages,"May 25, 2025","Feb 28, 2025",00378-8260-93;00378-8261-93;00378-8262-93;00378-8263-93;00574-2410-65;00574-2415-65;00574-2420-65;00574-2430-65;68968-5552-03;68968-5553-03;68968-5554-03;68968-5555-03
Methylprednisolone Acetate Injection,Resolved Shortages,"Jun 27, 2017","Aug 06, 2015",00009-0274-01;00009-0280-02;00009-0280-03;00009-0280-51;00009-0280-52;00009-0306-02;00009-0306-12;00009-3073-01;00009-3073-03;00009-3475-01;00009-3475-03;00781-3131-71;00781-3131-95;00781-3132-71;00781-3132-95;00781-3136-70;00781-3137-75
Methylprednisolone Acetate Injection,Resolved Shortages,"Aug 08, 2023","Aug 20, 2021",00009-0274-01;00009-0280-02;00009-0280-03;00009-0280-51;00009-0280-52;00009-0306-02;00009-0306-12;00009-3073-01;00009-3073-03;00009-3475-01;00009-3475-03;25021-0820-05;25021-0820-10;25021-0821-05;55150-0313-01;55150-0314-01;70121-1573-01;70121-1573-05;70121-1574-01;70121-1574-05
Methylprednisolone Sodium Succinate Injection,Resolved Shortages,"Sep 26, 2016","Jan 28, 2016",00009-0003-02;00009-0018-20;00009-0039-28;00009-0047-22;00009-0698-01;00009-0758-01;00009-0796-01;63323-0255-03;63323-0258-03;63323-0265-30
Methylprednisolone Sodium Succinate Injection,Current Shortages,"Aug 07, 2025","Mar 23, 2023",00009-0003-02;00009-0018-20;00009-0039-28;00009-0047-22;00009-0698-01;00009-0758-01;00009-0850-01;00143-9753-25;00143-9754-25;00143-9850-01;00143-9851-01;43598-0127-25;43598-0128-11;43598-0129-25;43598-0130-74;63323-0255-03;63323-0258-03;63323-0265-30
Metoclopramide Injection,Resolved Shortages,"Sep 24, 2019","Jul 16, 2017",00409-3414-01;00703-4502-04;23155-0240-41;76045-0101-20
Metoclopramide Injection,Resolved Shortages,"Jun 05, 2022","Aug 11, 2021",00409-3414-01;00703-4502-04;23155-0240-41;76045-0101-20
Metoprolol Injection,Resolved Shortages,"Jul 08, 2016","Jul 29, 2015",00143-9660-10;00143-9873-10;00143-9873-25;00409-1778-05;00409-1778-35;00409-2285-05;00517-1355-25;00781-3071-95;25021-0303-05;36000-0033-10;63323-0660-05
Metoprolol Injection,Current Shortages,"Aug 12, 2025","Nov 07, 2017",00143-9660-10;00143-9873-25;00409-1778-05;25021-0303-05;36000-0033-10;63323-0660-05;72611-0740-10
Metronidazole Hydrochloride Injection,Resolved Shortages,"Oct 14, 2020","May 08, 2017",00264-5535-32;00338-1055-48;00409-7811-24;00409-7811-37;25021-0131-82
Metronidazole Hydrochloride Injection,Current Shortages,"Aug 12, 2025","Oct 20, 2021",00264-5535-32;00338-1055-48;00409-0152-24;00409-7811-37;25021-0131-82;44567-0750-24;47335-0993-01;80830-2465-09
Mexiletine Hydrochloride Capsules,Resolved Shortages,"Apr 16, 2021","Aug 10, 2020",00093-8739-01;00093-8740-01;00093-8741-01;00527-4107-37;00527-4108-37;00527-4109-37
MIDAZOLAM INJECTION,Resolved Shortages,"May 26, 2016","Jun 02, 2015",00409-2305-05;00409-2305-17;00409-2306-12;00409-2306-62;00409-2307-60;00409-2308-01;00409-2308-02;00409-2587-05;00409-2596-03;00409-2596-05;00641-6056-10;00641-6057-10;00641-6057-25;00641-6059-10;00641-6060-10;00641-6061-10;00641-6061-25;00641-6063-10;00641-6063-25;17478-0523-02;17478-0523-10;17478-0523-55;17478-0524-01;17478-0524-02;17478-0524-05;17478-0524-10;25021-0655-02;25021-0655-05;25021-0656-01;25021-0656-02;25021-0660-10;25021-0661-05;25021-0661-10;57664-0634-44;63323-0411-10;63323-0411-12;63323-0411-25;63323-0412-02;63323-0412-05;63323-0412-10;63323-0412-25;64679-0762-02;64679-0763-04;65293-0411-25;65293-0412-10;65293-0413-10;65293-0414-10;65293-0415-10;65293-0416-25;65293-0417-25;76045-0001-20;76045-0002-10;76045-0003-20
Midazolam Injection,Current Shortages,"Aug 12, 2025","Jun 14, 2019",00143-9379-10;00143-9380-10;00409-0001-25;00409-2305-05;00409-2308-01;00409-2308-02;00409-2587-05;00409-2596-03;00409-2596-05;00641-6056-10;00641-6057-25;00641-6059-10;00641-6060-10;00641-6061-25;00641-6063-25;00641-6219-10;00641-6220-10;23155-0600-41;23155-0601-41;23155-0601-42;25021-0655-02;25021-0661-10;44567-0610-10;44567-0611-10;63323-0411-10;63323-0411-12;63323-0411-25;63323-0412-02;63323-0412-10;63323-0412-25;70069-0816-10;70069-0817-10;76045-0001-20;76045-0002-10
Midodrine Tablets,Resolved Shortages,"Oct 09, 2019","Jun 13, 2018",00115-4211-01;00185-0040-01;00185-0043-01;00185-0043-05;00185-0149-01;00245-0211-11;00245-0212-11;00245-0213-11;51079-0453-20;60505-1320-01;60505-1321-01;60505-1325-01
Midostaurin Capsules,Resolved Shortages,"Apr 29, 2024","Dec 13, 2023",00078-0698-19;00078-0698-99
Milrinone Injection,Resolved Shortages,"May 17, 2016","Jun 01, 2015",00143-9708-01;00143-9709-10;00143-9710-10;00143-9718-10;00143-9719-10;00338-6010-48;00338-6011-37;00409-0212-01;00409-0212-02;00409-0212-03;00409-2776-02;00409-2776-23;63323-0617-10;63323-0617-20;63323-0617-50
Mineral Oil and Petrolatum Ophthalmic Ointment,Resolved Shortages,"Nov 05, 2021","Jun 06, 2018",00023-0240-04;00023-0312-04;00023-0312-07;00065-0509-35;00065-0518-01;00904-6488-38;10119-0223-99
Minoxidil 2.5 mg Tablets,Current Shortages,"Aug 15, 2025","Nov 28, 2023",00591-5642-01;49884-0256-01;53489-0386-01
Misoprostol Tablets,Resolved Shortages,"Sep 07, 2022","Nov 25, 2020",00025-1451-34;00025-1451-60;00025-1461-31;00025-1461-60;43386-0160-06;43386-0160-12;43386-0161-01;43386-0161-06;59762-5007-01;59762-5007-02;59762-5008-01;59762-5008-02
Mitomycin Injection,Current Shortages,"Aug 06, 2025","Mar 03, 2023",00143-9279-01;00143-9280-01;16729-0108-11;16729-0115-05;16729-0116-38;25021-0250-20;25021-0251-50;25021-0252-51;55150-0450-01;55150-0451-01;55150-0452-01;65219-0564-20;65219-0566-20;65219-0568-00;71288-0137-20;71288-0138-50;71288-0139-51;72819-0152-95;72819-0153-02;72819-0154-04
Mitomycin Kit for Ophthalmic Use,Resolved Shortages,"Oct 09, 2018","Aug 29, 2018",49771-0002-03
Mitoxantrone Hydrochloride Injection,Resolved Shortages,"Nov 14, 2019","Sep 24, 2015",00703-4680-01;00703-4685-01;00703-4686-01;61703-0343-18;61703-0343-65;61703-0343-66;63323-0132-10;63323-0132-12;63323-0132-15
Mometasone Furoate Aerosol for Oral Inhalation,Current Shortages,"Aug 14, 2025","Jul 29, 2025",78206-0111-01;78206-0112-01;78206-0113-01
Mometasone Furoate Monohydrate Nasal Spray,Resolved Shortages,"May 26, 2016","Sep 23, 2015",00085-1288-01
Mometasone Furoate Oral Inhalers,Resolved Shortages,"Oct 07, 2024","Jan 18, 2024",78206-0111-01;78206-0112-01;78206-0113-01;78206-0114-01;78206-0114-02;78206-0114-03;78206-0114-04;78206-0115-01
Morphine Injection,Current Shortages,"Aug 18, 2025","Jun 03, 2015",00409-1890-01;00409-1890-23;00409-1891-01;00409-1893-23;00409-1896-20;00409-2022-01;00409-3814-12;00409-3815-12;00641-6019-10;00641-6020-10;00641-6039-01;00641-6040-01;00641-6125-25;00641-6126-25;00641-6127-25;00641-6191-10;00641-6192-10;63323-0451-01;63323-0452-01;63323-0454-01;63323-0455-01;63323-0458-01;66794-0160-02;66794-0162-02;76045-0004-11;76045-0005-11
Morphine Oral Solution,Current Shortages,"Jul 16, 2025","Feb 19, 2025",00054-0237-49;00054-0237-63;00054-0238-49;00054-0238-63;00054-0517-41;00054-0517-44;00054-0517-50
Morphine PCA Vials,Resolved Shortages,"Aug 01, 2016","Dec 10, 2015",00409-2029-02;00409-6028-04
Morphine PCA Vials,Resolved Shortages,"Aug 15, 2022","Jun 08, 2018",00409-2029-02;00409-6028-04;76329-1911-01
Morphine PCA Vials,Resolved Shortages,"Aug 28, 2023","Jan 17, 2023",76329-1911-01
Morphine Sulfate Extended-Release Tablets,Current Shortages,"Aug 14, 2025","Dec 12, 2024",00228-4270-11;00228-4271-11;00228-4311-11;00228-4323-11;00228-4347-11;00904-6557-61;00904-6558-61;00904-6559-61;00904-6560-61;42858-0515-01;42858-0631-01;42858-0760-01;42858-0799-01;42858-0801-01;42858-0802-01;42858-0803-01;42858-0804-01;42858-0805-01;42858-0900-01;63304-0450-01;63304-0451-01;63304-0452-01;63304-0453-01;63304-0758-01
Morphine Sulfate Immediate-Release Tablets,Resolved Shortages,"Sep 23, 2019","Dec 20, 2018",00054-0235-24;00054-0235-25;00054-0236-24;00054-0236-25
Morphine Sulfate Immediate-Release Tablets,Current Shortages,"Aug 14, 2025","Apr 06, 2025",00054-0235-24;00054-0235-25;00054-0236-24;00054-0236-25;00832-0273-11;00832-0274-11;67877-0670-01;67877-0671-01
Morrhuate Sodium Injection,Discontinued Drugs,"Sep 24, 2018","Jun 02, 2015",00517-3065-01
Moxifloxacin Injection,Resolved Shortages,"Sep 25, 2018","Oct 30, 2017",50419-0537-01;63323-0850-74;67457-0323-25
Moxifloxacin Tablets,Current Shortages,"Jul 22, 2025","Dec 06, 2023",00093-7387-56;00904-7407-04;00904-7407-06;57237-0156-30
Multiple Electrolytes Large Volume Solutions for Injection,Resolved Shortages,"Mar 20, 2019","Feb 01, 2018",00338-0179-03;00338-0179-04;00338-0221-03;00338-0221-04;00409-7670-03;00409-7670-09;00409-7967-09
Multiple Electrolytes Large Volume Solutions for Injection,Resolved Shortages,"May 04, 2022","Aug 18, 2021",00409-7670-03;00409-7670-09;00409-7967-09
Multiple Vitamin Oral Liquid,Resolved Shortages,"Aug 08, 2018","Feb 07, 2018",00005-4344-62;00536-1153-59;00904-5023-09
Multiple Vitamins for Infusion,Resolved Shortages,"Aug 11, 2023","Jun 16, 2015",05464-3564-61;05464-3564-70;05464-3564-91;05464-3565-02
Multivitamin Oral Liquid,Discontinued Drugs,"Nov 15, 2016","Nov 14, 2016",54838-0008-70;54838-0008-80;54838-0009-70;54838-0009-80
Mupirocin Calcium 2% Cream,Resolved Shortages,"Jul 14, 2020","Sep 04, 2015",00029-1527-22;00029-1527-25;68462-0564-17;68462-0564-35
Mupirocin Calcium 2% Nasal Ointment,Discontinued Drugs,"Jul 14, 2020","Aug 13, 2015",00029-1526-11
Mycophenolate Mofetil Capsules and Tablets,Resolved Shortages,"Aug 15, 2022","Jul 26, 2018",00004-0259-01;00004-0259-43;00004-0260-01;00004-0260-43;00054-0163-25;00054-0163-29;00054-0166-25;00054-0166-29;00093-7334-01;00093-7334-05;00378-2250-01;00378-2250-05;00378-4472-01;00378-4472-05;00781-2067-01;00781-2067-05;00781-5175-01;00781-5175-05;16729-0019-01;16729-0019-16;16729-0094-01;16729-0094-16;51079-0379-20;51079-0721-20;67877-0225-01;67877-0225-05;67877-0266-01;67877-0266-05
Mycophenolate Sodium Delayed-Release Tablets,Current Shortages,"Dec 16, 2020","Dec 16, 2020",00078-0385-66;00078-0386-66;00904-6785-04;00904-6785-61;00904-6786-04;00904-6786-61;51079-0508-20;51079-0509-20;60505-2965-07;60505-2966-07
Nafcillin Sodium Injection,Resolved Shortages,"May 23, 2025","Mar 20, 2024",00338-1019-48;44567-0221-10;44567-0222-10;55150-0122-15;55150-0123-15;55150-0124-99;63323-0327-10;63323-0328-20;63323-0330-60;72485-0406-10
Nalbuphine Injection,Resolved Shortages,"Jan 31, 2017","Aug 30, 2016",00409-1463-01;00409-1464-01;00409-1465-01;00409-1467-01
Nalbuphine Injection,Resolved Shortages,"Dec 01, 2018","Apr 05, 2018",00409-1463-01;00409-1464-01;00409-1465-01;00409-1467-01
Nalbuphine Injection,Resolved Shortages,"Sep 01, 2021","Oct 01, 2019",00409-1463-01;00409-1464-01;00409-1465-01;00409-1467-01
Nalbuphine Injection,Current Shortages,"Aug 12, 2025","Nov 08, 2022",00409-1463-01;00409-1464-01;00409-1465-01;00409-1467-01;70069-0661-10;70069-0662-10;70069-0671-10;70069-0672-10
Naltrexone Tablets,Current Shortages,"Aug 04, 2025","Feb 07, 2024",00904-7036-04;16729-0081-01;16729-0081-10;23155-0886-01;23155-0886-03;47335-0326-83;47335-0326-88;51224-0206-30;51224-0206-50;62135-0242-30;62135-0242-60;62135-0242-90
Nebivolol Tablets,Resolved Shortages,"May 26, 2016","Sep 16, 2015",00456-1402-30;00456-1402-63;00456-1405-30;00456-1405-63;00456-1405-90;00456-1410-30;00456-1410-90;00456-1420-30;00456-1420-90
Nefazodone Tablets,Resolved Shortages,"Jan 26, 2022","Sep 14, 2020",00093-1024-06;00093-1025-06;00093-1026-06;00093-7113-06;00093-7178-01
Nelarabine Injection,Resolved Shortages,"Oct 22, 2019","Aug 23, 2018",00078-0683-06
Nelarabine Injection,Resolved Shortages,"Jun 23, 2025","Mar 17, 2025",00078-0683-61;25021-0259-50;25021-0259-51;39822-0650-01;39822-0650-06;43598-0142-06;43598-0142-11;62232-0813-50;62232-0813-63;70121-1743-01;70121-1743-04;70710-1726-01;70710-1726-08;71288-0165-54;72205-0154-01;72205-0154-04;81927-0111-01;81927-0111-06
Nelfinavir Mesylate Tablets,Resolved Shortages,"Jul 09, 2019","Mar 06, 2019",63010-0010-30;63010-0027-70
Neomycin and Polymyxin B Sulfates and Dexamethasone Ophthalmic Ointment,Resolved Shortages,"Jul 08, 2016","Sep 30, 2015",00065-0631-36;00574-4160-35;24208-0795-35;61314-0631-36
Neomycin and Polymyxin B Sulfates and Dexamethasone Ophthalmic Ointment,Resolved Shortages,"Mar 30, 2022","Mar 17, 2020",00078-0771-01;00574-4160-35;24208-0795-35;61314-0631-36
Neomycin and Polymyxin B Sulfates Genitourinary Irrigant,Resolved Shortages,"Sep 06, 2022","Dec 16, 2019",39822-1201-02;39822-1201-05;39822-1220-01
Neomycin and Polymyxin B Sulfates Genitourinary Irrigant,Current Shortages,"Jun 06, 2025","Jun 26, 2023",39822-1201-05;39822-1220-01
Neomycin Sulfate Tablets,Resolved Shortages,"Sep 07, 2023","May 14, 2021",00093-1177-01;39822-0310-05;50383-0565-10
Nesiritide Injection,Discontinued Drugs,"Jun 20, 2018","Jun 20, 2018",65847-0205-25
Nicardipine Hydrochloride Injection,Resolved Shortages,"May 26, 2016","Jun 01, 2015",00143-9689-10;00781-3204-95;24477-0030-25;24477-0311-02;24477-0312-02;24477-0323-02;24477-0324-02;41616-0882-44
Nicardipine Hydrochloride Injection,Resolved Shortages,"Jun 19, 2020","Jun 13, 2019",00143-9689-10;10122-0313-10;10122-0325-10
Nicardipine Hydrochloride Injection,Resolved Shortages,"Dec 15, 2020","Oct 07, 2020",00143-9633-10;00143-9634-10;00143-9689-10;00517-0735-10;10122-0313-10;10122-0325-10
Nicotine Inhalation System,Discontinued Drugs,"Nov 01, 2023","Nov 01, 2023",00009-5400-01
Nimodipine Oral Solution,Resolved Shortages,"May 26, 2016","Jul 09, 2015",24338-0200-12;24338-0200-16
Nimodipine Oral Solution,Resolved Shortages,"May 26, 2020","Nov 21, 2019",24338-0200-12;24338-0200-16;24338-0205-12;24338-0230-12;24338-0260-12
Nirsevimab-alip Intramuscular Injection (Beyfortus),Resolved Shortages,"Apr 01, 2024","Oct 23, 2023",49281-0574-15;49281-0575-15
Nitazoxanide Oral Presentations,Current Shortages,"Feb 15, 2024","Feb 15, 2024",64980-0526-60;67546-0111-12;67546-0111-14;67546-0212-21
Nitrofurantoin Oral Suspension,Current Shortages,"Jul 21, 2025","Jun 05, 2018",00472-1992-08;43386-0450-11;65162-0689-88;70069-0829-01;70199-0006-32;70408-0239-32
Nitroglycerin Injection,Resolved Shortages,"Aug 12, 2018","Feb 09, 2017",00517-4810-25
Nitroglycerin Injection,Resolved Shortages,"Dec 15, 2020","Jan 10, 2020",00517-4810-25
Nitroglycerin Injection,Current Shortages,"Jun 25, 2025","Aug 24, 2023",00338-1047-02;00338-1049-02;00338-1051-02;00517-4810-25
Nitroglycerin Sublingual Powder,Discontinued Drugs,"Jul 22, 2022","Jun 10, 2022",28595-0705-36
Nizatidine Capsules,Resolved Shortages,"Mar 10, 2023","Feb 12, 2020",00591-3137-60;00591-3138-30;68462-0425-60;68462-0426-30
Norepinephrine Bitartrate Injection,Resolved Shortages,"Jun 07, 2022","Feb 09, 2017",00143-9318-10;00409-1143-04;00409-3375-04;00703-1153-03;00781-3755-95;36000-0162-10;67457-0852-04;70121-1576-07
Nystatin Oral Suspension,Resolved Shortages,"Dec 09, 2019","Dec 10, 2018",00121-0810-02;00121-0810-16;00121-4810-00;00121-4810-40;50383-0587-16;50383-0587-66;60432-0537-16;60432-0537-60;66689-0008-02;66689-0008-16;66689-0037-50;66689-0037-99;68094-0599-58;68094-0599-61;68094-0599-62
Nystatin Oral Suspension,Resolved Shortages,"Jun 23, 2025","Jun 21, 2024",00121-0868-02;00121-1045-16;60432-0537-16;60432-0537-60;62135-0813-24;62135-0813-46;62135-0813-47;69315-0504-47;69315-0504-60
Nystatin Topical Powder,Resolved Shortages,"May 22, 2024","Aug 18, 2023",00574-2008-02;00574-2008-15;00574-2008-30
Octreotide Injection,Resolved Shortages,"Jul 03, 2024","Mar 15, 2016",00078-0180-01;00078-0181-01;00078-0182-01;00641-6174-10;00641-6175-10;00641-6176-10;00641-6177-01;00641-6178-01;23155-0685-31;23155-0686-31;23155-0687-41;23155-0688-41;23155-0689-41;25021-0463-01;25021-0464-01;25021-0465-01;25021-0466-05;25021-0467-05;63323-0365-01;63323-0376-01;63323-0377-01;63323-0378-05;63323-0379-05;67457-0239-01;67457-0245-01;67457-0246-01
Octreotide Intramuscular Injection Kits,Resolved Shortages,"Apr 11, 2024","Feb 05, 2024",00078-0811-81;00078-0818-81;00078-0825-81
Octreotide Intramuscular Injection Kits,Current Shortages,"Jul 23, 2025","Jun 04, 2025",00078-0811-81;00078-0818-81;00078-0825-81;00480-9257-08;00480-9259-08;00480-9262-08
Ofloxacin Ophthalmic Solution,Resolved Shortages,"Feb 12, 2018","Apr 25, 2016",11980-0779-05;17478-0713-10;17478-0713-11;24208-0434-05;24208-0434-10;64980-0515-01;64980-0515-05
Ofloxacin Ophthalmic Solution,Resolved Shortages,"Feb 03, 2025","Dec 22, 2022",11980-0779-05;24208-0434-05;24208-0434-10;60505-0560-00;60505-0560-01;64980-0515-01;64980-0515-05
Ofloxacin Otic Solution,Resolved Shortages,"Jul 28, 2016","Jun 25, 2015",24208-0410-05;24208-0410-10;60505-0363-01;60505-0363-02;61314-0015-05;61314-0015-10
Olanzapine Injection,Resolved Shortages,"Jan 24, 2017","Mar 14, 2016",00002-7597-01;00517-0955-01;00781-3159-72
Olanzapine Intramuscular Injection,Resolved Shortages,"Sep 28, 2017","Mar 28, 2017",00002-7597-01;00517-0955-01;00781-3159-72
Olanzapine Intramuscular Injection,Resolved Shortages,"Mar 13, 2020","Nov 12, 2018",00002-7597-01;00517-0955-01;00781-3159-72
Olanzapine Intramuscular Injection,Resolved Shortages,"Dec 04, 2024","Nov 23, 2021",00517-0955-01;00781-3159-72;55150-0308-01
Olanzapine Pamoate Extended Release Suspension for Injection,Resolved Shortages,"Apr 09, 2024","Jan 30, 2024",00002-7635-11;00002-7636-11;00002-7637-11
Ondansetron Hydrochloride Injection,Resolved Shortages,"Jan 21, 2025","Mar 08, 2018",00409-4755-03;00409-4759-01;00641-6078-25;00641-6079-01;23155-0547-42;23155-0549-31;25021-0777-02;60505-6130-05;63323-0373-02;63323-0374-20;72266-0123-01;72266-0124-01;76045-0216-20
Ondansetron Injection,Resolved Shortages,"May 22, 2017","Jun 26, 2015",00143-9890-01;00173-0442-00;00409-1120-12;00409-4755-03;00409-4759-01;00641-6078-25;00641-6079-01;00703-7221-04;00703-7226-01;00703-7226-03;23155-0168-31;23155-0196-42;23155-0547-41;23155-0547-42;23155-0549-31;25021-0777-02;55150-0125-02;55150-0126-20;63323-0373-02;63323-0374-20;67457-0440-20;67457-0441-20;76045-0103-20
Orphenadrine Citrate Injection,Resolved Shortages,"Feb 16, 2017","Oct 17, 2016",00591-3222-47;17478-0538-02
Orphenadrine Citrate Injection,Resolved Shortages,"Dec 04, 2019","Sep 17, 2018",00641-6182-10;17478-0538-02
Orphenadrine Citrate Injection,Resolved Shortages,"Aug 14, 2023","Mar 21, 2023",00641-6182-10;17478-0538-02
Orphenadrine Citrate Injection,Resolved Shortages,"Aug 12, 2025","Jul 16, 2024",00641-6182-10;25021-0651-02
Oseltamivir Oral Suspension,Resolved Shortages,"May 29, 2018","Jan 27, 2018",00004-0822-05;47781-0384-26;70710-1165-06
Oseltamivir Oral Suspension and Capsules,Current Shortages,"Jul 30, 2025","Nov 01, 2022",00004-0800-85;00004-0801-85;00004-0802-85;00004-0822-05;00093-8180-64;27241-0139-09;31722-0630-31;31722-0631-31;31722-0632-31;33342-0256-66;33342-0257-66;33342-0258-66;47781-0384-26;47781-0468-13;47781-0469-13;47781-0470-13;62332-0413-10;62332-0414-10;62332-0415-10;64380-0797-01;64380-0798-01;64380-0799-01;68180-0675-11;68180-0676-11;68180-0677-11;68180-0678-01;69238-1273-06;70710-1165-06;72205-0042-11;72205-0043-11;72205-0044-11
Oxacillin Injection,Resolved Shortages,"Aug 07, 2017","Aug 30, 2016",00338-1013-41;00338-1015-41;25021-0146-10;25021-0162-24;25021-0163-99;55150-0127-15;55150-0128-24;55150-0129-99
Oxacillin Sodium Injection,Resolved Shortages,"Jan 31, 2019","Jan 12, 2018",00338-1013-41;00338-1015-41;25021-0146-10;25021-0162-24;25021-0163-99;55150-0127-15;55150-0128-24;55150-0129-99;64679-0698-01;64679-0699-01;64679-0700-03
Oxycodone Hydrochloride and Acetaminophen Tablets,Current Shortages,"Aug 08, 2025","Jul 19, 2023",00904-7093-61;00904-7094-61;00904-7095-61;10702-0184-01;10702-0185-01;10702-0185-50;10702-0186-01;10702-0186-50;10702-0187-01;10702-0187-50;31722-0948-01;31722-0949-01;31722-0949-05;31722-0950-01;31722-0950-05;31722-0951-01;31722-0951-05;42858-0102-01;42858-0102-50;42858-0103-01;42858-0103-50;42858-0104-01;42858-0104-50;53746-0203-01;53746-0203-05;53746-0204-01;53746-0204-05;60951-0602-70;60951-0602-85;60951-0700-70;60951-0701-70;60951-0712-70;63481-0623-70;63481-0623-85;63481-0627-70;63481-0628-70;63481-0629-70;65162-0207-10;65162-0207-50
Oxycodone Hydrochloride Immediate-Release Tablets,Current Shortages,"Aug 08, 2025","Mar 16, 2023",00904-6966-61;10702-0008-01;10702-0008-50;10702-0009-01;10702-0009-50;10702-0018-01;10702-0018-50;10702-0056-01;10702-0056-50;10702-0057-01;10702-0057-50;31722-0917-01;31722-0917-05;31722-0918-01;31722-0918-05;42858-0001-01;42858-0001-10;42858-0002-01;42858-0002-10;42858-0003-01;42858-0004-01;42858-0005-01;47781-0263-01;47781-0263-05;47781-0264-01;47781-0264-05;47781-0265-01;47781-0265-05;65162-0047-10;65162-0047-50;65162-0048-10;65162-0049-10;65162-0049-50;65162-0050-10;65162-0051-10;65162-0051-50
Oxymorphone Immediate-Release Tablets,Resolved Shortages,"Aug 06, 2025","Oct 24, 2023",00054-0283-25;00054-0284-25;10702-0070-06;10702-0071-06;31722-0929-01;31722-0930-01
Oxytocin Injection,Resolved Shortages,"Jun 12, 2017","Jun 01, 2015",42023-0116-01;42023-0116-02;42023-0116-25;63323-0012-01;63323-0012-10;63323-0012-30
Oxytocin Injection,Resolved Shortages,"May 11, 2020","Nov 07, 2019",42023-0116-02;42023-0116-25;42023-0130-06;63323-0012-10;63323-0012-11;63323-0012-30
Oxytocin Injection,Resolved Shortages,"Jul 26, 2023","Sep 13, 2022",42023-0116-02;42023-0116-25;42023-0130-06;63323-0012-10;63323-0012-11;63323-0012-30
Paclitaxel Injection,Current Shortages,"Jun 26, 2025","Oct 31, 2022",00703-3213-01;00703-3216-01;00703-3217-01;00703-3218-01;25021-0255-05;25021-0255-17;25021-0255-50;61703-0015-04;61703-0342-22;61703-0342-50;63323-0763-16;63323-0763-50
Paclitaxel Protein-Bound Injection,Resolved Shortages,"Sep 04, 2022","Sep 16, 2021",24979-0710-51;60505-6230-04;68817-0134-50
Paclitaxel Protein-Bound Injection,Resolved Shortages,"Apr 28, 2023","Apr 27, 2023",24979-0710-51;60505-6230-04;68817-0134-50
Palifermin Injection,Resolved Shortages,"Dec 27, 2023","Feb 27, 2023",66658-0112-03;66658-0112-06;66658-0113-03;66658-0113-06
Pamidronate Disodium Injection,Resolved Shortages,"Dec 03, 2018","Mar 02, 2018",59923-0601-10;59923-0603-10;61703-0324-18;61703-0325-18;61703-0326-18;67457-0430-10;67457-0446-10
Pamidronate Disodium Injection,Resolved Shortages,"Sep 23, 2024","Aug 24, 2023",61703-0324-18;61703-0325-18;61703-0326-18;67457-0430-10;67457-0446-10
Pancuronium Injection,Resolved Shortages,"May 26, 2016","Jun 11, 2015",00409-4646-01
Pantoprazole Injection,Resolved Shortages,"May 17, 2016","May 29, 2015",00008-0923-55;00008-0923-60;55150-0202-10
Pantoprazole injection,Resolved Shortages,"Jul 09, 2024","May 26, 2017",00008-0923-55;00008-0923-60;55150-0202-10
Pantoprazole Injection,Resolved Shortages,"May 23, 2018","Jun 01, 2017",00008-0923-55;00143-9284-10;55150-0202-10
Pantoprazole Injection,Current Shortages,"May 27, 2025","Mar 28, 2019",00008-0923-55;00008-0923-60;00143-9284-10;00781-3232-95;25021-0751-10;25021-0751-11;31722-0204-10;55150-0202-10;65219-0433-15;66794-0258-41;70095-0024-02;70095-0024-03;71288-0600-11
Pantoprazole Tablets,Resolved Shortages,"May 26, 2016","Jul 22, 2015",00008-0606-01;00008-0607-01;00008-0607-04;00008-0841-81;00008-0841-99;00008-0843-81;00093-0011-98;00093-0012-98;00378-6688-77;00378-6689-10;00378-6689-77;00904-6235-61;00904-6474-61;13668-0096-90;13668-0429-90;31722-0712-90;31722-0713-90;45963-0570-05;45963-0570-08;47335-0580-81;51079-0051-20;55111-0332-90;55111-0333-90;59746-0283-90;59746-0284-90;62175-0180-46;62175-0617-43;62175-0617-46;62756-0580-81;65862-0559-90;65862-0560-90
Papaverine Injection,Resolved Shortages,"Oct 02, 2017","Apr 30, 2017",00517-4002-25
Paromomycin Sulfate Oral Capsules,Resolved Shortages,"May 19, 2023","May 19, 2023",23155-0038-01;80725-0250-01
PCA Sterile Empty Vials and Injector,Resolved Shortages,"May 17, 2016","Dec 10, 2015",
PCA Sterile Empty Vials and Injector,Resolved Shortages,"Jan 13, 2020","Nov 16, 2018",
PCA Sterile Empty Vials and Injector,Resolved Shortages,"Oct 29, 2024","Oct 23, 2024",
Pegfilgrastim-cbqv Injection,Resolved Shortages,"May 13, 2025","Sep 25, 2024",70114-0101-01;70114-0120-01
Peginterferon Alfa-2a Injection,Current Shortages,"Aug 09, 2025","Jan 08, 2025",82154-0449-01;82154-0451-04
Penicillamine,Resolved Shortages,"Nov 13, 2019","Jan 12, 2018",00037-4401-01;25010-0705-10
Penicillin G Benzathine,Resolved Shortages,"Dec 18, 2017","Mar 30, 2016",60793-0700-10;60793-0701-10;60793-0702-10
Penicillin G Benzathine,Current Shortages,"Jul 18, 2025","Feb 01, 2023",60793-0700-10;60793-0701-10;60793-0702-10;81284-0521-01;81284-0522-01;84383-0110-01
Penicillin G Benzathine / Penicillin G Procaine,Resolved Shortages,"May 25, 2018","Sep 13, 2016",60793-0600-10;60793-0601-10;60793-0602-10
Penicillin G Benzathine / Penicillin G Procaine,Current Shortages,"Jun 20, 2025","Mar 31, 2023",60793-0600-10;60793-0601-10;60793-0602-10
Penicillin G Procaine Injection,Discontinued Drugs,"Jun 13, 2023","May 04, 2016",60793-0130-10;60793-0131-10
Penicillin G Sodium Injection,Resolved Shortages,"Dec 06, 2022","Jul 14, 2022",00781-6153-95
Penicillin V Potassium Oral Presentations,Current Shortages,"Aug 04, 2025","May 17, 2023",00093-1172-01;00093-1172-10;00093-1174-01;00093-1174-10;00093-4125-73;00093-4125-74;00093-4127-73;00093-4127-74;00143-9836-01;00143-9836-10;00143-9837-01;00143-9837-10;57237-0040-01;57237-0040-99;57237-0041-01;57237-0041-05;57237-0041-99
"Pentacel- Diphtheria, Tetanus Toxoid, and Acellular Pertussis and Inactivated Poliovirus and Haemophilus B Conjugate Vaccine (DTaP-IPV/Hib)",Resolved Shortages,"Dec 19, 2016","Jan 14, 2016",49281-0510-05
Pentamidine Isethionate,Resolved Shortages,"Feb 25, 2019","Jan 08, 2019",63323-0113-10;63323-0877-15
Pentamidine Isethionate,Resolved Shortages,"Dec 10, 2020","Aug 06, 2019",13925-0515-10;13925-0522-01;63323-0113-10;63323-0877-15
Pentostatin Injection,Resolved Shortages,"Jan 17, 2019","Sep 25, 2018",00409-0801-01
Pentostatin Injection,Resolved Shortages,"Aug 11, 2022","Jun 24, 2022",00409-0801-01
Pentostatin Injection,Resolved Shortages,"Feb 01, 2023","Dec 07, 2022",00409-0801-01
Peritoneal Dialysis Solution,Resolved Shortages,"Jul 29, 2025","Oct 12, 2024",00941-0409-01;00941-0409-06;00941-0409-07;00941-0411-04;00941-0411-05;00941-0411-06;00941-0411-07;00941-0411-11;00941-0413-01;00941-0413-04;00941-0413-05;00941-0413-06;00941-0415-01;00941-0415-04;00941-0415-05;00941-0415-06;00941-0415-07;00941-0424-51;00941-0424-52;00941-0424-53;00941-0424-55;00941-0426-52;00941-0426-55;00941-0427-52;00941-0427-53;00941-0427-55;00941-0430-51;00941-0430-52;00941-0430-53;00941-0430-55;00941-0433-51;00941-0433-52;00941-0433-53;00941-0433-55;00941-0457-01;00941-0457-02;00941-0457-05;00941-0457-08;00941-0459-01;00941-0459-02;00941-0459-05;00941-0459-08;00941-0679-05;00941-0679-06;00941-0679-52;00941-0679-53;46163-0206-92;46163-0206-94;46163-0206-95;46163-0209-92;46163-0209-94;46163-0209-95;46163-0212-92;46163-0212-94;46163-0212-95;49230-0188-50;49230-0188-52;49230-0188-62;49230-0191-50;49230-0191-52;49230-0191-62;49230-0206-32;49230-0206-50;49230-0206-52;49230-0206-62;49230-0209-32;49230-0209-50;49230-0209-52;49230-0209-62;49230-0212-32;49230-0212-50;49230-0212-52;49230-0212-62
Phenazopyridine Hydrochloride,Resolved Shortages,"Aug 06, 2016","Jul 01, 2015",10135-0199-10;10135-0199-30;10135-0199-78;10135-0620-01;10135-0621-01;42291-0670-90;42291-0671-90;60846-0501-01;60846-0502-01;60846-0517-01;60846-0520-01
Phenelzine Sulfate Tablets,Resolved Shortages,"Jul 21, 2021","Jan 26, 2021",00071-0350-60;43386-0360-21;59762-0119-01
Phenobarbital Injection,Resolved Shortages,"Feb 15, 2017","Nov 29, 2016",00641-0476-25;00641-0477-25
Phenobarbital Injection,Resolved Shortages,"Nov 15, 2022","Apr 06, 2022",00641-0476-25;00641-0477-25;54288-0136-10;54288-0137-10
Phentolamine Mesylate for Injection,Resolved Shortages,"May 26, 2016","Oct 08, 2015",00143-9564-10;00781-3028-95;55390-0113-01
Phentolamine Mesylate for Injection,Resolved Shortages,"May 27, 2025","Jan 31, 2025",00143-9564-01;00143-9564-10
Phenylephrine Ophthalmic Solution,Current Shortages,"Jul 09, 2025","Apr 26, 2023",00065-0343-02;00065-0349-04;00065-0349-05;70756-0612-30;70756-0629-25;82260-0102-10;82260-0103-05
Phenytoin Oral Suspension,Current Shortages,"Jul 27, 2025","May 21, 2025",51672-4069-02;58151-0115-35;59762-0531-01;59762-0531-02
Phenytoin Sodium Injection,Resolved Shortages,"Sep 27, 2016","Dec 02, 2015",00409-1317-02;00641-0493-25;00641-2555-45
Phenytoin Sodium Injection,Resolved Shortages,"Sep 03, 2019","Mar 19, 2018",00641-0493-25;00641-2555-45
Phenytoin Sodium Injection,Resolved Shortages,"Jul 15, 2021","Sep 14, 2020",00641-0493-25;00641-2555-45
Phenytoin Sodium Injection,Current Shortages,"Aug 12, 2025","Dec 20, 2022",00641-0493-25;00641-2555-10;42192-0614-10;42192-0614-30
Physostigmine Salicylate Injection,Resolved Shortages,"Nov 08, 2019","Feb 15, 2019",17478-0510-02
Physostigmine Salicylate Injection,Current Shortages,"May 11, 2025","Mar 15, 2021",81284-0831-05
Pimecrolimus 1% Topical Cream,Current Shortages,"Jul 27, 2025","Feb 28, 2025",00187-5100-01;00187-5101-02;00187-5102-03;00591-2944-30;00591-2944-60;00591-2944-87;68462-0609-35;68462-0609-65;68462-0609-94;68682-0110-01;68682-0111-02;68682-0112-03
Piperacillin and Tazobactam Injection,Resolved Shortages,"Sep 22, 2020","Aug 31, 2015",00206-8860-02;00206-8861-02;00206-8862-02;00409-2999-14;00409-3374-02;00409-3378-13;00409-3379-04;00409-3383-02;00409-3385-13;00409-3390-04;00781-3110-95;00781-3113-95;00781-3114-95;25021-0164-30;25021-0165-30;25021-0166-48;44567-0801-10;44567-0802-10;44567-0803-10;44567-0804-01;55150-0119-30;55150-0120-30;55150-0121-50;60505-0773-00;60505-6156-04;60505-6157-04;60505-6159-04;61990-0110-02;61990-0120-02;61990-0130-02;61990-0140-01;61990-0150-01;63323-0300-30;63323-0304-74;63323-0309-20;63323-0320-50;63323-0981-21;63323-0982-52;63323-0983-21;64679-0012-01;64679-0034-01;64679-0056-01;64679-0679-01;67457-0522-37;70860-0120-20;70860-0121-30;70860-0122-50;70860-0123-99
Piroxicam Capsules,Resolved Shortages,"May 17, 2016","Feb 03, 2016",00069-3220-66;00069-3230-66;00093-0756-01;00093-0757-01;00093-0757-05;29033-0012-01;29033-0013-01;29033-0013-05;59762-0140-01;59762-0145-01
Podofilox topical gel,Resolved Shortages,"Apr 17, 2024","Jul 03, 2023",00023-6118-03
Poliovirus Vaccine Inactivated,Resolved Shortages,"Jan 09, 2017","Feb 10, 2016",49281-0860-10
Polyethylene Glycol 3350 With Electrolytes,Resolved Shortages,"Dec 21, 2022","Oct 23, 2020",00093-3560-26;10572-0100-01;10572-0101-01;10572-0302-01;43386-0050-19;43386-0060-19;43386-0090-19;51525-6831-04;52268-0100-01;52268-0302-01;64380-0769-21;65649-0201-75;68682-0201-75
Polymyxin B and Trimethoprim Sulfates Ophthalmic Solution,Resolved Shortages,"Nov 09, 2024","Mar 31, 2023",17478-0703-11;24208-0315-10;60758-0908-10;61314-0628-10
Polyvinyl Alcohol (Artificial Tears) Ophthalmic Solution,Resolved Shortages,"May 06, 2024","Aug 09, 2018",00536-1084-94;00536-1408-94;00904-6492-35;17478-0060-12;54799-0904-15;54799-0904-30
Posaconazole Injection,Resolved Shortages,"Apr 01, 2021","Dec 28, 2020",00085-4331-01
Posaconazole Injection,Resolved Shortages,"Apr 25, 2022","Jan 04, 2022",00085-4331-01
Posaconazole Oral Suspension,Resolved Shortages,"May 26, 2016","Jun 11, 2015",00085-1328-01
Posaconazole Oral Suspension,Discontinued Drugs,"Jan 08, 2024","Jan 08, 2024",00085-1328-01
Potassium Acetate Injection,Resolved Shortages,"Feb 27, 2017","Dec 30, 2015",00409-3924-51;00409-8183-01;00517-2053-25;00517-5024-25;51754-2001-04
Potassium Acetate Injection,Resolved Shortages,"Oct 09, 2020","Sep 06, 2017",00409-3924-51;00409-8183-01;51754-2001-04
Potassium Acetate Injection,Resolved Shortages,"Nov 18, 2024","Sep 01, 2021",00409-3924-51;00409-8183-01;51754-2001-04;51754-2004-04
Potassium Chloride in Large Volume for Injection,Resolved Shortages,"Jul 29, 2025","Oct 09, 2024",00264-7625-00;00264-7634-00;00264-7635-00;00264-7636-00;00264-7638-00;00264-7645-00;00264-7652-00;00338-0663-04;00338-0669-04;00338-0671-04;00338-0673-04;00338-0675-04;00338-0683-04;00338-0691-04;00338-0695-04;00338-0704-34;00338-0803-04;00338-0807-04;00338-0811-04;00990-7107-09;00990-7109-09;00990-7111-09;00990-7115-09;00990-7116-09;00990-7901-09;00990-7902-03;00990-7902-09;00990-7903-09;00990-7904-09;00990-7905-09;00990-7993-09;00990-9257-39;63323-0667-10;63323-0669-10;63323-0683-10;65219-0118-10;65219-0119-10;65219-0142-10;65219-0144-10;65219-0146-10;65219-0148-10;65219-0150-75;65219-0151-75;65219-0153-10;65219-0667-10;65219-0669-10;65219-0686-10;65219-0688-10
Potassium Chloride Injection,Resolved Shortages,"May 30, 2019","May 21, 2015",00264-1940-20;00338-0663-03;00338-0663-04;00338-0669-04;00338-0671-03;00338-0671-04;00338-0673-04;00338-0675-04;00338-0683-04;00338-0691-04;00338-0695-04;00338-0703-41;00338-0703-48;00338-0704-34;00338-0705-41;00338-0705-48;00338-0709-48;00338-0803-04;00338-0807-04;00338-0811-04;00409-6635-01;00409-6651-06;00409-6653-05;00409-7074-26;00409-7075-14;00409-7075-26;00409-7077-14;00409-7077-26;00409-7107-09;00409-7109-09;00409-7111-09;00409-7115-09;00409-7116-09;00409-7901-09;00409-7902-03;00409-7902-09;00409-7903-09;00409-7904-09;00409-7905-09;00409-7993-09;00409-9257-39;63323-0965-05;63323-0965-10;63323-0965-20;63323-0967-30
Potassium Chloride Injection,Resolved Shortages,"May 15, 2024","Aug 31, 2021",00264-1940-20;00264-1944-20;00338-0669-04;00338-0703-48;00338-0705-41;00338-0705-48;00338-0709-48;00409-6635-01;00409-6651-06;00409-6653-05;00990-7074-26;00990-7075-14;00990-7075-26;00990-7077-14;00990-7077-26;14789-0107-05;14789-0108-05;14789-0108-10;14789-0109-10;63323-0965-05;63323-0965-10;63323-0965-20;63323-0967-30;65219-0004-01;65219-0006-01;65219-0008-51;65219-0010-01;65219-0012-01
Potassium Chloride Injection,Current Shortages,"Aug 06, 2025","Nov 03, 2024",00264-1944-20;00338-0703-41;00338-0703-48;00338-0705-41;00338-0705-48;00338-0709-48;00409-6635-01;00409-6651-06;00409-6653-05;00990-7074-26;00990-7075-14;00990-7075-26;00990-7077-14;00990-7077-26;14789-0107-05;14789-0108-05;14789-0108-10;14789-0109-10;63323-0965-05;63323-0965-10;63323-0965-20;63323-0967-30;65219-0004-01;65219-0006-01;65219-0008-51;65219-0010-01;65219-0012-01
Potassium Iodide and Iodine (Lugol's Solution or Strong Iodine Solution) 14 mL bottles,Resolved Shortages,"Dec 04, 2019","Sep 03, 2019",48433-0230-15
Potassium Iodide and Iodine (Lugol's Solution or Strong Iodine Solution) 14 mL bottles,Resolved Shortages,"Nov 25, 2024","Aug 25, 2023",10481-0111-08;48433-0230-15;59365-6064-01
Potassium Phosphate Injection,Resolved Shortages,"Sep 23, 2019","Mar 31, 2017",00409-7295-01;63323-0086-05;63323-0086-15;63323-0086-50;63323-0241-20
Potassium Phosphate Injection,Current Shortages,"Jun 26, 2025","Sep 01, 2021",00409-7295-01;00517-2051-25;00517-2102-25;00517-2505-25;46287-0024-10;65219-0052-29;65219-0054-29;65219-0056-29;70069-0746-25;70069-0747-25;70121-1722-09;80830-1691-02;80830-1692-02;80830-1693-03
Pramipexole Dihydrochloride Tablets,Resolved Shortages,"May 17, 2016","Jun 25, 2015",00378-1704-05;00378-1704-77;00378-1705-05;00378-1705-77;00378-1707-05;00378-1707-77;00378-1711-05;00378-1711-77;00378-1712-05;00378-1712-77;00378-1713-77;00597-0101-90;00597-0183-90;00597-0184-61;00597-0184-90;00597-0185-61;00597-0185-90;00597-0190-61;00597-0190-90;00597-0191-61;00597-0191-90;00781-5248-92;00781-5249-92;00781-5250-92;00781-5251-92;00781-5252-92;00781-5281-92;13668-0091-05;13668-0091-90;13668-0092-05;13668-0092-90;13668-0093-05;13668-0093-90;13668-0094-05;13668-0094-90;13668-0095-05;13668-0095-90;13668-0184-05;13668-0184-90;65862-0604-90;65862-0604-99;65862-0605-90;65862-0605-99;65862-0606-90;65862-0606-99;65862-0607-90;65862-0607-99;65862-0608-90;65862-0608-99;65862-0609-90;65862-0609-99;68382-0196-10;68382-0196-16;68382-0197-10;68382-0197-16;68382-0198-10;68382-0198-16;68382-0199-10;68382-0199-16;68382-0200-10;68382-0200-16;68462-0330-90;68462-0331-90;68462-0332-90;68462-0333-90;68462-0334-90
Prednisolone Acetate 1% Ophthalmic Suspension,Resolved Shortages,"Jan 24, 2025","Feb 21, 2019",11980-0180-05;11980-0180-10;11980-0180-15;60758-0119-05;60758-0119-10;60758-0119-15;61314-0637-05;61314-0637-10;61314-0637-15
Prednisolone Oral Solution,Resolved Shortages,"Aug 06, 2020","Dec 13, 2019",00121-0759-08;00121-0773-08;00121-0777-08;13925-0166-04;50383-0040-04;50383-0042-24;50383-0042-48
Prednisone Oral Tablets,Current Shortages,"Jul 27, 2025","May 15, 2019",00054-9817-25;00054-9817-29;00054-9828-25;00054-9828-31;00591-5052-01;00591-5052-10;00591-5052-21;00591-5052-43;00591-5442-01;00591-5442-05;00591-5442-10;00591-5442-21;00591-5442-43;00591-5443-01;00591-5443-05;00591-5443-10;00603-5335-21;00603-5335-32;00603-5336-21;00603-5337-15;00603-5337-21;00603-5337-31;00603-5337-32;00603-5338-15;00603-5338-21;00603-5338-28;00603-5338-31;00603-5338-32;00603-5339-21;00603-5339-28;00603-5339-32;59746-0171-06;59746-0171-10;59746-0172-06;59746-0172-10;59746-0173-06;59746-0173-10;59746-0175-06;59746-0175-09;62135-0470-18;62135-0470-90;62135-0471-18;62135-0471-90;62135-0553-30;62135-0553-90
Procainamide Hydrochloride Injection,Resolved Shortages,"Feb 14, 2017","Aug 01, 2016",00409-1902-01;00409-1903-01
Procainamide Hydrochloride Injection,Resolved Shortages,"Apr 25, 2018","May 02, 2017",00409-1902-01;00409-1903-01;14789-0900-02;14789-0900-10;76329-3399-05
Procainamide Hydrochloride Injection,Resolved Shortages,"Jan 15, 2019","Sep 12, 2018",00409-1902-01;00409-1903-01;14789-0900-02;14789-0900-10;76329-3399-05
Prochlorperazine Edisylate Injection,Resolved Shortages,"Aug 01, 2016","Oct 13, 2015",23155-0294-42
Prochlorperazine Maleate Tablets,Resolved Shortages,"Dec 12, 2022","Mar 22, 2019",00378-5105-01;00378-5110-01;51079-0541-20;51079-0542-20;59746-0113-06;59746-0115-06
Progesterone Capsules,Current Shortages,"Jun 12, 2025","Dec 05, 2023",65162-0807-10;65162-0808-10;72989-0372-30;72989-0373-30
Progesterone Injection,Resolved Shortages,"Nov 15, 2019","Jan 24, 2018",00143-9725-01;00591-3128-79;55150-0306-10;63323-0261-10
Progesterone Vaginal Insert,Resolved Shortages,"Sep 12, 2024","Mar 04, 2024",55566-6500-03
Promethazine Injection,Resolved Shortages,"Mar 01, 2018","Jun 01, 2015",00409-2312-31;00641-0928-25;00641-0929-25;00641-1495-35;00641-1496-35;00641-6082-25;00641-6083-25;00641-6084-25;00641-6085-25;00703-2191-04;00703-2201-04;39822-5525-03;39822-5550-06
Promethazine Injection,Resolved Shortages,"Jun 02, 2021","Aug 27, 2018",00641-0928-25;00641-0929-25;00641-1495-35;00641-1496-35;00641-6082-25;00641-6083-25;00641-6084-25;00641-6085-25;39822-5525-03;39822-5550-06
Promethazine Injection,Current Shortages,"Jun 24, 2025","Sep 29, 2022",00641-0928-25;00641-0929-25;00641-1495-35;00641-1496-35;00641-6082-25;00641-6083-25;00641-6084-25;00641-6085-25;39822-5525-03;39822-5550-06
"Promethazine, Phenylephrine, and Codeine Oral Solution",Discontinued Drugs,"Sep 24, 2024","Sep 24, 2024",00121-0925-16
Proparacaine Hydrochloride Ophthalmic Solution,Resolved Shortages,"Jul 17, 2019","Nov 06, 2018",00998-0016-15;17478-0263-12;24208-0730-06;61314-0016-01
Propofol Emulsion Injection,Current Shortages,"Aug 12, 2025","Apr 02, 2020",00069-0209-10;00069-0234-20;00069-0248-10;00409-4699-24;00409-4699-33;00409-6010-25;00641-6194-10;00641-6195-20;00641-6196-10;23155-0345-41;23155-0345-42;23155-0345-43;23155-0345-44;25021-0608-20;25021-0608-50;25021-0608-51;43598-0265-25;43598-0548-21;43598-0549-10;63323-0269-10;63323-0269-29;63323-0269-50;63323-0269-65;80830-1188-07;80830-2364-08;80830-2365-07;83634-0603-20;83634-0603-50;83634-0603-51
Propranolol Hydrochloride Injection,Current Shortages,"Jul 16, 2025","Apr 10, 2023",00143-9872-01;63323-0604-01
Propranolol Hydrochloride Oral Solution,Current Shortages,"Jul 16, 2025","Feb 25, 2025",00054-3727-63;00054-3730-63
Propranolol Hydrochloride Tablets,Resolved Shortages,"Sep 09, 2016","Jul 01, 2015",00378-0182-01;00378-0182-10;00378-0183-01;00378-0183-10;00378-0184-01;00378-0184-10;00378-0185-01;00378-0185-05;00378-0187-01;00591-5554-01;00591-5554-10;00591-5555-01;00591-5555-10;00591-5556-01;00591-5556-10;00591-5557-01;00591-5557-05;00904-0411-61;50111-0467-01;50111-0467-03;50111-0468-01;50111-0468-03;50111-0469-01;50111-0469-03;50111-0470-01;50111-0471-01;50111-0471-02;51079-0277-20;51079-0278-20;51079-0279-20
Propranolol Injection,Resolved Shortages,"Aug 01, 2016","Jun 08, 2015",00143-9872-01;00781-3777-95;63323-0604-01
Protamine Injection,Resolved Shortages,"Nov 19, 2018","Aug 15, 2018",63323-0229-05;63323-0229-30
Protamine Sulfate Injection,Resolved Shortages,"Sep 23, 2019","Aug 19, 2019",63323-0229-05;63323-0229-30
Protamine Sulfate Injection,Resolved Shortages,"Aug 01, 2022","Mar 02, 2021",63323-0229-05;63323-0229-30
Protamine Sulfate Injection,Resolved Shortages,"Dec 27, 2023","May 31, 2023",63323-0229-05;63323-0229-30
Prothrombin Complex Concentrate (Kcentra),Resolved Shortages,"Oct 04, 2018","Mar 02, 2018",63833-0386-02;63833-0387-02
Pyridostigmine Bromide Extended-Release Tablets,Current Shortages,"Aug 13, 2025","Feb 07, 2025",00187-3013-30;47781-0335-30;64980-0220-03
Pyridoxine Hydrochloride Injection,Resolved Shortages,"Jan 18, 2019","Aug 02, 2018",63323-0180-01
Pyridoxine Hydrochloride Injection,Resolved Shortages,"Jan 10, 2022","Jul 22, 2020",63323-0180-01
Pyridoxine Hydrochloride Injection,Current Shortages,"Aug 10, 2022","Aug 10, 2022",63323-0180-01
Quinapril Tablets,Current Shortages,"Jul 09, 2025","Jan 03, 2023",00071-0527-23;00071-0530-23;00071-0532-23;00071-0535-23;43547-0410-09;43547-0411-09;43547-0412-09;43547-0413-09;62135-0484-60;62135-0485-90;62135-0486-90;62135-0487-90;68180-0554-09;68180-0556-09;68180-0557-09;68180-0558-09
Quinidine Gluconate Injection,Discontinued Drugs,"Mar 04, 2020","Jan 11, 2019",00002-1407-01
Rabies Immune Globulin,Resolved Shortages,"Dec 18, 2019","Sep 11, 2019",13533-0318-01;13533-0318-05;13533-0318-10;13533-0318-50;13533-0618-02;13533-0618-10;13533-0618-11;13533-0618-20;49281-0190-10;49281-0190-20;76125-0150-02;76125-0150-10
Rabies Vaccine,Resolved Shortages,"Sep 28, 2017","Mar 03, 2017",49281-0250-51;58160-0964-12
Rabies Vaccine,Resolved Shortages,"Dec 20, 2019","Sep 16, 2019",49281-0250-51;58160-0964-12
Racepinephrine Inhalation Solution,Resolved Shortages,"Nov 04, 2022","Sep 09, 2022",00487-2784-01;00487-5901-99
Racepinephrine Inhalation Solution,Resolved Shortages,"Aug 04, 2023","Mar 10, 2023",00487-2784-01;00487-5901-99
Ranitidine Injection,Resolved Shortages,"Mar 21, 2017","Aug 28, 2015",24987-0362-10;24987-0363-01;24987-0364-01;68382-0422-02;68382-0423-06
Ranitidine Injection,Discontinued Drugs,"Apr 02, 2020","May 16, 2018",52565-0096-01;52565-0101-10;52565-0102-01;67457-0397-99;67457-0398-62;68382-0422-02;68382-0423-06;70710-1550-01
Recombinant Zoster Vaccine (Shingrix),Resolved Shortages,"Sep 02, 2020","May 17, 2018",58160-0819-12;58160-0823-11
Remifentanil Injection,Resolved Shortages,"Sep 09, 2019","Jan 02, 2018",63323-0723-03;63323-0724-05;63323-0725-10;67457-0198-03;67457-0198-05;67457-0198-10
Remifentanil Injection,Current Shortages,"Aug 18, 2025","Jun 22, 2022",00143-9391-10;00143-9392-10;00143-9393-10;63323-0723-03;63323-0724-05;63323-0725-10;72078-0034-01;72078-0035-02;72078-0036-05
Reserpine Oral Tablets,Discontinued Drugs,"Apr 15, 2016","Jun 11, 2015",00185-0032-01;00185-0032-10;00185-0134-01;00185-0134-10
Reteplase Injection,Resolved Shortages,"Jun 11, 2019","Aug 12, 2015",10122-0141-02;10122-0143-01
Rho(D) Immune Globulin (Human),Current Shortages,"Jun 30, 2025","Jan 10, 2024",00562-7805-01;00562-7805-05;00562-7805-25;13533-0631-02;13533-0631-11;44206-0300-01;44206-0300-10;49591-0300-51;49591-0310-51;49591-0330-51
Ribavirin Inhalation,Current Shortages,"Aug 15, 2025","May 23, 2023",00187-0007-14;42494-0423-01;68382-0395-04
Rifampin Capsules,Resolved Shortages,"Oct 28, 2022","Mar 14, 2022",42806-0799-60;42806-0801-30;61748-0015-30;61748-0018-01;61748-0018-30;61748-0018-60;68180-0658-06;68180-0659-06
Rifampin Injection,Resolved Shortages,"May 26, 2021","Feb 11, 2021",00068-0597-01;63323-0351-20;67457-0445-60
Rifampin Injection,Resolved Shortages,"May 02, 2023","Dec 28, 2021",00068-0597-01;63323-0351-20;67457-0445-60
Rifapentine Tablets,Resolved Shortages,"May 02, 2023","Nov 17, 2021",00088-2102-24
Rifapentine Tablets,Resolved Shortages,"Jul 25, 2025","Feb 25, 2025",00088-2102-24
Rifaximin Tablets,Resolved Shortages,"Jul 31, 2023","Aug 24, 2022",65649-0301-03;65649-0303-02;65649-0303-03
Rifaximin Tablets,Current Shortages,"Jun 18, 2025","Apr 11, 2024",65649-0301-03;65649-0303-02;65649-0303-03
RimabotulintoxinB Intramuscular Injection,Resolved Shortages,"Nov 01, 2019","Jan 31, 2019",10454-0710-10;10454-0711-10;10454-0712-10
Ritonavir Oral Solution,Discontinued Drugs,"Feb 13, 2023","Feb 13, 2023",00074-1940-63
Rivaroxaban Oral Suspension,Resolved Shortages,"Aug 02, 2023","Jun 14, 2023",50458-0575-01
Rocuronium Bromide Injection,Resolved Shortages,"May 26, 2016","Jun 02, 2015",00409-9558-05;00409-9558-10;00781-3220-92;00781-3220-95;25021-0662-05;25021-0662-10;39822-4200-02;39822-4200-06;63323-0426-05;63323-0426-10;67457-0228-05;67457-0228-10
Rocuronium Injection,Current Shortages,"Aug 19, 2025","Feb 09, 2017",00143-9250-10;00143-9251-10;00409-3189-10;00409-7037-10;00781-3220-92;00781-3220-95;25021-0687-05;25021-0687-10;39822-4200-02;39822-4200-06;43066-0007-10;43066-0013-10;55150-0225-05;55150-0226-10;63323-0426-05;63323-0426-10;65145-0130-10;65145-0131-10;65219-0065-05;66794-0228-41;66794-0229-41;67457-0228-05;67457-0228-10;71288-0700-06;71288-0718-11
Ropivacaine Injection,Current Shortages,"Jun 10, 2025","Jan 27, 2018",00143-9263-10;25021-0652-82;25021-0652-87;25021-0671-82;25021-0671-87;43066-0015-10;43066-0019-10;43066-0023-10;43066-0027-10;43066-0152-10;43066-0154-10;55150-0195-20;55150-0196-99;55150-0197-20;55150-0198-30;55150-0199-20;55150-0200-10;55150-0201-20;63323-0285-13;63323-0285-23;63323-0285-64;63323-0285-65;63323-0286-00;63323-0286-23;63323-0286-35;63323-0286-63;63323-0287-20;63323-0287-21;63323-0288-11;63323-0288-21;67457-0798-99;67457-0799-99;70069-0061-10;70069-0061-25;70069-0062-10;70069-0062-25;70069-0063-25;70069-0064-01;70069-0064-10;70069-0064-25;70069-0067-10;70069-0067-25;70121-1732-09;70121-1733-09;70121-1734-03
Rosuvastatin Calcium Tablets,Resolved Shortages,"Aug 21, 2019","Sep 19, 2018",00310-0751-39;00310-0751-90;00310-0752-90;00310-0755-90;00310-0784-30;00781-5400-92;00781-5401-92;00781-5402-92;00781-5403-31;13668-0179-30;13668-0179-90;13668-0180-30;13668-0180-90;13668-0181-30;13668-0181-90;13668-0182-30;16729-0284-15;16729-0284-17;16729-0285-15;16729-0285-17;16729-0286-15;16729-0286-17;16729-0287-10;16729-0287-15;16729-0287-17;31722-0882-90;31722-0883-90;31722-0884-90;31722-0885-30;42292-0029-20;42292-0030-20;47335-0582-81;47335-0583-81;47335-0584-81;47335-0585-83;57237-0168-05;57237-0168-90;57237-0169-90;57237-0169-99;57237-0170-90;57237-0170-99;57237-0171-05;57237-0171-30;57237-0171-90;60505-4502-09;60505-4503-09;60505-4504-09;60505-4505-03;68462-0261-90;68462-0262-90;68462-0263-90;68462-0264-30;70377-0006-12;70377-0007-12;70377-0008-12;70377-0009-11;70377-0009-12;72205-0002-90;72205-0002-99;72205-0003-90;72205-0003-99;72205-0004-90;72205-0004-99;72205-0005-30;72205-0005-90;72205-0005-99
Scopolamine Transdermal System,Resolved Shortages,"May 08, 2018","Aug 31, 2016",10019-0553-03;10019-0553-04;66758-0208-54
Scopolamine Transdermal System,Resolved Shortages,"Nov 20, 2019","Jul 17, 2018",10019-0553-03;10019-0553-04;45802-0580-46;45802-0580-62;45802-0580-84;66758-0208-54
Scopolamine Transdermal System,Current Shortages,"Jul 21, 2025","Jun 09, 2025",00378-6470-44;00378-6470-97;00378-6470-99;00591-2258-04;00591-2258-23;00591-2258-79;10019-0553-03;10019-0553-04;42858-0150-14;42858-0150-40;42858-0150-70;45802-0580-46;45802-0580-62;45802-0580-84;50742-0505-04;50742-0505-10;50742-0505-24;70710-1846-02;70710-1846-04;70710-1846-07
Secobarbital Capsules,Discontinued Drugs,"Feb 16, 2022","Jan 14, 2019",00187-4220-10
Secretin Injection,Resolved Shortages,"May 26, 2016","May 28, 2015",67066-0005-01
Selenium Injection (as Selenious Acid),Resolved Shortages,"Jul 09, 2019","Apr 30, 2017",00517-6560-25
Semaglutide Injection,Resolved Shortages,"Mar 05, 2025","Mar 11, 2022",00169-4130-13;00169-4132-12;00169-4181-13;00169-4501-14;00169-4505-14;00169-4517-14;00169-4524-14;00169-4525-14;00169-4772-12
Sertraline Hydrochloride Oral Solution,Resolved Shortages,"Jun 07, 2021","Jun 04, 2020",00049-0050-01;59762-0067-01
Sertraline Oral Tablets,Resolved Shortages,"Mar 21, 2022","May 18, 2020",00049-4900-30;00049-4900-41;00049-4910-30;00049-4910-41;00049-4960-30;16729-0215-10;16729-0215-15;16729-0215-16;16729-0216-15;16729-0216-16;16729-0217-15;16729-0217-16;59762-5160-01;59762-5160-02;59762-5160-03;59762-6347-01;59762-6443-01;59762-6443-02;59762-6443-03;68180-0351-03;68180-0351-06;68180-0351-09;68180-0352-02;68180-0352-05;68180-0352-06;68180-0352-09;68180-0353-02;68180-0353-05;68180-0353-06;68180-0353-09;69097-0833-02;69097-0833-05;69097-0833-12;69097-0834-02;69097-0834-12;69097-0835-02;69097-0835-12;76282-0212-01;76282-0212-05;76282-0212-18;76282-0212-30;76282-0212-60;76282-0212-90;76282-0213-01;76282-0213-05;76282-0213-18;76282-0213-30;76282-0213-60;76282-0213-90;76282-0214-01;76282-0214-05;76282-0214-18;76282-0214-30;76282-0214-60;76282-0214-90
Silver Nitrate Solution,Resolved Shortages,"Dec 04, 2024","Sep 12, 2024",00093-9614-13;64950-0378-96
Simethicone Oral Liquid,Resolved Shortages,"Jun 11, 2021","Feb 03, 2020",00043-6243-01;00113-0882-10;00536-1303-75;00904-5894-30;57896-0798-01
Sincalide Injection,Resolved Shortages,"May 26, 2016","May 28, 2015",00270-0556-15
Sincalide Injection,Resolved Shortages,"Nov 20, 2019","Dec 05, 2016",00270-0556-15
Sincalide Injection,Resolved Shortages,"Jul 07, 2023","Feb 17, 2021",00270-0556-15;63323-0579-05;72266-0248-05
Sodium Acetate Injection,Resolved Shortages,"Feb 23, 2017","Dec 30, 2015",00409-3299-05;00409-3299-06;00409-7299-73;00517-2096-25;00517-5023-25;63323-0032-61
Sodium Acetate Injection,Resolved Shortages,"Jun 08, 2020","May 10, 2017",00409-3299-05;00409-3299-06;00409-7299-73;63323-0032-00
Sodium Acetate Injection,Resolved Shortages,"Jun 26, 2025","Sep 01, 2021",00409-3299-05;00409-3299-06;00409-7299-73;63323-0032-00;71357-0002-10;71357-0007-10;71357-0008-10
Sodium Bicarbonate Injection,Resolved Shortages,"Nov 07, 2016","Jul 01, 2015",00409-4900-34;00409-4916-34;00409-5534-34;00409-6625-02;00409-6637-34;00548-3352-01;76329-3352-01
Sodium Bicarbonate Injection,Current Shortages,"Aug 12, 2025","Feb 17, 2017",00409-4900-14;00409-4916-14;00409-5534-14;00409-5555-02;00409-6625-14;00409-6637-14;51754-5001-04;51754-5011-04;51754-5012-04;63323-0083-05;63323-0089-50;64980-0294-10;70095-0050-03;76329-3352-01;81298-7620-03
Sodium Chloride Inhalation Solution,Resolved Shortages,"Aug 31, 2022","Jan 06, 2022",00378-6985-01;00378-6986-01;00378-6987-89;00378-6997-89;00378-6998-89;00487-9003-60;00487-9007-60;00487-9301-03;00487-9301-33;00487-9302-01;50190-0141-23;50190-0142-63;50190-0523-22;50190-0740-60;76204-0300-03;76204-0300-05;76204-0300-50;83490-0207-60;83490-0235-60;83490-0307-60
Sodium Ferric Gluconate Complex,Resolved Shortages,"Jun 24, 2025","Dec 09, 2022",00024-2792-10;00143-9570-10
Sodium Fluoride Chewable Tablets,Resolved Shortages,"May 03, 2019","Oct 08, 2018",58223-0674-01;58223-0674-04;58223-0675-01;58223-0675-04;58223-0677-01;59088-0104-73;59088-0105-73;59088-0106-73
Sodium Nitroprusside Injection,Resolved Shortages,"Oct 11, 2017","Dec 30, 2015",00187-4302-02;14789-0012-02;17478-0014-02;25021-0310-02;51754-1006-01
Sodium Phosphate Injection,Resolved Shortages,"Dec 09, 2020","Mar 10, 2016",00409-7391-72;63323-0170-05;63323-0170-15;63323-0241-20
Sodium Phosphate Injection,Resolved Shortages,"Oct 06, 2024","Aug 23, 2021",00409-7391-72;00517-7305-25;00517-7315-25;00517-7350-25;63323-0881-16;63323-0884-06;63323-0886-56
Sodium Polystyrene Sulfonate Oral or Rectal Suspension,Resolved Shortages,"May 05, 2021","Jun 01, 2018",46287-0006-01;46287-0006-04;46287-0006-60
Sodium Polystyrene Sulfonate Powder,Resolved Shortages,"Dec 08, 2020","Jan 22, 2019",10135-0146-17;10702-0036-15;10702-0036-45;11534-0166-15;11534-0166-44;13811-0656-53;46287-0012-16;51293-0831-97
Somatropin Injection,Resolved Shortages,"Dec 08, 2020","Jul 13, 2020",00013-2626-81;00013-2646-81;00013-2649-02;00013-2650-02;00013-2651-02;00013-2652-02;00013-2653-02;00013-2654-02;00013-2655-02;00013-2656-02;00013-2657-02;00013-2658-02
Somatropin Injection,Current Shortages,"Jun 04, 2025","Nov 22, 2022",00013-2626-81;00013-2646-81;00013-2649-02;00013-2650-02;00013-2651-02;00013-2652-02;00013-2653-02;00013-2654-02;00013-2655-02;00013-2656-02;00013-2657-02;00013-2658-02;00169-7703-21;00169-7704-21;00169-7705-21;00169-7708-21;00781-3001-07;00781-3004-07;00781-4004-36;55566-1801-01;55566-1901-01
Spironolactone Tablets,Resolved Shortages,"Sep 11, 2019","Jul 26, 2018",00025-1001-31;00025-1031-31;00025-1041-31;00603-5763-21;00603-5763-28;00603-5763-30;00603-5763-32;00603-5764-21;00603-5764-28;00603-5765-21;00603-5765-28;16729-0225-01;16729-0225-16;16729-0225-17;16729-0226-01;16729-0226-16;16729-0227-01;16729-0227-16;53489-0143-01;53489-0143-05;53489-0143-10;53489-0328-01;53489-0328-05;53489-0328-06;53489-0329-01;53489-0329-05;53489-0329-06;53489-0329-07;53746-0511-01;53746-0511-05;53746-0511-10;53746-0514-01;53746-0514-05;53746-0515-01;53746-0515-05;59746-0216-01;59746-0216-05;59746-0217-01;59746-0218-01
Sterile Empty Vials,Resolved Shortages,"Mar 07, 2017","Aug 12, 2015",63323-0001-00;63323-0001-05;63323-0001-10;63323-0001-30
Sterile Mineral Oil,Resolved Shortages,"Mar 21, 2022","Oct 28, 2020",63323-0254-02;63323-0254-10
Sterile Talc,Resolved Shortages,"Mar 18, 2022","Aug 31, 2016",62327-0222-02;62327-0333-03;62327-0444-04;63256-0100-30;63256-0200-05
Sterile Water for Injection - Large Volume Bags,Resolved Shortages,"Feb 05, 2024","Jan 04, 2022",00264-7385-50;00264-7385-60;00264-7850-00;00264-7850-10;00264-7850-20;00338-0013-04;00338-0013-06;00338-0013-08;00338-0013-29;00409-7118-07;00409-7990-09;17271-0750-07
Sterile Water for Injection - Large Volume Bags,Current Shortages,"Jul 29, 2025","Oct 04, 2024",00264-7385-50;00264-7385-60;00264-7850-00;00264-7850-10;00264-7850-20;00338-0013-04;00338-0013-06;00338-0013-08;00338-0013-29;00409-7118-07;00409-7990-09;17271-0750-07;63323-0178-76
Sterile Water for Injection - Small Volume Vials,Resolved Shortages,"May 18, 2025","Jan 06, 2018",00409-4887-10;00409-4887-20;00409-4887-50;00409-4887-99;00641-6147-10;63323-0185-05;63323-0185-10;63323-0185-20;63323-0185-50;64253-0020-30;64253-0020-91;65219-0187-10
Sterile Water for Injection Large Volume Bags,Resolved Shortages,"May 26, 2016","Jul 22, 2015",00264-7385-50;00264-7385-60;00264-7850-00;00264-7850-10;00264-7850-20;00338-0013-04;00338-0013-06;00338-0013-08;00338-0013-29;00409-7118-07;00409-7990-09
Sterile Water for Injection Large Volume Bags,Resolved Shortages,"Jan 24, 2019","Dec 20, 2017",00264-7385-50;00264-7385-60;00264-7850-00;00264-7850-10;00264-7850-20;00338-0013-04;00338-0013-06;00338-0013-08;00338-0013-29;00409-7118-07;00409-7990-09
Sterile Water for Irrigation,Resolved Shortages,"May 26, 2016","Sep 21, 2015",00264-2101-00;00264-2101-10;00264-2101-50;00264-2101-70;00264-7386-50;00264-7386-60;00338-0003-44;00338-0003-46;00338-0003-47;00338-0004-02;00338-0004-03;00338-0004-04;00338-0004-05;00409-6139-03;00409-6139-22;00409-7139-09;00409-7139-36;00409-7973-05;00409-7973-07;00409-7973-08
Sterile Water for Irrigation,Current Shortages,"Jul 29, 2025","May 03, 2023",00264-2101-00;00264-2101-10;00264-7386-50;00264-7386-60;00338-0003-44;00338-0003-46;00338-0003-47;00338-0004-02;00338-0004-03;00338-0004-04;00338-0004-05;00990-6139-03;00990-6139-22;00990-7139-09;00990-7139-36;00990-7973-05;00990-7973-07;00990-7973-08
Streptozocin Injection,Current Shortages,"Jun 10, 2025","Jun 27, 2022",00703-4636-01
Succimer Capsules,Resolved Shortages,"Oct 08, 2021","Feb 22, 2021",55292-0201-11
Succinylcholine Injection,Resolved Shortages,"May 26, 2016","Sep 16, 2015",00409-6629-02;00781-3009-95
Succinylcholine Injection,Resolved Shortages,"Dec 04, 2017","Apr 30, 2017",00409-6629-02;00781-3009-95
Succinylcholine Injection,Current Shortages,"Aug 19, 2025","Feb 21, 2024",00143-9338-25;00409-6629-02;00641-6234-10;00781-3119-95;16729-0493-45;25021-0677-10;31722-0981-31;63323-0943-10;66794-0232-42;69918-0700-10;69918-0700-25;70069-0301-10;70069-0301-25;70121-1581-05;70710-1377-02;71288-0719-11;73043-0021-01
Sucralfate Tablets,Current Shortages,"Jun 20, 2025","Oct 28, 2022",00093-2210-01;00093-2210-05;00093-2210-98;51079-0753-20;58914-0171-10;59762-0401-01;59762-0401-05;62135-0436-90
Sufentanil Injection,Resolved Shortages,"Feb 13, 2017","Aug 19, 2015",00409-3380-31;00409-3380-32;00409-3380-35;00409-3382-21;00409-3382-22;00409-3382-25;00641-6110-10;00641-6111-10;00641-6112-10;17478-0050-01;17478-0050-02;17478-0050-05
Sufentanil Injection,Resolved Shortages,"Jan 22, 2021","Jan 12, 2018",00409-3382-21;00409-3382-22;00409-3382-25;17478-0050-01;17478-0050-02;17478-0050-05
Sufentanil Injection,Resolved Shortages,"Feb 07, 2025","May 04, 2022",00409-3382-21
Sufentanil Injection,Resolved Shortages,"Aug 05, 2025","Apr 15, 2025",00409-3382-21
Sulfacetamide Sodium and Prednisolone Acetate Ophthalmic Ointment,Discontinued Drugs,"Aug 16, 2023","Nov 19, 2019",00023-0313-04
Sulfacetamide Sodium and Prednisolone Sodium Phosphate Ophthalmic Solution,Resolved Shortages,"Jul 03, 2024","Sep 21, 2023",24208-0317-05
Sulfanilamide Cream,Resolved Shortages,"Jun 18, 2019","May 13, 2019",00037-6631-04
Sulfasalazine Enteric-Coated and Immediate-Release Tablets,Resolved Shortages,"May 28, 2025","Jan 08, 2020",00013-0101-10;00013-0101-30;00013-0102-50;00013-0102-60;00093-3234-01;00093-3234-05;00093-3234-10;59762-0104-05;59762-0104-06;59762-5000-05;59762-5000-06
Sumatriptan Nasal Spray,Resolved Shortages,"Sep 09, 2016","Dec 16, 2015",00173-0523-00;00173-0524-00;00178-6523-86;00178-6524-86
Synthetic Conjugated Estrogen,Discontinued Drugs,"Aug 05, 2016","Aug 28, 2015",51285-0406-02;51285-0407-02;51285-0408-02;51285-0409-02;51285-0410-02
Tacrolimus Capsules,Resolved Shortages,"May 26, 2016","Jun 16, 2015",00378-2045-01;00378-2046-01;00378-2047-01;00469-0607-73;00469-0617-11;00469-0617-73;00469-0657-11;00469-0657-73;00781-2102-01;00781-2103-01;00781-2104-01;16729-0041-01;16729-0042-01;16729-0043-01;51079-0028-20;51079-0817-20;51079-0818-20;55111-0525-01;55111-0526-01;55111-0527-01;62175-0380-37;62175-0381-37;62175-0382-37
Tacrolimus Capsules,Resolved Shortages,"May 17, 2021","Jun 04, 2019",00378-2045-01;00378-2046-01;00378-2047-01;00469-0607-73;00469-0617-11;00469-0617-73;00469-0657-11;00469-0657-73;00781-2102-01;00781-2103-01;00781-2104-01;00904-6623-61;00904-6624-61;00904-6625-61;16729-0041-01;16729-0042-01;16729-0043-01;55111-0525-01;55111-0526-01;55111-0527-01;64380-0720-06;64380-0721-06;64380-0722-06;69452-0153-20;69452-0154-20;69452-0155-20
Tacrolimus Extended-Release Capsules and Tablets,Resolved Shortages,"Aug 27, 2020","Sep 18, 2019",00469-0647-73;00469-0677-73;00469-0687-73;68992-3010-01;68992-3010-03;68992-3040-01;68992-3040-03;68992-3075-01;68992-3075-03
Tacrolimus Injection,Resolved Shortages,"Aug 27, 2020","Aug 30, 2019",00469-3016-01
Tamsulosin Hydrochloride,Resolved Shortages,"Jul 21, 2016","Sep 17, 2015",00228-2996-11;00228-2996-50;00378-0294-19;00378-0294-20;00378-0294-56;00378-2500-10;00378-2500-77;00597-0166-01;00781-2076-01;57237-0014-01;57237-0014-05;62756-0160-13;62756-0160-81;62756-0160-88;65862-0598-05;68382-0132-01;68382-0132-10
Tedizolid Injection,Resolved Shortages,"Oct 02, 2023","Aug 04, 2023",67919-0040-02
Tedizolid Oral Tablets,Resolved Shortages,"Oct 02, 2023","Jun 26, 2023",67919-0041-04;67919-0041-05
Telmisartan Tablets,Resolved Shortages,"Sep 07, 2021","Oct 23, 2019",00378-2920-77;00378-2920-93;00378-2921-77;00378-2921-93;00378-2922-77;00378-2922-93;00597-0039-37;00597-0040-37;00597-0041-37;13668-0156-30;13668-0156-72;13668-0157-30;13668-0157-72;13668-0158-30;13668-0158-72;43541-0283-03;43541-0284-03;43541-0285-03;62332-087-30;62332-088-30;62332-089-30;68382-0471-78;68382-0472-78;68382-0473-78;68462-0199-30;68462-0200-30;68462-0201-30
Temazepam Capsules,Resolved Shortages,"Apr 11, 2023","Dec 14, 2018",00228-2076-10;00228-2076-50;00228-2077-10;00228-2077-50;00406-9914-03;00406-9915-01;00406-9915-03;00406-9916-01;00406-9917-01;00904-6436-04;67877-0146-01;67877-0146-05;67877-0147-01;67877-0147-05;67877-0148-01;67877-0149-30
Teprotumumab-trbw Injection,Resolved Shortages,"Apr 12, 2021","Feb 10, 2021",75987-0130-15
Terbutaline Sulfate Injection,Resolved Shortages,"Nov 08, 2023","Sep 12, 2022",00143-9746-10;63323-0456-01
Terbutaline Sulfate Injection,Current Shortages,"Jul 09, 2025","Jan 21, 2025",00143-9746-10;59923-0615-05;63323-0456-01
Testosterone 2% Topical Gel,Resolved Shortages,"Oct 19, 2023","Jun 29, 2023",00591-2363-60;00603-7831-88;63481-0183-16
Testosterone Cypionate Injection,Resolved Shortages,"Nov 06, 2016","May 27, 2015",00009-0347-02;00009-0417-01;00009-0417-02;00143-9726-01;00574-0820-01;00574-0820-10;00574-0827-10;00591-3223-79;62756-0015-40;62756-0016-40;62756-0017-40
Testosterone Cypionate Injection,Current Shortages,"Jul 22, 2025","Sep 11, 2019",00009-0347-02;00009-0417-01;00009-0417-02;00143-9659-01;00143-9726-01;00409-6557-01;00409-6562-01;00409-6562-20;00574-0820-01;00574-0820-10;55150-0276-01;55150-0277-01;55150-0278-01;69097-0802-32
Testosterone Enanthate Intramuscular Injection,Resolved Shortages,"Jun 04, 2021","Dec 07, 2018",00143-9750-01;00591-3221-21
Testosterone Pellets for Subcutaneous Implantation,Resolved Shortages,"Dec 10, 2020","Mar 13, 2020",66887-0004-10;66887-0004-20
Testosterone Transdermal System,No Commercially Available Preparations,"Mar 13, 2023","Mar 13, 2023",00023-5990-60;00023-5992-30
Tetanus and Diphtheria Toxoids Adsorbed (Td),Resolved Shortages,"Sep 13, 2017","Dec 19, 2016",13533-0131-01;49281-0215-10;49281-0215-15
Tetracaine Hydrochloride Ophthalmic Drops,Resolved Shortages,"Sep 08, 2024","Jun 07, 2016",00065-0741-14;68682-0920-05;68682-0920-64
Theophylline 12-Hour Extended-Release Tablets,Resolved Shortages,"May 16, 2019","Dec 16, 2015",00904-5887-61;00904-5888-61;00904-5889-61;50111-0459-01;50111-0459-02;50111-0459-03;50111-0482-01;50111-0482-02;50111-0482-03;50111-0483-01;50111-0483-02;62332-0025-31;62332-0026-31
Theophylline 24-Hour Extended Release Capsules and Tablets,Current Shortages,"Jun 08, 2025","Aug 18, 2023",42858-0701-01;42858-0702-01;52244-0100-10;52244-0200-10;52244-0300-10;52244-0400-10;68462-0356-01;68462-0380-01
Thiamine Injection,Resolved Shortages,"Jul 06, 2018","Feb 01, 2018",63323-0013-02;67457-0196-02
Thiamine Injection,Resolved Shortages,"Jun 02, 2021","Dec 13, 2018",00641-6228-25;25021-0500-02;63323-0013-02;67457-0196-02
Thiamine Injection,Resolved Shortages,"Feb 22, 2023","Jan 12, 2022",00641-6228-25;25021-0500-02;55150-0273-25;63323-0013-02;67457-0196-02
Thiotepa for Injection,Resolved Shortages,"May 14, 2018","Jul 13, 2015",00143-9565-01;70121-1630-01;70121-1631-01
Thiothixene Capsules,Resolved Shortages,"Jun 23, 2019","Apr 27, 2018",70954-0014-10;70954-0015-10;70954-0016-10;70954-0017-10
Thrombin Topical Powder (Recombinant),Resolved Shortages,"Jan 21, 2020","Dec 07, 2018",00338-0322-01;00338-0326-01;00338-0330-01
Thrombin Topical Solution (Bovine),Resolved Shortages,"Jan 06, 2017","Jul 22, 2015",60793-0205-05;60793-0215-05;60793-0217-20;60793-0217-21;60793-0217-22;60793-0705-05
Thrombin Topical Solution (Bovine),Resolved Shortages,"May 11, 2020","Oct 02, 2018",60793-0205-05;60793-0215-05;60793-0217-20;60793-0217-21;60793-0217-22;60793-0705-05
Thrombin Topical Solution (Bovine) and Powder (Recombinant),Current Shortages,"Dec 19, 2023","Feb 23, 2022",00338-0322-01;00338-0326-01;00338-0330-01;60793-0205-05;60793-0215-05;60793-0217-20;60793-0217-21;60793-0217-22;60793-0705-05
Tigecycline Injection,Resolved Shortages,"Aug 04, 2017","Dec 09, 2015",00008-4990-02;00008-4990-20
Timolol Ophthalmic Gel Forming Solution,Current Shortages,"Aug 03, 2025","Jan 11, 2021",24208-0814-25;24208-0816-25;61314-0224-05;61314-0225-05;62332-0545-05;62332-0546-05;72266-0199-01;72266-0200-01
Timolol Ophthalmic Solution,Resolved Shortages,"Sep 02, 2023","Jun 04, 2020",00187-1498-25;24208-0499-68;24208-0812-05;24208-0813-05;24208-0813-10;60505-1005-01;60505-1005-04;60758-0801-05;60758-0801-10;60758-0802-05;60758-0802-10;61314-0226-05;61314-0226-10;61314-0226-15;61314-0227-05;61314-0227-10;61314-0227-15;64980-0513-05;64980-0513-10;64980-0513-15;64980-0514-05;64980-0514-10;64980-0514-15;68682-0045-25;68682-0045-50
Tirofiban Hydrochloride Injection,Resolved Shortages,"Oct 25, 2019","Jun 06, 2019",25208-0001-04;25208-0002-02;25208-0002-03
Tirzepatide Injection,Resolved Shortages,"Apr 17, 2023","Dec 13, 2022",00002-1457-80;00002-1460-80;00002-1471-80;00002-1484-80;00002-1495-80;00002-1506-80
Tirzepatide Injection,Resolved Shortages,"Mar 05, 2025","Jul 20, 2023",00002-1457-80;00002-1460-80;00002-1471-80;00002-1484-80;00002-1495-80;00002-1506-80;00002-2457-80;00002-2460-80;00002-2471-80;00002-2484-80;00002-2495-80;00002-2506-80
Tobramycin Sulfate Injection,Resolved Shortages,"Jun 05, 2019","Sep 04, 2015",00409-3578-01;00703-9402-04;00703-9416-01;17478-0114-02;17478-0114-30;36000-0242-01;36000-0244-25;39822-0412-01;39822-0412-06;63323-0303-51;63323-0305-02;63323-0306-02;63323-0306-30;63323-0307-51
Tobramycin Sulfate Lyophilized Powder for Solution,Resolved Shortages,"Apr 12, 2021","Mar 25, 2020",39822-0412-01;39822-0412-06;63323-0303-51
Tocilizumab Injection,Resolved Shortages,"Jul 29, 2022","Aug 03, 2021",50242-0135-01;50242-0136-01;50242-0137-01;50242-0138-01;50242-0143-01
Tolmetin Capsules and Tablets,Resolved Shortages,"Jan 16, 2018","Jul 07, 2017",00378-0313-01;00378-5200-01
Topotecan capsules,Resolved Shortages,"Oct 06, 2017","Mar 20, 2017",00078-0672-01;00078-0673-01
Topotecan Capsules,Resolved Shortages,"Jul 11, 2024","Sep 26, 2023",00078-0672-01;00078-0673-01
Topotecan Injection,Resolved Shortages,"Oct 08, 2024","Feb 05, 2024",00409-0302-01;16729-0151-31;16729-0243-31;45963-0615-56;63323-0762-10
Torsemide Injection,Discontinued Drugs,"Sep 24, 2018","Sep 08, 2015",00517-0770-10;00517-0771-10
Trace Elements Injection,Resolved Shortages,"May 26, 2016","Jul 28, 2015",00517-6202-25;00517-7201-25;00517-7210-25;00517-7410-25;00517-8201-25;00517-8210-25;00517-8510-25;00517-9203-25;00517-9310-25;63323-0143-97;63323-0147-10
Trace Elements Injection,Resolved Shortages,"Jul 05, 2018","May 15, 2017",00517-6202-25;00517-7201-25;00517-7210-25;00517-7410-25;00517-8201-25;00517-8210-25;00517-8510-25;00517-9203-25
Trace Elements Injection,Resolved Shortages,"Oct 26, 2020","Apr 08, 2020",00517-6202-25;00517-7201-25;00517-7210-25;00517-7410-25;00517-8201-25;00517-8210-25;00517-8510-25;00517-9203-25;00517-9305-25
Tramadol Tablets,Resolved Shortages,"Jan 27, 2025","Jan 21, 2020",00093-3301-01;00093-3301-05;57664-0377-08;57664-0377-13;57664-0377-18;60219-2348-01;60219-2348-05;60219-2348-07
Tranexamic Acid Oral Tablets,Resolved Shortages,"May 07, 2021","Jul 29, 2020",00591-3720-30;55566-2110-02;69918-0301-30
Tretinoin Capsules,Resolved Shortages,"Aug 06, 2016","Feb 16, 2016",00555-0808-02;10370-0268-01
Tretinoin Capsules,Resolved Shortages,"Feb 03, 2025","Jan 06, 2023",00555-0808-02;10370-0268-01;68462-0792-01
Triamcinolone Acetonide Injectable Suspension,Current Shortages,"Aug 05, 2025","Jun 02, 2025",00003-0293-05;00003-0293-20;00003-0293-28;00003-0315-05;00003-0315-20;00003-0494-20;00143-9387-25;00703-0241-01;00703-0243-01;00703-0245-01;55150-0384-01;55150-0385-01;67457-0621-99;67457-0622-99;67457-0623-99;70121-1049-05;70121-1168-01;70121-1169-01;81298-5783-03;81298-5785-03
Triamcinolone Acetonide Intravitreal Injection,Resolved Shortages,"Dec 09, 2020","Sep 27, 2019",00065-0543-01
Triamcinolone Acetonide Intravitreal Injection,Resolved Shortages,"Oct 26, 2024","Sep 30, 2021",00065-0543-01
Triamcinolone Hexacetonide Injection,Current Shortages,"Jul 25, 2025","Jun 22, 2021",59137-0570-01
Trifluoperazine Tablets,Resolved Shortages,"Nov 20, 2019","Aug 22, 2018",00378-2401-01;00378-2402-01;00378-2405-01;00378-2410-01;00781-8028-01;00781-8034-01;00781-8036-01;00832-0494-11;00832-0495-11;00832-0496-11;00832-0497-11;51079-0572-20;51079-0573-20;51079-0574-20;51079-0575-20
Trihexyphenidyl Hydrochloride Oral Solution,Resolved Shortages,"Jan 31, 2025","Aug 21, 2024",00121-0658-16
Trimethobenzamide Capsules,Resolved Shortages,"Nov 30, 2023","Feb 10, 2021",61570-0079-01;62135-0773-30
Trimethobenzamide Injection,Resolved Shortages,"Sep 25, 2023","Jul 11, 2023",42023-0119-25
Trimethobenzamide Injection,Resolved Shortages,"Dec 21, 2023","Sep 25, 2023",42023-0119-25
Tromethamine Injection,Resolved Shortages,"Feb 22, 2021","May 02, 2016",00409-1593-04
Tropicamide 1% Ophthalmic Solution,Resolved Shortages,"Jun 16, 2016","Oct 23, 2015",00065-0355-03;00065-0355-15;17478-0102-12;24208-0585-59;24208-0585-64;61314-0355-01;61314-0355-02
Tropicamide Ophthalmic Solution,Resolved Shortages,"Jul 24, 2024","Mar 20, 2019",00065-0355-15;24208-0585-59;24208-0585-64;24208-0590-64;61314-0354-01;61314-0355-01;61314-0355-02;70069-0121-01
Trypan Blue Ophthalmic Solution,Resolved Shortages,"Jul 07, 2023","Feb 24, 2023",68803-0612-10
Tuberculin,Resolved Shortages,"Mar 06, 2020","Jun 10, 2019",42023-0104-01;42023-0104-05;49281-0752-21;49281-0752-22
Typhoid Live Oral Vaccine,Resolved Shortages,"Jan 23, 2023","Dec 09, 2020",69401-0000-02
Ulipristal Acetate,Resolved Shortages,"Jan 14, 2020","Nov 11, 2019",50102-0911-01
Ulipristal Acetate,Resolved Shortages,"Dec 11, 2020","Sep 15, 2020",73302-0456-01
Valganciclovir HCl Oral Powder for Solution,Resolved Shortages,"Jul 09, 2019","Jan 07, 2019",00004-0039-09;00591-2579-20
Valganciclovir Oral Presentations,Resolved Shortages,"Sep 12, 2024","Feb 07, 2023",00591-2579-20;00904-6796-04;00904-6796-10;31722-0832-60;31722-0837-10;61269-0480-60;61269-0485-10;69097-0277-03;70010-0051-40;70069-0810-01
Valproate Sodium Injection,Resolved Shortages,"May 26, 2016","May 07, 2015",00074-1564-10;00143-9785-10;63323-0494-05
Valproate Sodium Injection,Resolved Shortages,"Jul 12, 2019","Mar 29, 2019",00074-1564-10;00143-9785-10;63323-0494-05
Valproate Sodium Injection,Resolved Shortages,"Aug 24, 2021","May 07, 2020",00143-9785-10;63323-0494-05
Valproate Sodium Injection,Resolved Shortages,"May 01, 2023","Apr 26, 2022",00143-9785-10;63323-0494-05;70860-0784-05
Valproate Sodium Injection,Resolved Shortages,"Aug 12, 2024","Apr 09, 2024",00143-9785-10;63323-0494-05
Valproate Sodium Injection,Current Shortages,"Aug 13, 2025","Aug 13, 2025",00143-9785-10;63323-0494-05
Valsartan and Hydrochlorothiazide Tablets,Resolved Shortages,"Jul 29, 2022","Jul 17, 2018",00078-0314-34;00078-0315-34;00078-0383-34;00078-0471-34;00378-6321-05;00378-6321-77;00378-6322-77;00378-6323-05;00378-6323-77;00378-6324-05;00378-6324-77;00378-6325-05;00378-6325-77;00591-2315-19;00591-2316-19;00591-2317-19;00591-2318-19;00591-2319-19;33342-0074-10;33342-0074-44;33342-0075-10;33342-0075-15;33342-0076-10;33342-0076-15;33342-0077-10;33342-0077-15;33342-0078-10;33342-0078-15;43547-0311-09;43547-0312-09;43547-0313-09;43547-0314-09;43547-0315-09;62332-0079-71;62332-0079-90;62332-0080-71;62332-0080-90;62332-0081-71;62332-0081-90;62332-0082-71;62332-0082-90;62332-0083-71;62332-0083-90;68180-0101-02;68180-0101-09;68180-0102-02;68180-0102-09;68180-0103-02;68180-0103-09;68180-0104-02;68180-0104-09;68180-0105-09
Valsartan Tablets,Resolved Shortages,"Jan 18, 2023","Jul 17, 2018",00078-0358-34;00078-0359-34;00078-0360-34;00078-0423-15;00378-5807-93;00378-5813-77;00378-5814-77;00378-5815-77;31722-0745-30;31722-0746-90;31722-0747-90;31722-0748-90;33342-0062-07;33342-0063-10;33342-0064-10;33342-0065-10;62332-0044-90;62332-0045-71;62332-0045-90;62332-0046-71;62332-0046-90;62332-0047-71;62332-0047-90;72819-0181-03;72819-0182-09;72819-0183-09;72819-0184-09
Vancomycin Hydrochloride Injection,Current Shortages,"Jul 16, 2025","Jun 01, 2015",00143-9152-10;00143-9153-10;00143-9161-10;00143-9162-10;00143-9163-01;00143-9164-01;00143-9355-10;00143-9357-10;00143-9358-01;00143-9359-01;00338-0122-04;00338-0124-04;00338-3551-48;00338-3552-48;00338-3580-48;00338-3581-01;00338-3582-01;00338-3583-01;00409-1319-01;00409-3515-01;00409-4332-01;00409-6509-01;00409-6531-01;00409-6531-02;00409-6533-21;00409-6534-01;00409-6535-01;00409-9163-01;25021-0150-10;25021-0151-20;25021-0157-99;25021-0158-99;55150-0471-10;55150-0472-10;63323-0203-20;63323-0221-10;63323-0284-20;63323-0295-61;63323-0314-61;66288-7100-01;67457-0339-50;67457-0340-01;67457-0341-05;67457-0342-10;70436-0020-82;70436-0021-82;70436-0022-82;70436-0023-82;70594-0041-03;70594-0042-03;70594-0043-02;70594-0044-02;70594-0046-02;70594-0047-01;70594-0048-01;70594-0056-03;70594-0057-03;70594-0058-03;71288-0024-21;71288-0025-75;71288-0026-75
Varenicline tablets (Chantix),Current Shortages,"Jun 23, 2025","Jun 24, 2021",00069-0468-56;00069-0469-03;00069-0469-56;00069-0471-03
Vasopressin Injection,Current Shortages,"Jul 21, 2025","Feb 27, 2024",00338-9640-12;00338-9647-12;00517-1020-25;00517-1030-01;00548-9701-00;25021-0474-01;42023-0164-10;42023-0164-25;42023-0219-10;42023-0237-10;55150-0370-25;63323-0039-01;63323-0930-01;70121-1642-05;81298-8552-03;81298-8554-03
Vecuronium Bromide Injection,Current Shortages,"Jul 22, 2025","Sep 08, 2015",00143-9232-10;00143-9234-10;25021-0657-10;25021-0658-20;47335-0931-44;47335-0932-44;55150-0235-10;55150-0236-20;67457-0438-10;67457-0475-20
Venlafaxine Hydrochloride Extended-Release Capsules,Resolved Shortages,"Apr 23, 2021","Aug 30, 2019",00008-0833-03;00008-0833-20;00008-0833-21;00008-0833-22;00008-0836-03;00008-0836-20;00008-0836-21;00008-0836-22;00008-0837-03;00008-0837-20;00008-0837-21;00008-0837-22;00093-7384-05;00093-7384-56;00093-7384-98;00093-7385-05;00093-7385-56;00093-7385-98;00093-7386-05;00093-7386-56;00093-7386-98;68382-0034-06;68382-0034-10;68382-0034-16;68382-0035-06;68382-0035-10;68382-0035-16;68382-0036-06;68382-0036-10;68382-0036-16
Verapamil Extended-Release Tablets,Resolved Shortages,"Jul 18, 2022","Apr 11, 2019",00025-1891-31;00025-1891-51;00025-1911-31;00025-2712-31;00025-2818-31;00025-2924-31;00378-1411-01;00378-1411-05;00378-1411-77;00378-2120-01;00378-2180-01;00378-2180-05;51079-0869-20;51079-0894-20;51079-0899-20;68462-0260-01;68462-0260-05;68462-0292-01;68462-0293-01;68462-0293-05
Verapamil Injection,Resolved Shortages,"May 26, 2016","Jun 04, 2015",00409-1144-02;00409-1144-05;00409-4011-01;00409-9633-05
Vinblastine Sulfate Injection,Resolved Shortages,"Sep 27, 2016","Aug 02, 2016",63323-0278-10
Vinblastine Sulfate Injection,Resolved Shortages,"Feb 25, 2020","Jul 15, 2019",63323-0278-10
Vinblastine Sulfate Injection,Resolved Shortages,"Apr 21, 2021","Mar 10, 2021",63323-0278-10
Vinblastine Sulfate Injection,Resolved Shortages,"Nov 18, 2024","Sep 01, 2023",63323-0278-10
Vincristine Sulfate Injection,Resolved Shortages,"Aug 28, 2018","Jan 27, 2018",00703-4402-11;00703-4422-11;61703-0309-06;61703-0309-16
Vincristine Sulfate Injection,Resolved Shortages,"Jan 31, 2020","Oct 01, 2019",61703-0309-06;61703-0309-16
Vitamin A Injection,Resolved Shortages,"Oct 31, 2016","Aug 03, 2016",61703-0418-18
Vitamin A Injection,Resolved Shortages,"Dec 20, 2017","Nov 10, 2017",61703-0418-18
Vitamin A Injection,Resolved Shortages,"Apr 04, 2022","Apr 26, 2021",70199-0026-11
Vitamin A Injection,Resolved Shortages,"Aug 30, 2024","Mar 10, 2023",70199-0026-11
Vitamin C Oral Syrup,Resolved Shortages,"Jan 09, 2017","Oct 10, 2016",00536-0160-97
Vitamin E Aqueous Oral Solution,Discontinued Drugs,"Jan 25, 2017","Jun 11, 2015",54838-0005-30;61703-0419-77;61703-0419-78
Vitamin K (Phytonadione) Injection,Resolved Shortages,"Jul 05, 2018","Jun 29, 2015",00409-9157-01;00409-9158-01;76329-1240-01
Vitamin K (Phytonadione) Injection,Resolved Shortages,"Jul 22, 2019","May 23, 2019",00409-9157-01;00409-9158-01;76329-1240-01
Vitamin K (Phytonadione) Injection,Resolved Shortages,"Apr 09, 2024","Aug 02, 2022",00409-9157-01;00409-9158-01;43598-0405-16;69097-0708-96;69097-0709-96;76329-1240-01
Yellow Fever Vaccine,Resolved Shortages,"May 21, 2021","Nov 24, 2015",49281-0915-01
Zinc Injection,Resolved Shortages,"May 26, 2016","Jun 12, 2015",00409-4090-01;00517-6110-25;00517-8105-25
Zoledronic Acid Injection,Resolved Shortages,"Aug 14, 2024","Jan 20, 2022",00078-0435-61;00409-4215-01;25021-0801-66;25021-0826-82;25021-0830-82;55111-0685-07;55111-0688-52;63323-0961-98;63323-0966-00;67457-0390-54;67457-0619-10;67457-0794-10;71288-0806-51
Zolpidem Tartrate Immediate Release Tablets,Resolved Shortages,"Nov 10, 2016","Dec 09, 2015",00024-5421-31;00024-5421-50;00093-0073-01;00093-0074-01;00378-5305-01;00378-5305-05;00378-5310-01;00378-5310-05;00781-5317-01;00781-5317-10;00781-5318-01;00781-5318-10;00904-6082-61;00904-6083-61;13668-0007-01;13668-0007-05;13668-0007-10;13668-0007-15;13668-0008-01;13668-0008-05;13668-0008-10;51079-0724-20;51079-0725-20;65862-0159-05;65862-0160-01;65862-0160-05
