Provider CCN,State Code,Rural Versus Urban,CCN Facility Type,Provider Type,Type of Control,Fiscal Year Begin Date,Fiscal Year End Date,FTE - Employees on Payroll,Total Days Title XVIII,Total Days Title XIX,Total Days (V + XVIII + XIX + Unknown),Number of Beds,Total Bed Days Available,Total Discharges Title XVIII,Total Discharges Title XIX,Total Discharges (V + XVIII + XIX + Unknown),Number of Beds + Total for all Subproviders,Hospital Total Days Title XVIII For Adults & Peds,Hospital Total Days Title XIX For Adults & Peds,Hospital Total Days (V + XVIII + XIX + Unknown) For Adults & Peds,Hospital Number of Beds For Adults & Peds,Hospital Total Bed Days Available For Adults & Peds,Hospital Total Discharges Title XVIII For Adults & Peds,Hospital Total Discharges Title XIX For Adults & Peds,Hospital Total Discharges (V + XVIII + XIX + Unknown) For Adults & Peds,Total Bad Debt Expense,Total Salaries From Worksheet A,Depreciation Cost,Total Salaries (adjusted),Cash on Hand and in Banks,Accounts Receivable,Less: Allowances for Uncollectible Notes and Accounts Receivable,Inventory,Prepaid Expenses,Total Current Assets,Land,Land Improvements,Buildings,Fixed Equipment,Major Movable Equipment,Total Fixed Assets,Other Assets,Total Other Assets,Total Assets,Accounts Payable,"Salaries, Wages, and Fees Payable",Other Current Liabilities,Total Current Liabilities,Other Long Term Liabilities,Total Long Term Liabilities,Total Liabilities,DRG Amounts After October 1,Less Contractual Allowance and Discounts on Patients' Accounts,Less Total Operating Expense,Net Income,Community Population,Community Poverty Perc.,Community Elderly Perc.,Profit,shortage_num,stratum,Predicted_Net_Income,Prediction_Error
60009,CO,U,STH,1,2,2019-01-01,2019-12-31,1330.28,9919.0,10748.0,45971.0,186.0,67890.0,2389.0,2195.0,10045.0,306.0,8932.0,8099.0,36043.0,148.0,54020.0,2389.0,2195.0,10045.0,16955645.0,120509608.0,27196332.0,119720950.0,10750.0,122835785.0,-76272797.0,7100348.0,2932671.0,192947659.0,2917557.0,4673114.0,371093086.0,3943534.0,156786865.0,245429100.0,1955444.0,1955444.0,440332203.0,9343017.0,11639410.0,10012980.0,31125995.0,3518692.0,5541852.0,36667847.0,5908029.0,1480202431.0,363693146.0,42961974.0,25755.0,12.747183486961315,19.798097456804506,Profit,235,Q3,28230995.975337338,14730978.024662662
330279,NY,U,STH,1,1,2018-01-01,2018-12-31,2349.35,20412.0,2986.0,91807.0,364.0,132860.0,3722.0,389.0,18591.0,470.0,18147.0,1985.0,75829.0,303.0,110595.0,3722.0,389.0,18591.0,6146677.0,178097148.0,14152354.0,179316204.0,74223762.0,52107721.0,-7211216.0,11832259.0,2267708.0,135578802.0,1409723.0,469306.0,76577940.0,20395998.0,74547379.0,104063854.0,47214942.0,80089121.0,319731777.0,18715436.0,12985140.0,16788072.0,74638748.0,213541180.0,265940337.0,340579085.0,11058772.0,610360130.0,433002922.0,8113175.0,23980.0,16.012948249043596,14.50792326939116,Profit,185,Q1,36273426.07231206,-28160251.072312057
100035,FL,U,STH,1,4,2017-01-01,2017-12-31,1468.66,26212.0,8434.0,79718.0,295.0,107675.0,5280.0,1562.0,18078.0,295.0,24352.0,6196.0,68671.0,254.0,92710.0,5280.0,1562.0,18078.0,25267124.0,81865420.0,13350887.0,83398722.0,97048.0,104178917.0,-70737753.0,8023609.0,1255594.0,43979984.0,3202531.0,3020900.0,113527827.0,14897527.0,125874381.0,121968068.0,9637609.0,9637609.0,175585661.0,12566415.0,7607605.0,4385509.0,24559529.0,-384.0,12609157.0,37168686.0,11780137.0,1692380301.0,268982736.0,33255792.0,38248.0,22.89258379519662,14.254340096214182,Profit,142,Q2,35933829.925320104,-2678037.9253201038
110198,GA,U,STH,1,2,2016-07-01,2017-06-30,670.42,10732.0,3094.0,31854.0,169.0,61685.0,1969.0,566.0,11845.0,202.0,8759.0,1740.0,23094.0,141.0,51465.0,1969.0,566.0,11845.0,17863627.0,49929877.0,14174707.0,49929877.0,16631.0,88979957.0,-56495410.0,2999302.0,1696585.0,37197065.0,16060000.0,802709.0,85439418.0,11346474.0,3186941.0,112249161.0,214615923.0,214615923.0,364062149.0,10308477.0,-6799.0,1048904.0,17916563.0,52128.0,334008957.0,351925520.0,11617745.0,862081727.0,144537438.0,22416228.0,45847.0,12.394934930980757,11.453312103300108,Profit,131,Q2,31464625.441475634,-9048397.441475634
170068,KS,R,STH,1,9,2019-01-01,2019-12-31,422.17,3526.0,1463.0,9824.0,71.0,25915.0,825.0,348.0,2762.0,89.0,2861.0,772.0,7083.0,63.0,22995.0,825.0,348.0,2762.0,12339811.0,28818193.0,2896870.0,28818193.0,8354075.0,18164450.0,-4624302.0,1487489.0,2569410.0,26515216.0,104046.0,3043963.0,40316173.0,5759187.0,35552722.0,22917066.0,6321310.0,36719194.0,86151476.0,2090210.0,2886876.0,346927.0,5819013.0,33271823.0,33271823.0,39090836.0,1568567.0,140004090.0,66924044.0,6657884.0,22349.0,16.87445369646225,9.391919101525795,Profit,235,Q1,5168611.090248998,1489272.9097510017
110177,GA,U,STH,1,4,2018-04-01,2019-03-31,1194.14,21087.0,9052.0,79646.0,260.0,94900.0,3705.0,727.0,15668.0,288.0,17294.0,7133.0,53732.0,191.0,69715.0,3705.0,727.0,15668.0,30331615.0,83066932.0,13577412.0,83066932.0,342982.0,138735434.0,-142613605.0,9356012.0,1323289.0,6381637.0,5561341.0,2285597.0,38244563.0,55575604.0,73338662.0,97284583.0,1317574.0,49202047.0,152868267.0,10286528.0,6160676.0,432949.0,18574927.0,714021.0,-188476580.0,-169901653.0,19503207.0,2565691653.0,310934456.0,212076661.0,41261.0,14.505990964447063,14.50764644579627,Profit,197,Q3,69120176.42699972,142956484.57300028
180080,KY,R,STH,1,2,2017-09-01,2018-08-31,1013.41,14689.0,743.0,39753.0,248.0,90520.0,2739.0,102.0,8693.0,268.0,11278.0,621.0,32405.0,238.0,86870.0,2739.0,102.0,8693.0,8100349.0,57650993.0,5829148.0,57650993.0,1362702.0,116170677.0,-94023059.0,3609854.0,302163.0,32718489.0,3163143.0,3485870.0,86178492.0,4360612.0,41469725.0,46434936.0,151681.0,151681.0,79305106.0,2269611.0,111358.0,3709516.0,52386056.0,7400175.0,7400175.0,59786231.0,18699831.0,739894299.0,169134644.0,35086655.0,30305.0,23.769556167326932,18.01352912060716,Profit,170,Q2,20007022.096570686,15079632.903429314
330115,NY,U,STH,1,2,2017-01-01,2017-12-31,656.43,3005.0,332.0,10084.0,101.0,36865.0,716.0,68.0,2456.0,261.0,2649.0,206.0,7870.0,95.0,34675.0,716.0,68.0,2456.0,3591413.0,45076944.0,5111512.0,45076944.0,6270195.0,16084978.0,-5168306.0,1491877.0,3364790.0,22786112.0,735494.0,2609272.0,61164575.0,10613324.0,46664933.0,33475364.0,26361711.0,38284499.0,94545975.0,3006686.0,9085455.0,2504114.0,16903411.0,8809904.0,29950406.0,46853817.0,1338227.0,137718378.0,93458284.0,-793752.0,13638.0,17.317766801377037,15.59612846458425,Loss,142,Q0,-2477787.5459589628,1684035.5459589628
490020,VA,U,STH,1,4,2016-01-01,2016-12-31,355.67,7101.0,573.0,13834.0,107.0,39162.0,1581.0,97.0,3298.0,147.0,6246.0,573.0,11953.0,90.0,32940.0,1581.0,97.0,3298.0,11364553.0,27219430.0,3834371.0,27219430.0,9309.0,23519376.0,-14964873.0,2274168.0,397934.0,11190316.0,2311519.0,1453435.0,19058789.0,25721348.0,15022908.0,23899564.0,1506938.0,11006938.0,46096818.0,1969564.0,2747392.0,-1394177.0,3953274.0,-21951.0,-31760198.0,-27806924.0,2461252.0,544423108.0,75985928.0,-2192302.0,30918.0,17.634060106069533,14.341160489035513,Loss,152,Q0,-5499770.036418123,3307468.036418123
520100,WI,U,STH,1,2,2017-01-01,2017-12-31,1254.0,7386.0,934.0,15344.0,103.0,37595.0,1790.0,243.0,4045.0,103.0,6430.0,761.0,12850.0,91.0,33215.0,1790.0,243.0,4045.0,14822060.0,96618169.0,10462162.0,96618169.0,17265825.0,45577456.0,-6945000.0,5175819.0,1146960.0,67281490.0,8100877.0,6573316.0,144652254.0,43803637.0,72230812.0,130660532.0,4404314.0,83581314.0,281523336.0,8084575.0,5792909.0,13207100.0,31259350.0,30028349.0,111857810.0,143117160.0,4010836.0,561336169.0,236336934.0,10616066.0,48721.0,21.809972098570853,14.654871615935631,Profit,142,Q1,15484696.40048395,-4868630.400483949
460015,UT,U,STH,1,2,2018-01-01,2018-12-31,745.4,2635.0,1818.0,17036.0,130.0,47450.0,931.0,312.0,5834.0,151.0,1586.0,517.0,10187.0,83.0,30295.0,931.0,312.0,5834.0,6479060.0,50952634.0,4104532.0,53415363.0,3651.0,45152655.0,-13003842.0,3400498.0,101704.0,37528085.0,781325.0,1425569.0,69565938.0,8524395.0,45191001.0,63083670.0,4742198.0,4742198.0,105353953.0,140228.0,274507.0,3735789.0,4150524.0,280120.0,280120.0,4430644.0,2102694.0,162698631.0,182642233.0,68614889.0,23426.0,20.02165439584235,8.567403739434816,Profit,185,Q3,22184165.419226937,46430723.58077306
230041,MI,U,STH,1,2,2017-10-01,2018-09-30,1554.43,32564.0,1687.0,64205.0,297.0,108405.0,6625.0,484.0,14646.0,340.0,28072.0,1316.0,54504.0,265.0,96725.0,6625.0,484.0,14646.0,11056673.0,137842597.0,12113173.0,133398826.0,6419525.0,45504015.0,-6688788.0,8320834.0,1603144.0,55764780.0,6014002.0,4980352.0,124950243.0,22631275.0,90317798.0,99193904.0,15732924.0,256478968.0,411437652.0,8649261.0,9352946.0,8477241.0,28736291.0,25438868.0,71404319.0,100140610.0,67143152.0,724865664.0,315414350.0,37094924.0,26281.0,22.871639941126347,16.521441345458694,Profit,171,Q3,36598562.05076047,496361.94923952967
180102,KY,R,STH,1,1,2016-01-01,2016-12-31,848.51,20401.0,488.0,42655.0,265.0,96990.0,4457.0,73.0,9874.0,316.0,17449.0,413.0,36048.0,239.0,87474.0,4457.0,73.0,9874.0,5532363.0,57774087.0,8072184.0,57774087.0,20568489.0,61887494.0,-32392387.0,6208058.0,137075.0,90925762.0,453242.0,3113611.0,119463189.0,111249088.0,17238666.0,78154657.0,2635024.0,98791818.0,267872237.0,17015159.0,7390377.0,4331575.0,32768506.0,261971.0,18386302.0,51154808.0,9263302.0,628692964.0,194552635.0,22336144.0,29223.0,19.03139968068121,17.82500085549054,Profit,152,Q2,27216743.958116006,-4880599.958116006
100062,FL,R,STH,1,4,2017-10-01,2018-07-31,1630.38,25893.0,4860.0,74196.0,413.0,125552.0,4945.0,2529.0,15830.0,413.0,23572.0,1240.0,63355.0,369.0,112176.0,4945.0,2529.0,15830.0,34094307.0,77951270.0,20079230.0,77951270.0,-289797.0,111876993.0,-60336371.0,11764192.0,2484594.0,-149601136.0,17012048.0,3381901.0,131836685.0,5827987.0,50546674.0,182769247.0,15996121.0,15996121.0,49164232.0,10724193.0,6178364.0,6168086.0,62408176.0,6530297.0,6593166.0,69001342.0,46360696.0,1327516480.0,240238651.0,-19541462.0,16659.0,13.126861966236344,20.75154571102707,Loss,155,Q0,-17465555.607235227,-2075906.3927647732
50026,CA,U,STH,1,2,2016-10-01,2017-09-30,2784.0,34941.0,13634.0,113289.0,418.0,152570.0,7379.0,2497.0,25551.0,540.0,30955.0,9375.0,92178.0,319.0,116435.0,7379.0,2497.0,25551.0,29182398.0,278414363.0,30270006.0,278420445.0,33796760.0,242060981.0,-174295483.0,12662115.0,14251606.0,159360155.0,581843.0,21596555.0,335591706.0,29679949.0,102662150.0,352169167.0,93232279.0,495094362.0,1006623684.0,16258366.0,26896205.0,24168661.0,75509496.0,12278847.0,97647278.0,173156774.0,81832279.0,3161118276.0,669349414.0,43231820.0,40239.0,13.079273682349674,15.713611173239892,Profit,131,Q3,55093756.784269355,-11861936.784269355
390168,PA,U,STH,1,2,2016-07-01,2017-06-30,1426.74,11004.0,2479.0,55434.0,275.0,100375.0,2333.0,188.0,11304.0,321.0,9268.0,2413.0,46008.0,240.0,87600.0,2333.0,188.0,11304.0,7396259.0,93272614.0,12437266.0,93614819.0,61170411.0,165686904.0,-137258635.0,3816533.0,2844366.0,98618741.0,2577581.0,9482176.0,90738076.0,113509067.0,110005070.0,124135845.0,14870781.0,151319954.0,374074540.0,171608773.0,5210700.0,9726.0,179434391.0,-366962.0,-366962.0,179067429.0,15773214.0,865598988.0,240839479.0,38497583.0,39311.0,14.577501296008291,20.699040980895933,Profit,131,Q3,22518858.9764892,15978724.023510799
150150,IN,U,STH,1,4,2019-04-01,2020-03-31,578.24,2118.0,2401.0,21401.0,131.0,47946.0,555.0,825.0,4733.0,131.0,1859.0,387.0,10905.0,88.0,32208.0,555.0,825.0,4733.0,5225288.0,38286276.0,11556093.0,38226966.0,-988961.0,46288666.0,-5427420.0,3845428.0,1235067.0,45000383.0,1060000.0,629378.0,63576613.0,2309400.0,49031534.0,82864270.0,14802257.0,14802257.0,142666910.0,3662614.0,4194233.0,2055268.0,-344729956.0,55945955.0,56382253.0,-288347703.0,2458905.0,692389691.0,142591038.0,32921369.0,375520.0,12.621430215710436,14.578451214316148,Profit,230,Q2,35676867.144025095,-2755498.144025095
500007,WA,U,STH,1,2,2018-01-01,2018-12-31,475.01,4227.0,184.0,8162.0,43.0,15695.0,1146.0,168.0,2610.0,43.0,3954.0,184.0,6757.0,37.0,13505.0,1146.0,168.0,2610.0,750120.0,41295932.0,4774531.0,41295932.0,26877586.0,25370485.0,-15656091.0,1614817.0,1190800.0,39810966.0,4708577.0,2130330.0,73192902.0,8808918.0,35213997.0,68178462.0,2998734.0,15242210.0,123231638.0,5370706.0,3277487.0,1185176.0,12782316.0,14868570.0,61632277.0,74414593.0,3476460.0,138614901.0,100031678.0,2459162.0,21411.0,9.124688396594705,28.74223529961235,Profit,185,Q1,5410165.656585272,-2951003.6565852724
360155,OH,U,STH,1,2,2018-01-01,2018-12-31,1656.68,18664.0,1536.0,51367.0,197.0,71905.0,4525.0,177.0,14506.0,258.0,16076.0,706.0,39351.0,157.0,57305.0,4525.0,177.0,14506.0,19727280.0,115018634.0,2229433.0,115163217.0,24551502.0,82006425.0,-48479416.0,8956097.0,7959952.0,84812731.0,6255346.0,9125405.0,299858993.0,15754120.0,141509428.0,180286793.0,4802004.0,229898194.0,494997718.0,22344910.0,13125800.0,12090179.0,69761777.0,198984381.0,198984381.0,268746158.0,9464249.0,1014702291.0,334406771.0,19124138.0,49787.0,8.101941450893312,21.222407455761545,Profit,185,Q2,24917770.330366276,-5793632.330366276
50063,CA,U,STH,1,4,2017-01-01,2017-12-31,981.65,15909.0,17509.0,60288.0,317.0,115705.0,2631.0,3062.0,12391.0,434.0,13699.0,6914.0,43320.0,266.0,97090.0,2631.0,3062.0,12391.0,3861416.0,100774511.0,5811023.0,100774511.0,5155318.0,132436149.0,-104659480.0,1267000.0,13767759.0,174805004.0,12656694.0,353706.0,29484334.0,9782053.0,84143635.0,84254633.0,3080772.0,3080772.0,262140409.0,23306003.0,8047779.0,15325793.0,49871355.0,102209150.0,102209150.0,152080505.0,7833309.0,715504634.0,261032516.0,9672783.0,45616.0,15.319527944778446,14.968432129077517,Profit,142,Q1,18290826.42452565,-8618043.424525648
40041,AR,R,STH,1,4,2017-09-01,2018-08-31,460.55,8148.0,7488.0,23319.0,137.0,50005.0,1772.0,1239.0,5356.0,157.0,7227.0,5667.0,19171.0,126.0,45990.0,1772.0,1239.0,5356.0,8492375.0,27295273.0,4974106.0,27295273.0,46256.0,25580253.0,-11249715.0,4055153.0,751950.0,19950000.0,7620000.0,810000.0,34434353.0,694842.0,9035102.0,48049775.0,699807.0,699807.0,68699582.0,2758556.0,1818650.0,756024.0,6256043.0,129123.0,13904679.0,20160722.0,12919523.0,629723042.0,77584886.0,19769283.0,19689.0,25.62744507974722,11.569912133678704,Profit,170,Q2,12974117.727791619,6795165.272208381
110003,GA,R,STH,1,4,2017-05-01,2017-12-31,590.77,7808.0,2339.0,17872.0,134.0,32830.0,1615.0,436.0,4523.0,159.0,6635.0,2011.0,15489.0,106.0,25970.0,1615.0,436.0,4523.0,22577741.0,21820185.0,4180756.0,21901139.0,9775.0,42299072.0,-22404605.0,2739127.0,364072.0,22112580.0,3060000.0,710000.0,13715436.0,7472800.0,10248589.0,33398119.0,10078096.0,10139563.0,65650262.0,5304036.0,2219562.0,6881010.0,15319191.0,10305.0,56069961.0,71389152.0,4080808.0,254737322.0,83325832.0,-5738890.0,14931.0,25.89251875994846,18.377871542428505,Loss,122,Q0,-5543884.841645423,-195005.15835457668
410006,RI,U,STH,1,2,2018-10-01,2019-09-30,645.4,6320.0,191.0,16589.0,102.0,37230.0,1400.0,76.0,4431.0,129.0,5536.0,87.0,13403.0,92.0,33580.0,1400.0,76.0,4431.0,3914336.0,45872883.0,7255690.0,46393945.0,6121972.0,12480860.0,-2030646.0,2006865.0,447002.0,20267400.0,1406761.0,1234440.0,114407286.0,12356199.0,64225695.0,66319327.0,120021680.0,212638114.0,299224841.0,5704896.0,4198949.0,3310863.0,13214708.0,23704512.0,36832232.0,50046940.0,10868630.0,230675500.0,117104828.0,-1165388.0,23112.0,14.484641006661732,19.686742817583937,Loss,240,Q0,-4448296.114590987,3282908.1145909866
450080,TX,R,STH,1,11,2015-10-01,2016-09-30,647.68,3707.0,735.0,10825.0,96.0,35136.0,979.0,454.0,2866.0,117.0,2931.0,402.0,7846.0,88.0,32208.0,979.0,454.0,2866.0,33559226.0,26592110.0,5040838.0,26592110.0,22562812.0,40358226.0,-29011307.0,2559474.0,1183334.0,39659296.0,2620380.0,3911717.0,61778034.0,19877911.0,47520047.0,45222182.0,486155.0,486155.0,85367633.0,3838984.0,2222345.0,734218.0,9294262.0,220707.0,21199040.0,30493302.0,5715777.0,111345321.0,72315333.0,-2690020.0,28609.0,20.840461933276305,13.2790380649446,Loss,213,Q0,-3982622.5475014066,1292602.5475014066
230141,MI,U,STH,1,2,2015-10-01,2016-09-30,2395.97,36768.0,2235.0,78629.0,284.0,103944.0,7910.0,645.0,18507.0,330.0,30979.0,1878.0,66079.0,248.0,90768.0,7910.0,645.0,18507.0,17064694.0,184529001.0,18623112.0,180281480.0,31561131.0,182796457.0,-155304131.0,10416795.0,2058380.0,78241635.0,3141488.0,8659546.0,248994288.0,85301159.0,135387138.0,214921470.0,24614602.0,176684299.0,469847404.0,25511621.0,17732927.0,9303594.0,55086244.0,129562203.0,311284568.0,366370812.0,87493512.0,1060956077.0,410942215.0,26534360.0,19709.0,22.14550700741962,15.612156882642449,Profit,213,Q2,43809137.12269431,-17274777.122694314
50192,CA,R,STH,1,1,2017-01-01,2017-12-31,253.66,767.0,1417.0,6135.0,49.0,17885.0,198.0,343.0,1859.0,49.0,767.0,819.0,3918.0,49.0,17885.0,198.0,343.0,1859.0,2448499.0,50576965.0,2806277.0,50576965.0,25645210.0,45603411.0,-21929066.0,500776.0,422500.0,77286221.0,290557.0,109403.0,14498524.0,96188.0,16645622.0,20900698.0,9940594.0,9940594.0,108127513.0,3455419.0,8757470.0,7282878.0,31741030.0,1284551.0,13554502.0,45295532.0,300824.0,103105459.0,153044207.0,43723451.0,31093.0,24.743309755859055,12.549448428906828,Profit,142,Q3,6802879.644054789,36920571.355945215
100316,FL,U,STH,1,2,2016-10-01,2017-09-30,545.92,11483.0,1274.0,29530.0,120.0,43800.0,2320.0,279.0,6484.0,138.0,10335.0,1116.0,26754.0,108.0,39420.0,2320.0,279.0,6484.0,8852960.0,41650342.0,11042152.0,32243362.0,32297591.0,18785343.0,-7263701.0,2135745.0,501582.0,47546152.0,2558775.0,5635172.0,49381029.0,1195261.0,39099093.0,70640484.0,165333.0,166181.0,118352817.0,1594099.0,2988081.0,2669746.0,21480190.0,55198848.0,55791888.0,77272078.0,16592325.0,466267522.0,96287160.0,6771620.0,568183.0,13.372719324954016,22.74619268791921,Profit,131,Q1,11615738.145245958,-4844118.145245958
510077,WV,R,STH,1,4,2015-10-01,2016-09-30,128.19,1701.0,685.0,3379.0,76.0,27816.0,470.0,380.0,1005.0,76.0,1365.0,571.0,2696.0,69.0,25254.0,470.0,380.0,1005.0,2721410.0,6147153.0,805675.0,6147153.0,-380559.0,6990283.0,-2069273.0,1011026.0,152706.0,5788978.0,1046482.0,375356.0,8542929.0,335374.0,10210758.0,8585853.0,429120.0,429120.0,14803951.0,197229.0,285275.0,335970.0,16525971.0,777781.0,777781.0,17303752.0,2555400.0,45230994.0,18643530.0,1146967.0,6379.0,28.237724455744477,17.604640225740713,Profit,213,Q1,2228169.712372742,-1081202.7123727421
360133,OH,U,STH,1,1,2017-01-01,2017-12-31,2943.0,14895.0,2930.0,59919.0,259.0,94535.0,3023.0,770.0,13333.0,276.0,11653.0,2145.0,43890.0,224.0,81760.0,3023.0,770.0,13333.0,22845461.0,120788547.0,18217436.0,120788547.0,2857039.0,300304885.0,-244285732.0,7336166.0,2801322.0,73139632.0,15304025.0,14721678.0,165384655.0,79814999.0,51931431.0,185792892.0,129506548.0,129506548.0,388439072.0,9711512.0,12279804.0,22803689.0,44795005.0,41180624.0,120796174.0,165591179.0,116449.0,1725713918.0,397827040.0,69014786.0,17234.0,36.04171576714589,12.811883486132064,Profit,142,Q3,32440431.824369833,36574354.17563017
450644,TX,U,STH,1,4,2019-01-01,2019-12-31,906.54,14815.0,6074.0,62428.0,230.0,83950.0,2659.0,1832.0,12477.0,256.0,12525.0,3506.0,47750.0,202.0,73730.0,2659.0,1832.0,12477.0,30485586.0,71027358.0,11554687.0,71017135.0,17851.0,70796456.0,-43757532.0,5856685.0,1482963.0,34692692.0,12529487.0,3172887.0,49665374.0,63300215.0,69599692.0,89292141.0,25624123.0,25920463.0,149905296.0,5286318.0,6587149.0,1461338.0,19782611.0,4247471.0,209526901.0,229309512.0,6419585.0,1772351913.0,224087156.0,-16675812.0,55056.0,17.113499899622216,11.32483289741354,Loss,235,Q0,-17149993.914850704,474181.9148507044
330136,NY,R,STH,1,2,2017-01-01,2017-12-31,3358.77,19764.0,1274.0,42018.0,160.0,58400.0,3637.0,219.0,8574.0,180.0,17961.0,818.0,34344.0,126.0,45990.0,3637.0,219.0,8574.0,7633257.0,273821418.0,395005.0,270743331.0,2989845.0,64880898.0,-9022000.0,5743800.0,3276218.0,87910558.0,1089856.0,9016009.0,221623839.0,6261386.0,236160777.0,198896156.0,3738947.0,138769843.0,425576557.0,27012378.0,9495396.0,29242776.0,73725550.0,22826470.0,78637014.0,152362564.0,8914453.0,644287851.0,524123411.0,-6866401.0,5523.0,10.856592877767085,24.78725330436357,Loss,142,Q0,-15530676.084842708,8664275.084842708
100099,FL,U,STH,1,4,2016-01-01,2016-12-31,376.8,6613.0,536.0,18268.0,142.0,51972.0,1464.0,418.0,4100.0,160.0,5735.0,503.0,16202.0,134.0,49044.0,1464.0,418.0,4100.0,9161505.0,21835288.0,2678232.0,21835288.0,-390494.0,13290487.0,-762037.0,1719621.0,555799.0,14412985.0,1700000.0,888533.0,22198174.0,2881506.0,11005288.0,31129191.0,2305453.0,2305453.0,47847629.0,2616672.0,1359501.0,1088962.0,13619323.0,962591.0,979258.0,14598581.0,2180745.0,469603952.0,57530505.0,-2217222.0,12063.0,29.50431399086449,16.297770040620076,Loss,152,Q0,-5280984.692939209,3063762.692939209
280130,NE,U,STH,1,1,2016-07-01,2017-06-30,541.53,12234.0,1289.0,27373.0,108.0,39420.0,2751.0,152.0,8349.0,108.0,10895.0,452.0,22043.0,92.0,33580.0,2751.0,152.0,8349.0,8601487.0,35051522.0,5462899.0,35245299.0,6834478.0,68951207.0,-48129199.0,1971294.0,74153.0,29642558.0,5509925.0,1730240.0,97996558.0,1052538.0,21831924.0,101006471.0,17329648.0,17329648.0,147978677.0,5864744.0,2090688.0,-441623604.0,-430776917.0,63511225.0,63511225.0,-367265692.0,19051939.0,390923582.0,129477638.0,43810111.0,20688.0,2.995692784203649,12.509667440061872,Profit,131,Q3,42437658.937651426,1372452.0623485744
350019,ND,U,STH,1,2,2017-01-01,2017-12-31,3152.87,26044.0,11412.0,57261.0,276.0,100740.0,4917.0,2209.0,14257.0,299.0,23208.0,8471.0,45467.0,250.0,91250.0,4917.0,2209.0,14257.0,19586620.0,278431865.0,26542872.0,278431865.0,32083594.0,157315700.0,-96174672.0,7485482.0,907469.0,264098250.0,7959458.0,9040155.0,73752658.0,184646501.0,235363478.0,183909896.0,60301981.0,66357533.0,514365679.0,14517237.0,21323029.0,14013530.0,50856651.0,18786573.0,227732688.0,278589339.0,12477321.0,809696165.0,555880423.0,11594844.0,38963.0,14.691386998357192,13.920899314734491,Profit,142,Q2,36475354.886830956,-24880510.886830956
250007,MS,U,STH,1,4,2017-10-01,2018-09-30,526.22,8150.0,6868.0,28828.0,165.0,60225.0,1694.0,1782.0,6766.0,177.0,7378.0,5450.0,25069.0,147.0,53655.0,1694.0,1782.0,6766.0,49989685.0,33399005.0,4662926.0,33399005.0,-564520.0,71160483.0,-54848096.0,3778863.0,1252154.0,21215835.0,7289079.0,400000.0,40053264.0,129210.0,10048930.0,50700398.0,2922513.0,2922513.0,74838746.0,4282605.0,2218356.0,1217048.0,82079595.0,98424.0,132337.0,82211932.0,13445470.0,947691408.0,108584580.0,-5855428.0,7954.0,33.86019018247237,15.790797083228563,Loss,171,Q0,-15272623.84415394,9417195.84415394
330175,NY,R,STH,1,2,2018-01-01,2018-12-31,612.01,5627.0,471.0,12279.0,103.0,37595.0,1331.0,107.0,3038.0,194.0,4008.0,217.0,7864.0,91.0,33215.0,1331.0,107.0,3038.0,2598582.0,39769796.0,5425309.0,39769796.0,3132109.0,14955212.0,-4900083.0,1159827.0,985838.0,24117836.0,3118408.0,3434803.0,76375981.0,20587574.0,32049080.0,34126995.0,12488735.0,12580044.0,70824875.0,6026839.0,7976211.0,182127.0,19037169.0,17554920.0,17554920.0,36592089.0,2508965.0,115604104.0,91423731.0,12231558.0,29223.0,19.0713617949517,15.220887656982512,Profit,185,Q2,3357774.5175844096,8873783.48241559
450668,TX,U,STH,1,4,2018-06-01,2019-05-31,632.0,10789.0,769.0,34944.0,234.0,85410.0,2268.0,45.0,7477.0,258.0,8422.0,577.0,27268.0,196.0,71540.0,2268.0,45.0,7477.0,18097205.0,49010698.0,8861012.0,49010698.0,1305.0,92971048.0,-69144491.0,2769260.0,516967.0,35997623.0,2424225.0,1469613.0,81704562.0,38784946.0,88882201.0,87486200.0,6224472.0,6224472.0,129708295.0,11807491.0,759683.0,3597972.0,18474424.0,440131.0,935698.0,19410122.0,13820704.0,1466167022.0,178454869.0,8133188.0,20496.0,24.797982397447115,17.705893832943012,Profit,209,Q1,15776226.791963695,-7643038.791963695
100118,FL,U,STH,1,1,2018-01-01,2018-12-31,696.8,14469.0,1036.0,32683.0,99.0,36135.0,3571.0,179.0,8093.0,131.0,12676.0,852.0,28519.0,81.0,29565.0,3571.0,179.0,8093.0,8738725.0,50672466.0,9352872.0,50672466.0,244671816.0,66092682.0,-61527966.0,3039899.0,1879137.0,262523255.0,7311502.0,6261142.0,51139828.0,29790484.0,44522254.0,85510152.0,18300994.0,18350994.0,366384401.0,1540864.0,3746836.0,2291134.0,18506494.0,259922.0,59350540.0,77857034.0,7051790.0,600456181.0,180016187.0,30970135.0,107139.0,11.862647988302438,29.47572779286721,Profit,185,Q2,32546826.731430627,-1576691.7314306274
360087,OH,U,STH,1,2,2017-01-01,2017-12-31,541.6,3425.0,827.0,15725.0,119.0,43435.0,1138.0,264.0,5299.0,201.0,3207.0,782.0,13618.0,109.0,39785.0,1138.0,264.0,5299.0,4731457.0,41440566.0,5942323.0,41440566.0,4829.0,24382625.0,-7075826.0,1643184.0,80370.0,25090546.0,1789326.0,2618507.0,64144864.0,799563.0,23932967.0,43750206.0,216043.0,64271042.0,133111794.0,5188058.0,2679971.0,2014065.0,10261846.0,2276015.0,9085895.0,19347741.0,2099135.0,272291486.0,109564921.0,9559031.0,19830.0,31.012000923147937,6.631366616238023,Profit,142,Q1,10430584.895022271,-871553.8950222712
260138,MO,U,STH,1,1,2017-01-01,2017-12-31,3055.09,40689.0,18319.0,123249.0,446.0,163328.0,7290.0,2369.0,24203.0,536.0,34317.0,12815.0,91510.0,330.0,120988.0,7290.0,2369.0,24203.0,24749317.0,194953706.0,14824748.0,194953706.0,28102642.0,148066577.0,-32443346.0,13650869.0,1803620.0,218859115.0,6943422.0,4346501.0,542135425.0,131965865.0,185529674.0,434120457.0,51743070.0,618648400.0,1271627972.0,29277483.0,16661295.0,34253887.0,86864167.0,6387337.0,287494878.0,374359045.0,21296130.0,2170677719.0,743262934.0,63983987.0,17398.0,16.89891355692017,9.9666628348086,Profit,142,Q3,57108766.08840261,6875220.911597393
50551,CA,U,STH,1,4,2017-06-01,2018-05-31,706.74,13879.0,3268.0,41543.0,146.0,53290.0,2707.0,347.0,9538.0,146.0,11765.0,2236.0,33535.0,129.0,47085.0,2707.0,347.0,9538.0,6994576.0,80725282.0,5510212.0,80725282.0,525.0,110623181.0,-70940480.0,3155074.0,760889.0,61135922.0,5445188.0,2272934.0,75936013.0,13172201.0,77692248.0,92515436.0,4836112.0,4836112.0,158487470.0,6863241.0,2816513.0,12059423.0,26823370.0,273339.0,17847666.0,44671036.0,18925234.0,1514061312.0,200027179.0,24424229.0,22389.0,6.708359578871592,17.298673455714862,Profit,147,Q2,19768309.39827332,4655919.601726681
200033,ME,U,STH,1,2,2017-10-01,2018-09-30,3903.44,44639.0,17748.0,103274.0,313.0,114245.0,8018.0,3493.0,21045.0,349.0,37658.0,11527.0,79827.0,246.0,89790.0,8018.0,3493.0,21045.0,36904381.0,347052377.0,29089972.0,346827255.0,116131968.0,148636567.0,-52936238.0,3561165.0,10557952.0,314433473.0,3115186.0,25217961.0,264288351.0,253247717.0,255926502.0,446808639.0,61720642.0,77853945.0,839096057.0,25313162.0,41444975.0,17771300.0,84734274.0,106377293.0,453511689.0,538245963.0,85646053.0,1040610174.0,919340647.0,9675020.0,44572.0,18.23374547505994,15.02512788297586,Profit,171,Q1,47879899.55309413,-38204879.55309413
330163,NY,U,STH,1,2,2018-01-01,2018-12-31,520.2,5748.0,2302.0,27558.0,135.0,49275.0,914.0,1114.0,4071.0,135.0,5098.0,1865.0,25201.0,127.0,46355.0,914.0,1114.0,4071.0,2465267.0,29556805.0,2492738.0,29665906.0,4197062.0,19621339.0,-13267231.0,1508596.0,566374.0,14376553.0,276847.0,1978324.0,35971919.0,11835305.0,32077249.0,15599800.0,274428.0,274428.0,30250781.0,6750943.0,3553402.0,2122951.0,12832586.0,27678048.0,27678048.0,40510634.0,1502391.0,135298695.0,65332732.0,-2300532.0,49170.0,11.606698723263142,17.329672564571894,Loss,185,Q0,-5352317.830006352,3051785.8300063517
290012,NV,U,STH,1,1,2018-07-01,2019-06-30,268.95,1436.0,658.0,3781.0,82.0,29930.0,358.0,124.0,1022.0,110.0,1085.0,658.0,2809.0,72.0,26280.0,358.0,124.0,1022.0,16822887.0,28319608.0,4899321.0,28339907.0,-4934543.0,43602063.0,-39344137.0,778162.0,164983.0,858056.0,2456226.0,1527945.0,37391291.0,986764.0,20608585.0,15762971.0,7700581.0,8702233.0,25323260.0,1800797.0,4870142.0,-2095021.0,4946738.0,235895446.0,235895446.0,240842184.0,1879971.0,282677132.0,74961110.0,-26553800.0,42387.0,14.533617309647124,17.679949040979544,Loss,212,Q0,-17411422.692323737,-9142377.307676263
490060,VA,R,STH,1,4,2015-12-01,2016-11-30,576.37,5972.0,540.0,13652.0,151.0,55266.0,1476.0,140.0,3628.0,175.0,4983.0,393.0,10886.0,139.0,50874.0,1476.0,140.0,3628.0,21095672.0,35828962.0,4267561.0,35838323.0,136966.0,36393403.0,-20445416.0,2472462.0,657029.0,19325532.0,921933.0,313322.0,35418128.0,4810167.0,17762044.0,33674724.0,2322501.0,2322501.0,55322757.0,1924512.0,3699199.0,188665.0,5921601.0,16536992.0,16536992.0,22458593.0,1329058.0,362017794.0,82113236.0,779304.0,5756.0,21.457348046943423,21.05628908964559,Profit,155,Q1,8652378.551884176,-7873074.551884176
390026,PA,U,STH,1,2,2017-10-01,2018-06-30,574.71,9669.0,752.0,22499.0,128.0,34944.0,2112.0,177.0,5272.0,148.0,8901.0,692.0,20732.0,114.0,31122.0,2112.0,177.0,5272.0,481215.0,34748477.0,4801913.0,34748477.0,-4630049.0,40565211.0,-10932265.0,3782446.0,1107796.0,12438005.0,6300000.0,29884780.0,53381426.0,590847.0,15104854.0,100448698.0,-104388692.0,-104388692.0,8498011.0,2323476.0,3684190.0,563447.0,6582113.0,-3216035.0,-3216035.0,3366078.0,17952766.0,1005425755.0,104246376.0,5131878.0,10919.0,6.636681659170415,20.413957322099098,Profit,142,Q1,13930079.221265612,-8798201.221265612
370215,OK,U,STH,1,5,2016-01-01,2016-12-31,1433.06,16025.0,1328.0,29179.0,99.0,36234.0,3632.0,329.0,6559.0,99.0,16025.0,1328.0,29179.0,99.0,36234.0,3632.0,329.0,6559.0,17735587.0,120126844.0,13506193.0,120126844.0,17573508.0,132864307.0,-95477884.0,3464450.0,4819382.0,64912166.0,2852169.0,950624.0,90066576.0,2051984.0,54836620.0,100759243.0,26249561.0,40365055.0,206036464.0,9801951.0,22520317.0,2323651.0,44156871.0,-1595359.0,81717545.0,125874416.0,11006616.0,773110894.0,295635490.0,34288231.0,36336.0,12.05710971804148,16.853808894760018,Profit,152,Q2,20397115.00577888,13891115.994221121
120014,HI,R,STH,1,2,2019-07-01,2020-06-30,484.61,4158.0,47.0,15958.0,72.0,26352.0,739.0,10.0,2941.0,72.0,3714.0,45.0,13427.0,65.0,23790.0,739.0,10.0,2941.0,1980993.0,42837621.0,5711319.0,42705262.0,-34650.0,43585213.0,-30480288.0,4062329.0,196155.0,21860501.0,1112104.0,4254228.0,98757131.0,553504.0,37884764.0,54458608.0,5540837.0,20072100.0,96391209.0,3923349.0,7164559.0,13978028.0,25506123.0,1447008.0,1447008.0,26953131.0,6110170.0,231745804.0,132297300.0,7323232.0,71949.0,7.891519707721492,20.04892354306523,Profit,221,Q1,12886848.864425624,-5563616.864425624
520091,WI,R,STH,1,1,2019-07-01,2020-06-30,188.2,3079.0,612.0,7427.0,50.0,18300.0,874.0,171.0,2119.0,50.0,2967.0,301.0,5920.0,40.0,14640.0,874.0,171.0,2119.0,2319707.0,14728323.0,3689654.0,14728323.0,1552.0,17049080.0,-11326005.0,1758444.0,7270.0,11053976.0,2709987.0,1367535.0,23803407.0,127258.0,13437946.0,25156473.0,52806153.0,52806153.0,89016602.0,1478066.0,1221929.0,4554963.0,7254958.0,609895.0,609895.0,7864853.0,4457954.0,74345834.0,48448406.0,11392727.0,35480.0,7.959770114942528,25.907553551296505,Profit,221,Q2,8572262.357569987,2820464.642430013
100288,FL,U,STH,1,4,2019-06-01,2020-05-31,1288.0,8942.0,25644.0,90422.0,370.0,135420.0,1778.0,2554.0,15769.0,460.0,7432.0,13634.0,61358.0,299.0,109434.0,1778.0,2554.0,15769.0,31627627.0,119583304.0,8776437.0,119583304.0,94969.0,289831672.0,-207818147.0,6526912.0,1044622.0,95965163.0,14057185.0,599885.0,96137748.0,15506117.0,87128785.0,119069831.0,60827832.0,60827832.0,275862826.0,17300616.0,2428099.0,27233183.0,54796582.0,8735340.0,10735503.0,65532085.0,12278699.0,2051554470.0,333964355.0,42854640.0,1482057.0,11.623668637433436,23.99570326917251,Profit,220,Q3,29129533.54628963,13725106.45371037
450672,TX,U,STH,1,4,2016-02-01,2017-01-31,884.91,20943.0,709.0,52262.0,202.0,72674.0,3824.0,92.0,9746.0,220.0,16130.0,517.0,40410.0,161.0,57668.0,3824.0,92.0,9746.0,10107069.0,62996585.0,13561531.0,67934135.0,43756.0,53597369.0,-16348645.0,11621538.0,1043225.0,50310761.0,4933087.0,1074747.0,36889600.0,54461845.0,99263664.0,78460272.0,29635685.0,29635685.0,158406718.0,8845583.0,5343309.0,60460.0,15026198.0,98701.0,-73886662.0,-58860464.0,13717068.0,1462376786.0,225395036.0,2826085.0,18199.0,40.14096515659637,11.967690532446838,Profit,149,Q1,41891937.14543282,-39065852.14543282
70028,CT,U,STH,1,2,2016-10-01,2017-09-30,2315.0,23922.0,5241.0,56403.0,238.0,86870.0,4583.0,2506.0,12120.0,334.0,20334.0,3834.0,45514.0,193.0,70445.0,4583.0,2506.0,12120.0,17651325.0,130659299.0,28888949.0,130659299.0,735217.0,131150805.0,-88556741.0,4122722.0,1565590.0,68986191.0,4662240.0,628308.0,142768056.0,158862193.0,99128549.0,155716598.0,23326455.0,37977482.0,262680271.0,8538744.0,2889440.0,70761056.0,84523225.0,34113155.0,87726561.0,172249786.0,53979936.0,853099547.0,412031354.0,8998951.0,47642.0,13.45025523712694,11.378615507325469,Profit,131,Q1,23986551.22392322,-14987600.223923221
450108,TX,U,STH,1,13,2016-10-01,2017-09-30,222.04,1787.0,25.0,3729.0,44.0,16060.0,429.0,3.0,988.0,44.0,1566.0,23.0,3319.0,40.0,14600.0,429.0,3.0,988.0,8237744.0,13110187.0,3262998.0,13110187.0,5445783.0,16693473.0,-11974592.0,1005380.0,287356.0,16048371.0,504992.0,226385.0,19120779.0,654905.0,8723706.0,18321441.0,316086.0,866927.0,35236739.0,1949836.0,1181606.0,3269903.0,6429125.0,8518342.0,8518342.0,14947467.0,2408527.0,79691338.0,38768486.0,873867.0,22409.0,12.013404333455748,16.029273952429826,Profit,131,Q1,4076843.908757059,-3202976.908757059
120028,HI,R,STH,1,2,2017-07-01,2018-06-30,284.31,1389.0,1333.0,5638.0,33.0,12045.0,387.0,497.0,1778.0,33.0,1216.0,673.0,4070.0,29.0,10585.0,387.0,497.0,1778.0,4457549.0,25710296.0,1419023.0,25710296.0,1580390.0,21904334.0,-12443808.0,1476356.0,510029.0,17402470.0,12210000.0,394418.0,29575316.0,9835301.0,30125970.0,49336886.0,122703255.0,122745361.0,189484717.0,1060474.0,2778869.0,6538870.0,64116324.0,274715.0,274715.0,64391039.0,2845152.0,97480887.0,71822957.0,-5957599.0,14496.0,10.69567030370422,19.598509933774835,Loss,149,Q0,-3976282.3695429144,-1981316.6304570856
340171,NC,U,STH,1,2,2019-01-01,2019-12-31,852.23,15075.0,4579.0,44569.0,123.0,44895.0,3294.0,1565.0,10479.0,123.0,12524.0,2476.0,35831.0,105.0,38325.0,3294.0,1565.0,10479.0,19775854.0,61922959.0,10860422.0,62956224.0,37015.0,74996758.0,-44016738.0,2971483.0,212319.0,40925303.0,3385067.0,6769223.0,102214790.0,12330916.0,58914185.0,71744880.0,8008028.0,6283946.0,118954129.0,1724128.0,5801389.0,-4979170.0,-801691608.0,10101878.0,10101878.0,-791589730.0,6776077.0,610557674.0,199433969.0,63426999.0,46180.0,6.244679690057842,15.88133391078389,Profit,235,Q3,63937442.42922019,-510443.42922019213
200024,ME,U,STH,1,2,2016-07-01,2017-06-30,1843.0,18393.0,7671.0,44603.0,228.0,83220.0,4131.0,1679.0,10516.0,241.0,13695.0,6154.0,32351.0,177.0,64605.0,4131.0,1679.0,10516.0,12431478.0,156069114.0,22207419.0,156344718.0,160194.0,159758383.0,-114317016.0,4932848.0,1757081.0,79287889.0,2368022.0,8009748.0,180698537.0,1039962.0,207365775.0,139308576.0,53163879.0,56775871.0,275372336.0,12327837.0,10880125.0,61972866.0,92129862.0,6461093.0,107513937.0,199643799.0,30829855.0,535187880.0,389965946.0,-10813355.0,36211.0,21.415538552089465,17.436690508409047,Loss,131,Q0,-17617775.87679527,6804420.87679527
210048,MD,U,STH,1,2,2016-07-01,2017-06-30,1530.8,31134.0,5835.0,81202.0,264.0,96360.0,6337.0,631.0,17049.0,264.0,29195.0,4983.0,64917.0,248.0,90520.0,6337.0,631.0,17049.0,5379000.0,99774506.0,973527.0,104585801.0,7494000.0,38285650.0,-7755363.0,4660500.0,2542317.0,46497965.0,12977766.0,798414.0,176788396.0,6433222.0,60213024.0,144396606.0,49477429.0,186286429.0,377181000.0,20399000.0,6528000.0,1572000.0,48947000.0,23877000.0,199641000.0,248588000.0,47882787.0,37820000.0,265971815.0,24778566.0,39730.0,5.737601374396807,14.142965013843442,Profit,131,Q2,22015971.583274785,2762594.4167252146
180051,KY,R,STH,1,2,2018-01-01,2018-12-31,739.98,7134.0,312.0,16816.0,133.0,44177.0,1659.0,72.0,4175.0,133.0,6009.0,231.0,12853.0,111.0,36147.0,1659.0,72.0,4175.0,3192600.0,50114350.0,5896396.0,50114350.0,11393221.0,47594041.0,-35675699.0,1712538.0,1217806.0,71407691.0,7092627.0,1209061.0,98645375.0,4783914.0,56500446.0,61156406.0,5484249.0,35161635.0,167725732.0,5719790.0,3825174.0,7967613.0,19349694.0,75434263.0,75434263.0,94783957.0,2913891.0,284967232.0,126842954.0,-387827.0,41743.0,22.320172794856337,16.477014110150204,Loss,185,Q0,-7214368.9169005295,6826541.9169005295
450196,TX,R,STH,1,4,2019-07-01,2020-06-30,630.41,10959.0,302.0,21847.0,230.0,84180.0,3480.0,112.0,6929.0,253.0,9321.0,207.0,17228.0,210.0,76860.0,3480.0,112.0,6929.0,18519702.0,39860909.0,6576338.0,42334955.0,-1014868.0,117956486.0,-114993072.0,4913747.0,966869.0,7829162.0,5377500.0,2231905.0,68009540.0,2100287.0,22567798.0,76289143.0,111436555.0,111436555.0,195554860.0,179512.0,3331894.0,40765393.0,44405187.0,94635237.0,94635237.0,139040424.0,21891385.0,458657450.0,120963916.0,9603045.0,49705.0,18.381903403301404,19.332059148978978,Profit,221,Q1,18759782.597587533,-9156737.597587533
100106,FL,R,STH,1,9,2019-06-01,2020-05-31,172.72,779.0,43.0,1627.0,48.0,17568.0,264.0,7.0,557.0,48.0,629.0,43.0,1385.0,42.0,15372.0,264.0,7.0,557.0,3647538.0,9391620.0,-129403.0,9391620.0,8723038.0,7142100.0,-4889988.0,630613.0,346553.0,11952316.0,250000.0,15250.0,1167279.0,80387.0,9963235.0,2041399.0,500000.0,500000.0,14493715.0,446014.0,1085793.0,6919750.0,8501691.0,2447098.0,2917687.0,11419378.0,929401.0,34863161.0,21511967.0,-554127.0,21709.0,20.750391411317377,20.00092127688977,Loss,220,Q0,-2321457.252990802,1767330.2529908018
330197,NY,R,STH,1,2,2017-01-01,2017-12-31,1062.7,7801.0,1888.0,24015.0,94.0,34310.0,1672.0,277.0,4825.0,94.0,6367.0,1692.0,21101.0,88.0,32120.0,1672.0,277.0,4825.0,2815676.0,93769286.0,7049159.0,93769286.0,3453927.0,56868472.0,-35916996.0,2018844.0,2561387.0,35228777.0,820389.0,3378141.0,39975953.0,11273704.0,39626045.0,39451210.0,52187760.0,53136597.0,127816584.0,11788250.0,11503359.0,7428295.0,33764550.0,17057019.0,27582627.0,61347177.0,3063236.0,217711231.0,181391437.0,10824380.0,17097.0,19.93434550677062,11.21834239925133,Profit,142,Q1,7620705.363362722,3203674.636637278
50455,CA,U,STH,1,1,2016-01-01,2016-12-31,1516.03,16261.0,7090.0,71092.0,254.0,92964.0,3581.0,1195.0,18156.0,254.0,14433.0,4952.0,55634.0,211.0,77226.0,3581.0,1195.0,18156.0,8303419.0,125022323.0,8186221.0,121904060.0,69033243.0,264110895.0,-208942434.0,6153896.0,824735.0,167411029.0,9126357.0,3917531.0,129118810.0,39507265.0,96411121.0,144912265.0,2069789.0,2069789.0,314393083.0,13856438.0,12143189.0,9312.0,48643215.0,3824192.0,74306320.0,122949535.0,9463248.0,1410448533.0,374724296.0,14338446.0,871337.0,23.147880169457817,9.874709785077416,Profit,152,Q2,24741467.71015655,-10403021.710156549
390139,PA,U,STH,1,2,2016-07-01,2017-06-30,1355.07,20908.0,1213.0,53276.0,267.0,108111.0,4772.0,102.0,13200.0,287.0,15772.0,1016.0,39468.0,213.0,88401.0,4772.0,102.0,13200.0,8824237.0,105724545.0,15862417.0,105614671.0,3537346.0,100872284.0,-64879392.0,6334067.0,2136303.0,82221455.0,1574115.0,11183601.0,270623856.0,4112577.0,230983057.0,255342911.0,328963092.0,433915084.0,771479450.0,17445354.0,13072551.0,12818128.0,43654150.0,168219071.0,227932229.0,271586379.0,36093367.0,1084323698.0,330544036.0,14308045.0,20737.0,9.7858451672011,17.794280754207456,Profit,131,Q2,24889926.768313993,-10581881.768313993
150074,IN,U,STH,1,2,2016-01-01,2016-12-31,2509.56,23631.0,5427.0,74480.0,325.0,122811.0,5140.0,1014.0,16441.0,325.0,18942.0,3961.0,60199.0,274.0,104145.0,5140.0,1014.0,16441.0,39571000.0,161105375.0,34493061.0,160294267.0,333984.0,73978215.0,-22725557.0,8670223.0,133954.0,99089517.0,4453049.0,4335982.0,340966007.0,167955704.0,71697.0,205959751.0,14519830.0,14750248.0,319799516.0,4056603.0,-1078.0,3990405.0,8045930.0,108245.0,108245.0,8154175.0,12104805.0,1442273686.0,749801525.0,-41109745.0,36057.0,21.531059855667188,15.10386332750922,Loss,152,Q0,-20891655.257962227,-20218089.742037773
510013,WV,U,STH,1,2,2017-01-01,2017-12-31,346.14,3006.0,19.0,6917.0,59.0,21535.0,733.0,5.0,1737.0,79.0,2214.0,19.0,5461.0,50.0,18250.0,733.0,5.0,1737.0,2530058.0,20624964.0,978440.0,20624964.0,1069371.0,14816497.0,-9610446.0,783008.0,523672.0,8122924.0,888841.0,92725.0,7308879.0,1218582.0,3652867.0,11474658.0,7403778.0,7779947.0,27377529.0,5502000.0,2563000.0,200000.0,10470354.0,5525000.0,10513269.0,20983623.0,957739.0,56372520.0,42836190.0,-5157401.0,2884.0,7.759220598469033,29.299583911234393,Loss,142,Q0,-4060614.8513643267,-1096786.1486356733
340050,NC,R,STH,1,2,2018-10-01,2019-09-30,1638.26,20070.0,13223.0,57730.0,267.0,97455.0,3905.0,3801.0,12747.0,382.0,18092.0,9320.0,49576.0,242.0,88330.0,3905.0,3801.0,12747.0,62621971.0,114199383.0,21287514.0,114663196.0,17590576.0,151109196.0,-108099039.0,6888388.0,1213290.0,39260076.0,4677066.0,4017840.0,205911184.0,43731182.0,209288342.0,210589901.0,57461.0,72089953.0,321939930.0,10726987.0,19501693.0,1154907.0,12667042.0,85164978.0,85180554.0,97847596.0,29165158.0,658246168.0,293934798.0,-14421913.0,38858.0,27.609202174669917,14.884965772813835,Loss,240,Q0,-18356731.987098917,3934818.9870989174
260005,MO,U,STH,1,1,2019-01-01,2019-12-31,938.5,12951.0,7977.0,55144.0,384.0,140160.0,2662.0,1292.0,11819.0,406.0,12049.0,7754.0,51201.0,367.0,133955.0,2662.0,1292.0,11819.0,15250530.0,83514869.0,11960967.0,83514869.0,-61573453.0,33967577.0,88440.0,4568743.0,914359.0,-18638831.0,16669588.0,1517422.0,137714170.0,32457370.0,84931622.0,104224876.0,89952.0,8662431.0,94248476.0,14956149.0,6714668.0,19939049.0,42706294.0,19348190.0,19348190.0,62054484.0,5973607.0,571478279.0,256092230.0,13179326.0,51199.0,10.08360157367668,17.199554678802322,Profit,235,Q2,18143687.242017504,-4964361.242017504
50230,CA,U,STH,1,4,2017-01-01,2017-12-31,316.46,7182.0,2543.0,22527.0,167.0,60955.0,1410.0,674.0,5713.0,167.0,5740.0,1623.0,16091.0,143.0,52195.0,1410.0,674.0,5713.0,9184944.0,34982391.0,2248445.0,34982391.0,1314816.0,136902464.0,-127868087.0,1139610.0,324613.0,43420892.0,6406010.0,103405.0,20554871.0,3281349.0,13930061.0,25921880.0,93109990.0,93109990.0,162452762.0,3392577.0,3897109.0,57060840.0,65675357.0,1322895.0,26322895.0,91998252.0,4293014.0,265644912.0,85634207.0,24135309.0,3155816.0,12.13586457922147,13.512986815454386,Profit,142,Q2,11554246.857591042,12581062.142408958
50633,CA,U,STH,1,4,2018-06-01,2019-05-31,348.0,7792.0,2317.0,18120.0,122.0,44530.0,1925.0,278.0,4538.0,122.0,7341.0,1720.0,15827.0,104.0,37960.0,1925.0,278.0,4538.0,6629074.0,40122878.0,3437990.0,40122878.0,1256.0,46908116.0,-29053797.0,1279644.0,442887.0,31231337.0,295882.0,591166.0,89755505.0,4425624.0,22968155.0,65767011.0,6371149.0,6371149.0,103369497.0,3125846.0,598290.0,1011158.0,7232882.0,2676.0,2676.0,7235558.0,11735316.0,682570320.0,98658027.0,16089585.0,9202.0,4.040404040404041,20.462942838513367,Profit,209,Q2,16434616.774218477,-345031.7742184773
500001,WA,U,STH,1,2,2019-07-01,2019-12-31,718.38,7746.0,454.0,20502.0,165.0,30360.0,1655.0,63.0,4787.0,192.0,7245.0,334.0,17661.0,133.0,24472.0,1655.0,63.0,4787.0,873832.0,62120879.0,5511269.0,62120879.0,11605349.0,149334840.0,-109417619.0,5021033.0,2418658.0,65378377.0,10816822.0,391592.0,148600833.0,46439202.0,148196455.0,88093801.0,19069287.0,68459196.0,221931374.0,17040539.0,21495740.0,5270869.0,59438811.0,96760311.0,159528239.0,218967050.0,8931100.0,283679848.0,159251187.0,-16347315.0,48650.0,10.9546881823286,17.938335046248717,Loss,186,Q0,-14127163.208269177,-2220151.791730823
100102,FL,R,STH,1,4,2017-07-01,2018-06-30,275.31,4075.0,2559.0,12928.0,87.0,31755.0,749.0,914.0,2845.0,87.0,3186.0,2559.0,9490.0,78.0,28470.0,749.0,914.0,2845.0,9951212.0,16116688.0,2316810.0,16116688.0,-226752.0,19586810.0,-13037942.0,1366866.0,411386.0,8001323.0,584160.0,2475.0,9890122.0,347051.0,4273529.0,14193512.0,-754752.0,-754752.0,21440083.0,1267154.0,1257144.0,1063948.0,30240242.0,-10497389.0,-3684791.0,26555451.0,3212252.0,228464924.0,34931489.0,-3569493.0,69105.0,17.360134945178523,17.97843860791549,Loss,149,Q0,-3621277.658423311,51784.65842331108
100055,FL,U,STH,1,2,2016-01-01,2016-12-31,566.07,7140.0,491.0,20076.0,136.0,49776.0,1749.0,100.0,5129.0,168.0,6478.0,413.0,17470.0,123.0,45018.0,1749.0,100.0,5129.0,6006290.0,35471300.0,3564961.0,35471300.0,-5094431.0,33503433.0,-21970672.0,3182495.0,1685663.0,11685703.0,8283896.0,171299.0,16312776.0,163777.0,19588324.0,34788625.0,4678425.0,4678425.0,51152753.0,5199062.0,2758233.0,4617347.0,12735155.0,3976867.0,10585082.0,23320237.0,3054810.0,400866247.0,104360348.0,2463676.0,27173.0,13.900306404603544,29.95988665219151,Profit,152,Q1,9646030.981128316,-7182354.981128316
140145,IL,U,STH,1,1,2019-07-01,2020-06-30,205.94,1544.0,263.0,4442.0,46.0,16836.0,413.0,21.0,1221.0,46.0,1336.0,186.0,3013.0,46.0,16836.0,413.0,21.0,1221.0,1555629.0,13689955.0,2773826.0,13689955.0,4388796.0,19855402.0,-12538606.0,848807.0,113345.0,16890412.0,1704210.0,4755874.0,30162842.0,14682190.0,26923439.0,26683922.0,9233831.0,142140146.0,185714480.0,1369723.0,3473017.0,4370258.0,19985358.0,13021546.0,25196532.0,45181890.0,1918786.0,82306500.0,56402742.0,-1349613.0,37549.0,7.8232636928289105,17.055048070521188,Loss,221,Q0,-3351853.0065144,2002240.0065143998
340085,NC,U,STH,1,2,2017-01-01,2017-12-31,424.15,2949.0,3265.0,13528.0,67.0,24455.0,761.0,1311.0,4401.0,112.0,2314.0,1893.0,9487.0,54.0,19710.0,761.0,1311.0,4401.0,8667055.0,28499389.0,3444333.0,29256425.0,73000.0,32548515.0,-22538142.0,2247795.0,71000.0,14255470.0,184862.0,770403.0,37434993.0,5903578.0,27452448.0,21811000.0,1496000.0,1495530.0,37562000.0,993000.0,2444000.0,1730000.0,-109802700.0,1931000.0,1931000.0,-107871700.0,1429219.0,189737772.0,86523014.0,2254395.0,45720.0,15.798360400790918,15.675853018372704,Profit,142,Q1,9163348.430336144,-6908953.430336144
100286,FL,R,STH,1,6,2017-10-01,2018-09-30,972.05,21474.0,1449.0,41713.0,201.0,73365.0,5045.0,420.0,10474.0,201.0,20267.0,1354.0,38926.0,177.0,64605.0,5045.0,420.0,10474.0,45629089.0,66327371.0,22460493.0,66069061.0,-1263620.0,93392785.0,-56675054.0,8706384.0,2334442.0,46947526.0,32300000.0,2303200.0,145129056.0,747393.0,28051929.0,189727467.0,13843622.0,13843622.0,250518615.0,10902985.0,4608581.0,5591535.0,75014979.0,185954.0,41397125.0,116412104.0,43194281.0,1794701692.0,200021949.0,39229481.0,31632.0,7.804317281900626,32.12569549822964,Profit,171,Q3,40861807.82983202,-1632326.8298320174
490017,VA,U,STH,1,1,2018-09-01,2019-08-31,1338.66,17404.0,1848.0,45571.0,215.0,78475.0,3441.0,288.0,9454.0,352.0,15929.0,1848.0,39078.0,193.0,70445.0,3441.0,288.0,9454.0,14301732.0,130025836.0,8913431.0,130025836.0,-111390770.0,105990126.0,-69066226.0,7305585.0,4123971.0,-49151844.0,4636569.0,5366762.0,99072824.0,9835375.0,150405900.0,66668029.0,64022107.0,192464409.0,209980594.0,10991670.0,19558365.0,9018083.0,40497707.0,40646000.0,54070552.0,94568259.0,28519121.0,939644066.0,370428520.0,-19988100.0,14685.0,19.768080142719914,12.659176029962548,Loss,235,Q0,-20998799.89187264,1010699.8918726407
110003,GA,R,STH,1,4,2018-01-01,2018-12-31,473.43,10420.0,3222.0,25370.0,134.0,48910.0,2547.0,603.0,7143.0,159.0,9035.0,2684.0,22048.0,106.0,38690.0,2547.0,603.0,7143.0,5472930.0,29001399.0,6993107.0,29001399.0,98127.0,34862256.0,-18388008.0,3145487.0,370548.0,17025468.0,3060000.0,710000.0,13642178.0,8447453.0,11758542.0,34287928.0,2945373.0,2978443.0,54291839.0,4758396.0,2340570.0,31017.0,8549213.0,29618.0,55576427.0,64125640.0,4375215.0,522671333.0,125429832.0,-5264614.0,14963.0,22.36302929124298,18.06455924614048,Loss,185,Q0,-9734540.325561874,4469926.325561874
110082,GA,U,STH,1,2,2019-09-01,2020-08-31,1871.0,27517.0,3875.0,91920.0,348.0,127508.0,4874.0,498.0,16682.0,348.0,23669.0,2972.0,77515.0,282.0,103352.0,4874.0,498.0,16682.0,28554998.0,146158439.0,24488681.0,146008170.0,252382618.0,161065038.0,-110673614.0,2196121.0,1416732.0,307493188.0,7278652.0,6779460.0,247044113.0,6014391.0,349332951.0,161909456.0,24045468.0,24045468.0,493448112.0,33290230.0,8581371.0,8784635.0,105479581.0,246764543.0,246764543.0,352244124.0,52823545.0,1186069749.0,444453850.0,7172214.0,755287.0,14.393859698811267,12.3971417487657,Profit,220,Q1,38363358.276699126,-31191144.276699126
340053,NC,U,STH,1,2,2017-01-01,2017-12-31,3283.19,30757.0,27521.0,138622.0,571.0,208415.0,5931.0,6025.0,22903.0,650.0,28214.0,21582.0,116910.0,534.0,194910.0,5931.0,6025.0,22903.0,32805459.0,251763867.0,31046744.0,249251487.0,574690.0,287508439.0,-164853013.0,18758135.0,1056657.0,149163483.0,9865679.0,8905981.0,516007452.0,56006831.0,276601668.0,320227503.0,28064393.0,73494927.0,542885913.0,10801007.0,21925183.0,9845701.0,-1330088944.0,13706869.0,13706869.0,-1316382075.0,16534956.0,1671509800.0,889084289.0,122242504.0,1034290.0,13.38183138180195,10.36140734223477,Profit,142,Q3,85556244.63766608,36686259.36233392
20017,AK,U,STH,1,4,2018-01-01,2018-12-31,664.28,14464.0,8353.0,34714.0,164.0,59860.0,2415.0,1459.0,6388.0,174.0,10324.0,5525.0,25270.0,127.0,46355.0,2415.0,1459.0,6388.0,10087146.0,67938701.0,11318862.0,68049011.0,30828.0,26377527.0,-23414310.0,17930529.0,619560.0,21538833.0,4122657.0,3805049.0,88135353.0,75639289.0,50666080.0,82201972.0,221149.0,221149.0,103961954.0,10494193.0,6850658.0,135459.0,20664076.0,138079.0,-283757398.0,-263093322.0,10171208.0,875545077.0,197918242.0,62828656.0,35605.0,14.44121915820029,11.329869400365116,Profit,185,Q3,52011822.56006482,10816833.439935178
150157,IN,U,STH,1,1,2017-07-01,2018-06-30,519.95,4603.0,485.0,18950.0,153.0,55845.0,1231.0,94.0,6899.0,153.0,4256.0,185.0,13240.0,128.0,46720.0,1231.0,94.0,6899.0,3540068.0,40257570.0,7016499.0,40519792.0,5646994.0,52880257.0,-22937798.0,2535735.0,452081.0,53339501.0,15676014.0,2487972.0,82496314.0,16756962.0,48920653.0,74498896.0,24533197.0,24769272.0,152607669.0,4924092.0,2353466.0,5537764.0,28146026.0,19669114.0,19669114.0,47815140.0,9664748.0,384502452.0,153606373.0,73342895.0,38569.0,2.3328998699609884,14.122741061474242,Profit,149,Q3,28450792.675722193,44892102.3242778
310074,NJ,U,STH,1,2,2016-01-01,2016-12-31,2103.87,18842.0,7530.0,70830.0,262.0,95892.0,3209.0,920.0,13324.0,298.0,15680.0,5200.0,52624.0,187.0,68442.0,3209.0,920.0,13324.0,76746257.0,167905959.0,13925002.0,173167584.0,95621.0,49414868.0,-18082249.0,6439758.0,2160218.0,116546667.0,69720000.0,869893.0,157434803.0,5912960.0,49488561.0,253341173.0,3866707.0,8174847.0,378062687.0,14373718.0,15470357.0,16785107.0,52988673.0,183974140.0,183974140.0,236962813.0,10159592.0,1365533787.0,383196147.0,-2669944.0,41026.0,9.803198938601016,8.436113684005266,Loss,152,Q0,-17212990.478705622,14543046.478705622
490017,VA,U,STH,1,1,2016-09-01,2017-08-31,1809.92,20449.0,5464.0,53143.0,212.0,77380.0,3810.0,766.0,10444.0,350.0,18269.0,4050.0,45320.0,190.0,69350.0,3810.0,766.0,10444.0,22714989.0,127554927.0,13402317.0,141879964.0,-12945310.0,105433664.0,-72291916.0,8322840.0,4133479.0,44788810.0,4636569.0,5112192.0,106026898.0,10263709.0,135226006.0,73602864.0,51351241.0,170011190.0,288402864.0,15735319.0,18577437.0,7058638.0,53077970.0,29810657.0,65645070.0,118723040.0,31611351.0,953521875.0,356925648.0,-29208671.0,15291.0,23.42793178376243,10.85605911974364,Loss,128,Q0,-18997755.310981616,-10210915.689018384
230029,MI,R,STH,1,1,2019-07-01,2020-06-30,2290.31,25441.0,5010.0,73947.0,333.0,121878.0,5333.0,839.0,18014.0,396.0,22733.0,3577.0,59742.0,250.0,91500.0,5333.0,839.0,18014.0,13244032.0,184370394.0,13252055.0,186319163.0,124410.0,55948768.0,-17779575.0,10452945.0,1012926.0,308249180.0,11205168.0,9115471.0,379447670.0,4778827.0,166663703.0,254586033.0,47011729.0,47363527.0,610198740.0,109926483.0,16939721.0,9336822.0,140046655.0,124689776.0,124689776.0,264736431.0,39485296.0,721049846.0,458017014.0,9808878.0,1255340.0,7.773738555798195,16.839262669874298,Profit,221,Q1,33761331.9031643,-23952453.903164297
520011,WI,R,STH,1,2,2015-10-01,2016-09-30,401.84,2635.0,334.0,7093.0,40.0,14640.0,887.0,81.0,2306.0,40.0,2203.0,210.0,5304.0,35.0,12810.0,887.0,81.0,2306.0,1810422.0,23450217.0,4553866.0,23450217.0,13606950.0,27016990.0,-12288216.0,1143262.0,324600.0,30088018.0,5255530.0,3091366.0,70793587.0,1021237.0,34352408.0,69532856.0,815034.0,5180862.0,104801736.0,1699710.0,1490976.0,1410123.0,4600809.0,548536.0,47143632.0,51744441.0,6353183.0,72749915.0,69584353.0,19610128.0,15380.0,12.76567481402763,20.83224967490247,Profit,213,Q2,4987076.874268509,14623051.12573149
360218,OH,U,STH,1,2,2019-01-01,2019-12-31,1462.49,7753.0,786.0,28092.0,219.0,79935.0,2350.0,236.0,8452.0,227.0,5619.0,582.0,19443.0,181.0,66065.0,2350.0,236.0,8452.0,25939369.0,84084670.0,12266065.0,84050157.0,5370418.0,60880958.0,-28981053.0,4161089.0,3970497.0,62281065.0,1802879.0,2945564.0,114445494.0,21886155.0,94731767.0,89594779.0,1845955.0,22999966.0,174875810.0,8624684.0,18511395.0,128822.0,37200324.0,28453976.0,55092600.0,92292924.0,4029306.0,425622759.0,200194135.0,58602697.0,62666.0,16.499959206983764,16.4315577825296,Profit,235,Q3,14529518.015439777,44073178.98456022
70018,CT,U,STH,1,2,2018-10-01,2019-09-30,1385.66,16720.0,1593.0,46605.0,181.0,66065.0,3359.0,583.0,10325.0,181.0,15980.0,1318.0,36425.0,161.0,58765.0,3359.0,583.0,10325.0,14612612.0,127517016.0,25389000.0,129475521.0,141281693.0,99936748.0,-53289296.0,5926206.0,1894821.0,259446928.0,22554623.0,5373939.0,234318009.0,59584757.0,152534482.0,266338405.0,20561214.0,185159991.0,710945324.0,19611897.0,67446329.0,38972343.0,147602154.0,26804545.0,59103660.0,206705814.0,36582588.0,879969227.0,393993379.0,15292160.0,25036.0,7.149186402448848,18.12989295414603,Profit,240,Q2,32557752.769399144,-17265592.769399144
440150,TN,U,STH,1,4,2018-01-01,2018-12-31,811.28,14621.0,3594.0,47583.0,170.0,62050.0,3651.0,1176.0,12275.0,190.0,13007.0,3594.0,38254.0,146.0,53290.0,3651.0,1176.0,12275.0,19196902.0,55038882.0,8608194.0,55038882.0,30965.0,70829212.0,-38246911.0,6548260.0,828444.0,39439477.0,7545318.0,6548067.0,42456303.0,18654972.0,61171969.0,68943033.0,10027657.0,10027657.0,118410167.0,5216025.0,4032971.0,8133.0,12451013.0,67859.0,-495025027.0,-482574014.0,7327042.0,1314227549.0,140446560.0,91490639.0,38957.0,9.975442678040585,13.781862053032832,Profit,185,Q3,61346595.941188104,30144043.058811896
520198,WI,U,STH,1,2,2018-01-01,2018-12-31,566.42,3338.0,371.0,11765.0,72.0,26280.0,848.0,113.0,3246.0,72.0,2709.0,249.0,8355.0,60.0,21900.0,848.0,113.0,3246.0,4319120.0,36751125.0,6786565.0,36881960.0,196108681.0,57998986.0,-34857580.0,1329157.0,79450.0,220883790.0,1364822.0,1743155.0,100496872.0,2956616.0,29266384.0,87271823.0,1279914.0,1287929.0,309443542.0,3657950.0,3494117.0,502472.0,7654539.0,66243.0,66243.0,7720782.0,1677445.0,310873434.0,133248975.0,26763005.0,21482.0,4.33300649017136,19.01592030537194,Profit,185,Q2,25250632.438537974,1512372.561462026
280130,NE,U,STH,1,1,2019-07-01,2020-06-30,571.78,7541.0,103.0,21935.0,114.0,41708.0,1874.0,9.0,6586.0,114.0,6458.0,87.0,16819.0,92.0,33672.0,1874.0,9.0,6586.0,11434482.0,36634960.0,2858111.0,36634960.0,729320.0,73009325.0,-50812779.0,2669796.0,256040.0,22860037.0,5509925.0,1730240.0,101139466.0,1052538.0,29419953.0,104203573.0,27022987.0,27022987.0,154086597.0,4511877.0,3287140.0,-530469734.0,-508013501.0,8440314.0,8440314.0,-499573187.0,13305566.0,409450192.0,121649402.0,47890216.0,565739.0,10.731588227315882,12.999634106893817,Profit,221,Q3,47419913.6428532,470302.35714679956
370028,OK,U,STH,1,2,2016-07-01,2017-06-30,2298.18,48609.0,25952.0,130681.0,507.0,179717.0,7928.0,3616.0,22517.0,600.0,39306.0,13541.0,93183.0,387.0,137852.0,7928.0,3616.0,22517.0,43533860.0,177555858.0,33863282.0,176534097.0,299325436.0,485349061.0,-376583045.0,17330333.0,570193.0,519526947.0,196573.0,4248035.0,202216256.0,48665945.0,208214025.0,172614356.0,15770717.0,448835071.0,1140976374.0,353339.0,13217492.0,19669448.0,46738166.0,100299378.0,573665294.0,620403460.0,68748118.0,2301237573.0,712826243.0,125106910.0,31948.0,18.554675118858952,13.803680981595091,Profit,131,Q3,60933868.06152725,64173041.93847275
60028,CO,U,STH,1,1,2019-01-01,2019-12-31,2058.09,8765.0,23931.0,91516.0,361.0,131765.0,1654.0,1910.0,17759.0,361.0,7956.0,18512.0,67535.0,296.0,108040.0,1654.0,1910.0,17759.0,12063433.0,166730865.0,51730772.0,165690094.0,13123.0,149548848.0,-90251766.0,9588471.0,4370977.0,198168409.0,23655571.0,27972203.0,655477697.0,1998325.0,268518970.0,632110693.0,7624309.0,7624309.0,837903411.0,13832160.0,15595257.0,5598910.0,36744236.0,4507848.0,218346275.0,255090511.0,5323364.0,2161760399.0,527995828.0,84703000.0,19385.0,10.551008705624772,10.136703636832603,Profit,235,Q3,65358373.454985656,19344626.545014344
260108,MO,U,STH,1,2,2019-01-01,2019-12-31,2287.73,35552.0,3874.0,102485.0,406.0,148190.0,7666.0,626.0,22202.0,426.0,31732.0,3205.0,84472.0,366.0,133590.0,7666.0,626.0,22202.0,19314591.0,165322896.0,30473615.0,165344179.0,653843.0,165496696.0,-86159314.0,11047927.0,3163580.0,97500263.0,1147500.0,23394587.0,454900740.0,10142165.0,233928848.0,244834553.0,2623463.0,2623463.0,344958279.0,6464796.0,13870761.0,2836694.0,27104466.0,3044557.0,3044557.0,30149023.0,19394329.0,1352092370.0,584343778.0,46187595.0,17872.0,3.725512399501755,23.131154879140556,Profit,235,Q3,53358739.7227848,-7171144.722784802
520033,WI,R,STH,1,2,2019-07-01,2020-06-30,429.2,3231.0,793.0,9900.0,45.0,16470.0,843.0,86.0,2813.0,45.0,2636.0,321.0,7594.0,41.0,15006.0,843.0,86.0,2813.0,2832542.0,47142075.0,6835206.0,47142075.0,16751851.0,22545652.0,-3925977.0,2885869.0,507199.0,59785655.0,3765873.0,3185888.0,80961210.0,18138754.0,53325596.0,55061744.0,27004655.0,95204905.0,210052304.0,5087923.0,3373356.0,2828884.0,23693355.0,2409682.0,53720511.0,77413866.0,5477015.0,206761781.0,130331262.0,22428463.0,72892.0,9.74979867262781,20.465894748394888,Profit,221,Q2,14793411.847127113,7635051.1528728865
110198,GA,U,STH,1,2,2018-07-01,2019-06-30,712.8,9801.0,2622.0,31733.0,169.0,61685.0,2113.0,552.0,6871.0,202.0,8193.0,1264.0,22976.0,141.0,51465.0,2113.0,552.0,6871.0,13348447.0,56611319.0,7691954.0,56409614.0,1112514.0,122853914.0,-83597751.0,4809935.0,970180.0,46148792.0,16060000.0,847383.0,92358560.0,12793238.0,9508438.0,123959758.0,223442546.0,223442546.0,393551096.0,5471199.0,2703200.0,3789848.0,100299936.0,21160.0,214741815.0,315041751.0,13391184.0,599176762.0,172158243.0,24354278.0,46742.0,10.563228776730778,11.736767789140387,Profit,212,Q2,30731099.351853043,-6376821.351853043
450647,TX,U,STH,1,4,2016-06-01,2017-05-31,2379.8,34278.0,7578.0,162795.0,656.0,239440.0,5244.0,844.0,25309.0,689.0,27353.0,2936.0,107719.0,473.0,172645.0,5244.0,844.0,25309.0,49587107.0,175921434.0,45718186.0,178258960.0,95785.0,30998094.0,-25652616.0,23879573.0,2326572.0,32622426.0,1591171.0,1170796.0,170243968.0,246423197.0,256306327.0,348422600.0,5899.0,814074.0,381859100.0,19177303.0,19256986.0,55704.0,50887511.0,349272.0,-2489335621.0,-2438448110.0,38859869.0,4119961721.0,495893553.0,307668674.0,27521.0,6.483689869005247,21.10388430652956,Profit,130,Q3,147197117.30044708,160471556.69955292
220066,MA,U,STH,1,1,2019-07-01,2020-06-30,1444.0,12771.0,2493.0,49163.0,260.0,95160.0,3047.0,4428.0,11760.0,367.0,11798.0,779.0,44455.0,233.0,85278.0,3047.0,4428.0,11760.0,5662055.0,107409385.0,10199156.0,107021801.0,280859408.0,44369400.0,-9902270.0,5796192.0,2515339.0,335342237.0,1865627.0,5549561.0,102738693.0,29393560.0,115767556.0,76598416.0,8039083.0,10752297.0,422692950.0,64811490.0,10883283.0,10963881.0,194624907.0,8700802.0,77960731.0,272585638.0,24561192.0,376254835.0,346883524.0,-11908685.0,466647.0,15.727536513946513,16.91492712907187,Loss,221,Q0,-30872273.70537055,18963588.70537055
100286,FL,R,STH,1,6,2015-10-01,2016-09-30,897.5,17872.0,1040.0,34399.0,201.0,73566.0,4603.0,1027.0,9385.0,201.0,15645.0,900.0,30060.0,177.0,64782.0,4603.0,1027.0,9385.0,79409023.0,57837019.0,14407082.0,57981644.0,-4144961.0,74623733.0,-41158397.0,6769884.0,1162394.0,36507845.0,32300000.0,2303200.0,145070140.0,1061729.0,22068707.0,189846433.0,16573361.0,16573361.0,242927639.0,7520429.0,3349868.0,4647860.0,165209792.0,59826.0,59826.0,165269618.0,37180269.0,1355547075.0,173926441.0,31924344.0,29568.0,6.650928872010674,30.634469696969695,Profit,213,Q2,27900203.592225414,4024140.407774586
390204,PA,U,STH,1,1,2016-07-01,2017-06-30,743.38,11330.0,1440.0,29219.0,126.0,46355.0,2418.0,1485.0,6644.0,174.0,9636.0,1348.0,27155.0,108.0,39420.0,2418.0,1485.0,6644.0,14070947.0,55373891.0,4540490.0,55304452.0,21533336.0,55446907.0,-38212225.0,2478574.0,461126.0,42140297.0,1236380.0,1048667.0,36296562.0,872220.0,49852323.0,25100518.0,283023.0,283023.0,67523838.0,1279534.0,4886303.0,5033226.0,13490551.0,24578144.0,24578144.0,38068695.0,15275339.0,505509995.0,140262979.0,-497503.0,35626.0,14.316715372819072,20.005052489754675,Loss,131,Q0,-9299207.932913031,8801704.932913031
250100,MS,R,STH,1,1,2016-10-01,2017-09-30,833.87,13060.0,945.0,26826.0,262.0,95194.0,3455.0,152.0,7228.0,315.0,11083.0,807.0,20835.0,244.0,88676.0,3455.0,152.0,7228.0,27839206.0,45164401.0,6978052.0,45164401.0,3298279.0,53576718.0,-31232207.0,5749696.0,1781132.0,34055082.0,816534.0,1901836.0,109298492.0,3004988.0,63779681.0,73714113.0,406099.0,2097666.0,109866861.0,3821336.0,2500251.0,1597284.0,-43998351.0,406101.0,16790525.0,-27207826.0,30126106.0,507026712.0,153685586.0,24022044.0,13066.0,31.41088302378625,15.490586254400734,Profit,131,Q2,17545774.90017176,6476269.0998282395
520038,WI,U,STH,1,2,2018-01-01,2018-12-31,271.64,2262.0,54.0,5118.0,35.0,12775.0,639.0,18.0,1649.0,35.0,1854.0,24.0,3931.0,29.0,10585.0,639.0,18.0,1649.0,2107122.0,19137955.0,2370325.0,18372694.0,110140032.0,25024606.0,-15765782.0,425732.0,77859.0,119944350.0,234111.0,332297.0,24551148.0,2967239.0,12526959.0,18843267.0,631228.0,1010270.0,139797887.0,1798022.0,2030274.0,61922.0,4123049.0,85048.0,85048.0,4208097.0,1014782.0,144569997.0,52829042.0,11088285.0,22955.0,5.949095369518552,15.90938793291222,Profit,185,Q1,14033867.571769334,-2945582.5717693344
390145,PA,U,STH,1,2,2017-07-01,2018-06-30,1655.0,12517.0,1389.0,65950.0,246.0,89790.0,2658.0,254.0,15871.0,272.0,10797.0,1087.0,54276.0,206.0,75190.0,2658.0,254.0,15871.0,9078330.0,89837766.0,18754856.0,89911287.0,46391.0,104684137.0,-73008941.0,2647041.0,4131577.0,94515762.0,6376564.0,4144341.0,102818235.0,38394187.0,182717438.0,90466066.0,23281107.0,178247901.0,363229729.0,12674723.0,12004505.0,2162991.0,67416423.0,59759169.0,154029565.0,221445988.0,16290438.0,519372962.0,240452388.0,19879113.0,57955.0,11.366724194910589,23.36813044603572,Profit,149,Q2,25152949.39252943,-5273836.392529432
160013,IA,R,STH,1,2,2019-01-01,2019-12-31,234.5,1228.0,106.0,3614.0,38.0,13870.0,391.0,39.0,1120.0,38.0,1066.0,66.0,2350.0,33.0,12045.0,391.0,39.0,1120.0,3100515.0,16890480.0,2366319.0,16890480.0,7675673.0,19456557.0,-11754554.0,917552.0,103367.0,27848017.0,741056.0,1848599.0,45597806.0,2147440.0,24644909.0,25110970.0,10396412.0,11424503.0,64383490.0,1689361.0,1054842.0,1300827.0,6909427.0,20503718.0,22933718.0,29843145.0,648293.0,96476447.0,44476034.0,6082157.0,30263.0,12.33209584880189,16.581303902455144,Profit,235,Q1,4250107.351162352,1832049.6488376483
110198,GA,U,STH,1,2,2017-07-01,2018-06-30,710.51,10323.0,2226.0,31278.0,169.0,61685.0,2012.0,530.0,6928.0,202.0,8332.0,588.0,23055.0,141.0,51465.0,2012.0,530.0,6928.0,18724780.0,51979729.0,9774652.0,51979729.0,49841.0,96586292.0,-67861925.0,4829689.0,1914543.0,35518440.0,16060000.0,847383.0,89647203.0,12498940.0,9626057.0,120343816.0,214985493.0,214985493.0,370847749.0,5239186.0,2243130.0,309207.0,14468339.0,171534.0,296255034.0,310723373.0,12910852.0,815131370.0,147152425.0,21471565.0,46442.0,11.468873913891358,11.58218853623875,Profit,149,Q2,31140429.73901731,-9668864.739017311
520078,WI,U,STH,1,1,2019-07-01,2020-06-30,581.91,6672.0,2357.0,27027.0,154.0,56364.0,1024.0,536.0,4699.0,154.0,5804.0,2145.0,24589.0,134.0,49044.0,1024.0,536.0,4699.0,8728440.0,42261449.0,12590766.0,42260224.0,6665.0,35546110.0,-18502615.0,4286190.0,44015.0,49878334.0,5760000.0,1026000.0,54176729.0,4119184.0,15908415.0,61125447.0,95449.0,95449.0,111099230.0,3738072.0,4253300.0,23439480.0,73182677.0,1776416.0,1776416.0,74959093.0,7129420.0,320141491.0,173485157.0,-2786277.0,949180.0,18.34086265313688,13.602267220126846,Loss,221,Q0,-11203536.160921207,8417259.160921207
330046,NY,U,STH,1,2,2016-01-01,2016-12-31,5167.45,35622.0,14731.0,161633.0,625.0,216646.0,6406.0,2316.0,29877.0,770.0,30355.0,11840.0,127852.0,512.0,179846.0,6406.0,2316.0,29877.0,22117219.0,433100081.0,43760403.0,433100081.0,39372697.0,211329837.0,-108250301.0,14504234.0,1699444.0,248409009.0,5285727.0,232088.0,876951058.0,13747199.0,467066477.0,433336081.0,159585315.0,308283711.0,990028801.0,97796994.0,66673969.0,61500066.0,272724092.0,399849343.0,749430667.0,1022154759.0,17846168.0,2084071173.0,1047683246.0,53424262.0,39505.0,11.844280011188244,15.423364131122645,Profit,152,Q3,91838849.82516295,-38414587.82516295
490110,VA,U,STH,1,4,2016-10-01,2017-09-30,382.46,8131.0,671.0,16723.0,88.0,32120.0,1964.0,115.0,4205.0,88.0,6870.0,540.0,12864.0,78.0,28470.0,1964.0,115.0,4205.0,5684779.0,24618979.0,3100390.0,24708796.0,39159.0,19742839.0,-9005683.0,3110398.0,704116.0,14340170.0,4201759.0,2413681.0,27410963.0,20164848.0,27426325.0,26959249.0,1966085.0,1966085.0,43265504.0,2820620.0,2381566.0,8773477.0,15128326.0,22462.0,-175237334.0,-160109008.0,14194510.0,388380255.0,75974582.0,20298053.0,54972.0,35.45565058828637,8.464309102815978,Profit,131,Q2,21415665.29038674,-1117612.2903867401
520019,WI,R,STH,1,1,2016-07-01,2017-06-30,464.62,3580.0,775.0,8890.0,59.0,21535.0,1006.0,236.0,2564.0,70.0,3343.0,352.0,7713.0,40.0,14600.0,1006.0,236.0,2564.0,3513427.0,44727765.0,8555495.0,44727765.0,-55639.0,41855118.0,-26801136.0,2183632.0,33918.0,24767086.0,4043848.0,1933815.0,43402921.0,276175.0,22125396.0,49575672.0,700718.0,700718.0,75043476.0,1793247.0,2145385.0,13403714.0,17523907.0,2473168.0,13628779.0,31152686.0,5835968.0,175614669.0,103877606.0,24314373.0,20051.0,9.71556733611989,19.410503216797167,Profit,131,Q2,8728549.555133987,15585823.444866013
170009,KS,U,STH,1,4,2016-01-01,2016-12-31,139.48,2036.0,30.0,3179.0,22.0,8052.0,676.0,18.0,1230.0,47.0,1470.0,16.0,1908.0,16.0,5856.0,676.0,18.0,1230.0,5220046.0,9975146.0,1847767.0,9975146.0,298247.0,25212342.0,-21482491.0,393675.0,362019.0,5193544.0,1191680.0,215950.0,13331742.0,1176959.0,7409146.0,17617022.0,719831.0,719831.0,23530397.0,818841.0,1202197.0,956756.0,3405447.0,11581662.0,26581662.0,29987109.0,1085149.0,88004304.0,26680594.0,-7291823.0,35958.0,14.49915009095518,13.674286667779077,Loss,152,Q0,-2305751.6049955077,-4986071.395004492
310052,NJ,U,STH,1,2,2017-01-01,2017-12-31,1652.35,41422.0,1882.0,73005.0,308.0,112420.0,7531.0,226.0,15294.0,308.0,37596.0,611.0,64073.0,284.0,103660.0,7531.0,226.0,15294.0,11870746.0,121582902.0,14078534.0,121582902.0,225377159.0,502492861.0,-327831164.0,32597471.0,10913202.0,535023000.0,32024276.0,9791897.0,1037081643.0,253891455.0,375190730.0,1028189000.0,414250914.0,553679000.0,2116891000.0,47169170.0,88278863.0,162700046.0,340634000.0,271249702.0,271901000.0,612535000.0,18396424.0,1413132153.0,320226177.0,39788268.0,41401.0,5.344293484889138,20.61544407139924,Profit,142,Q3,60558116.14272121,-20769848.142721213
360125,OH,R,STH,1,2,2019-01-01,2019-12-31,861.0,7195.0,341.0,16250.0,104.0,37960.0,1934.0,84.0,4099.0,137.0,6307.0,341.0,13812.0,95.0,34675.0,1934.0,84.0,4099.0,8363135.0,65533887.0,4137969.0,65533887.0,22200055.0,75238662.0,-52438257.0,2497649.0,2079060.0,126963891.0,2519092.0,2336155.0,41195730.0,23478348.0,35252368.0,32710998.0,4040884.0,7223265.0,166898154.0,14283945.0,4449598.0,9428236.0,28828714.0,13065694.0,13065694.0,41894408.0,3225099.0,361193036.0,145205714.0,10697632.0,31498.0,23.85597843527373,19.928249412661124,Profit,235,Q1,19533822.926474605,-8836190.926474605
50320,CA,U,STH,1,9,2018-07-01,2019-06-30,2146.05,12766.0,12102.0,59337.0,169.0,61685.0,1955.0,2415.0,10580.0,372.0,10741.0,9239.0,48071.0,137.0,50005.0,1955.0,2415.0,10580.0,18850725.0,324985687.0,32367587.0,324985687.0,47173916.0,755087037.0,-615145724.0,9529380.0,6613584.0,229148753.0,9020710.0,316419.0,41285416.0,17701594.0,149648861.0,69851095.0,196657140.0,196657140.0,495656988.0,38714761.0,33004189.0,26499772.0,127385989.0,632761294.0,632761294.0,760147283.0,20485901.0,2010982276.0,863127781.0,-11499907.0,30162.0,9.727678274186031,16.3616471056296,Loss,212,Q0,-25146015.109912653,13646108.109912653
330197,NY,R,STH,1,2,2019-01-01,2019-12-31,1103.0,6973.0,1631.0,22040.0,94.0,34310.0,1483.0,145.0,4133.0,94.0,5576.0,1335.0,18924.0,88.0,32120.0,1483.0,145.0,4133.0,4812737.0,102953327.0,7039901.0,102953327.0,5179846.0,59156371.0,-37908699.0,2310028.0,1489394.0,40521113.0,901985.0,3632267.0,55482878.0,11713425.0,42068907.0,53510065.0,62765918.0,63753471.0,157784649.0,14285623.0,13517640.0,10905454.0,38708717.0,16495445.0,26027081.0,64735798.0,2761613.0,259005335.0,205837284.0,15981567.0,16637.0,16.758701472556893,11.895173408667429,Profit,235,Q2,12331464.2838018,3650102.7161982004
420002,SC,U,STH,1,4,2017-06-01,2018-05-31,1095.0,23813.0,5385.0,67621.0,268.0,97820.0,4846.0,540.0,13809.0,288.0,21406.0,3463.0,55964.0,244.0,89060.0,4846.0,540.0,13809.0,42252918.0,79456521.0,9633581.0,79456521.0,1990.0,133706704.0,-86703842.0,4856558.0,1599405.0,71933426.0,16818167.0,1302147.0,147339715.0,9243637.0,86353705.0,135213291.0,68144247.0,68144247.0,275290964.0,8980548.0,2213283.0,7818672.0,24384224.0,4464414.0,5566007.0,29950231.0,26282009.0,1090394087.0,240051773.0,52194990.0,58571.0,10.833997712225726,16.233289511874478,Profit,147,Q3,31252093.934995696,20942896.065004304
420085,SC,U,STH,1,4,2016-05-01,2017-04-30,1129.95,39597.0,6816.0,88382.0,301.0,107856.0,8508.0,468.0,18579.0,301.0,33650.0,6178.0,70290.0,245.0,87416.0,8508.0,468.0,18579.0,32214172.0,69406986.0,15631491.0,69406814.0,9454.0,140272421.0,-75807594.0,12514377.0,3505503.0,80532959.0,17537802.0,5111443.0,76152117.0,65079988.0,83773597.0,151701331.0,8973557.0,9006557.0,241240847.0,10372836.0,4620785.0,434085.0,17597858.0,322135.0,-21566351.0,-3968493.0,46903641.0,2120404452.0,299569137.0,99695706.0,8791.0,9.529845586540675,33.420543737913775,Profit,138,Q3,71797478.53581876,27898227.464181244
240047,MN,R,STH,1,2,2019-01-01,2019-12-31,2379.34,25846.0,3144.0,54998.0,238.0,86870.0,5028.0,812.0,10819.0,267.0,18716.0,2421.0,39431.0,176.0,64240.0,5028.0,812.0,10819.0,6290009.0,243148648.0,6600828.0,243148648.0,93078845.0,264625552.0,-207557127.0,11689105.0,6155201.0,167991576.0,7529380.0,5622178.0,132496551.0,3764062.0,143328123.0,115623488.0,28527816.0,71805423.0,355420487.0,29806134.0,21543714.0,1731353.0,57540070.0,10795323.0,150019271.0,207559341.0,13785289.0,541118157.0,516922324.0,5689103.0,9545.0,35.34800463304201,9.62807752750131,Profit,235,Q1,47541631.613854654,-41852528.613854654
70007,CT,R,STH,1,2,2018-10-01,2019-09-30,1716.0,24920.0,12845.0,62148.0,236.0,86140.0,4485.0,3040.0,12068.0,252.0,22544.0,10598.0,52263.0,203.0,74095.0,4485.0,3040.0,12068.0,6452821.0,145944839.0,20021012.0,145944839.0,20124880.0,63674097.0,-16271278.0,8671717.0,907541.0,173523691.0,8110001.0,4979100.0,117273120.0,4961740.0,77227436.0,170727696.0,19114866.0,78534873.0,422786260.0,16576634.0,13801198.0,4661660.0,56302000.0,59711851.0,146011895.0,202313895.0,48142145.0,656808834.0,366266827.0,22181045.0,26999.0,24.4796828543112,11.070780399274046,Profit,240,Q2,29299199.367437873,-7118154.367437873
50231,CA,U,STH,1,2,2019-01-01,2019-12-31,2892.26,13157.0,20664.0,100228.0,412.0,149096.0,2898.0,2927.0,20189.0,412.0,10226.0,9328.0,64652.0,309.0,112785.0,2898.0,2927.0,20189.0,34350228.0,278224866.0,38893842.0,278224866.0,53798720.0,650413013.0,-537984724.0,4800207.0,4928701.0,341891499.0,16399914.0,19921588.0,229239294.0,182299279.0,419668370.0,347924691.0,24339466.0,29999249.0,719815439.0,57100541.0,50666278.0,100763.0,101130896.0,59943256.0,111402210.0,212533106.0,9268657.0,4146941627.0,637823120.0,20225517.0,50606.0,19.044379526991875,11.59546298857843,Profit,235,Q2,47276381.46756937,-27050864.467569374
420002,SC,U,STH,1,4,2018-06-01,2019-05-31,1132.4,23479.0,5601.0,70044.0,268.0,97820.0,4679.0,563.0,14485.0,288.0,17703.0,4272.0,58799.0,244.0,89060.0,4679.0,563.0,14485.0,58220687.0,84893323.0,9545395.0,84893323.0,1940.0,149788842.0,-100893244.0,5094063.0,1860627.0,75511881.0,16818167.0,1302147.0,147597983.0,9634450.0,87261586.0,131696770.0,74257422.0,74257422.0,281466073.0,8545807.0,2615370.0,5775923.0,23118742.0,4261443.0,7281974.0,30400716.0,28484978.0,1445758287.0,259594628.0,54006190.0,59059.0,9.049330284220842,17.020267867725494,Profit,209,Q3,34216436.53660085,19789753.46339915
520049,WI,U,STH,1,2,2016-10-01,2017-09-30,2701.97,7836.0,1287.0,29295.0,161.0,58765.0,2212.0,345.0,8398.0,175.0,6841.0,1038.0,23615.0,145.0,52925.0,2212.0,345.0,8398.0,8787678.0,213065927.0,16516030.0,213065927.0,78664482.0,121913031.0,-70019532.0,6090708.0,7723527.0,162406311.0,8335294.0,2498584.0,181744772.0,63852803.0,141827360.0,197658269.0,37909807.0,208167502.0,568232082.0,14012194.0,28150860.0,867435.0,55906562.0,17811382.0,121637444.0,177544006.0,25316828.0,564837852.0,453921309.0,42236204.0,258004.0,11.299299778562451,13.423822886466876,Profit,131,Q3,34571464.77985299,7664739.220147014
240038,MN,U,STH,1,2,2016-01-01,2016-12-31,2371.42,33703.0,14613.0,93877.0,317.0,116022.0,7591.0,3729.0,22200.0,346.0,29890.0,12775.0,78246.0,273.0,99918.0,7591.0,3729.0,22200.0,13647356.0,228086169.0,10180468.0,217234840.0,7886.0,206441345.0,-128299932.0,12135993.0,70150.0,1070285998.0,9362637.0,3388734.0,269577630.0,9065562.0,162355832.0,162049276.0,9976405.0,-8795687.0,1223539587.0,3375618.0,14505826.0,751422939.0,770344672.0,15904855.0,15904855.0,786249527.0,21161309.0,971587622.0,583303595.0,26739574.0,17771.0,14.982901524372572,14.124134826402566,Profit,152,Q2,57722961.19851408,-30983387.19851408
520136,WI,U,STH,1,1,2018-07-01,2019-06-30,1541.06,13885.0,6236.0,60314.0,325.0,118749.0,3110.0,901.0,14807.0,334.0,11909.0,4251.0,41124.0,237.0,86629.0,3110.0,901.0,14807.0,17604192.0,114670633.0,38775190.0,114670633.0,309198.0,103608931.0,-54429783.0,10774849.0,41988.0,95849198.0,12370000.0,1910555.0,180539910.0,7718552.0,59488353.0,218375541.0,359239.0,359239.0,314583978.0,9725971.0,11369224.0,6926853.0,90195616.0,2402765.0,2402765.0,92598381.0,20275946.0,805164907.0,301269737.0,38944078.0,26793.0,28.74058941474672,8.009554734445565,Profit,212,Q3,31657282.563695937,7286795.436304063
330136,NY,R,STH,1,2,2018-01-01,2018-12-31,3322.22,19929.0,1446.0,44246.0,160.0,58400.0,3670.0,249.0,8910.0,180.0,17951.0,1030.0,35997.0,126.0,45990.0,3670.0,249.0,8910.0,3926277.0,283433752.0,222957.0,283433752.0,2785992.0,57916738.0,-6207000.0,6556059.0,3785137.0,82953818.0,1089856.0,9025500.0,223073638.0,6200044.0,251731306.0,189571726.0,1186067.0,133578934.0,406104478.0,27762243.0,9011351.0,32736726.0,72160320.0,18712106.0,76582481.0,148742801.0,8680850.0,666599635.0,547151884.0,-20628190.0,5584.0,9.416954353663217,26.575931232091698,Loss,185,Q0,-14958491.890619626,-5669698.109380374
370093,OK,U,STH,1,4,2016-09-01,2017-08-31,3344.98,40958.0,75045.0,212132.0,694.0,253067.0,6517.0,13696.0,33582.0,711.0,31658.0,39950.0,132334.0,468.0,171307.0,6517.0,13696.0,33582.0,83132741.0,231931554.0,47099923.0,231416397.0,202076.0,292017940.0,-122104824.0,31891646.0,8362532.0,264093722.0,11165013.0,2610953.0,126093752.0,158476841.0,253390290.0,218453344.0,40672100.0,-527912023.0,-45364957.0,12043063.0,25603487.0,1002577.0,68986026.0,65048316.0,-130477394.0,-61491368.0,62417130.0,4481029947.0,913646110.0,104020864.0,2306.0,25.47387887193712,7.025151777970512,Profit,128,Q3,113171574.09052835,-9150710.090528354
390013,PA,R,STH,1,2,2019-07-01,2020-06-30,1067.81,6063.0,158.0,16311.0,123.0,45018.0,1724.0,41.0,5026.0,132.0,5318.0,102.0,12984.0,111.0,40626.0,1724.0,41.0,5026.0,12498039.0,68517937.0,11562636.0,68517937.0,62733640.0,86457669.0,-68058240.0,5349086.0,5938670.0,100957873.0,10331260.0,2577082.0,130866133.0,18354742.0,79215159.0,192614690.0,6250796.0,137271037.0,430843600.0,17704836.0,12961486.0,1803146.0,64591327.0,8663957.0,96056953.0,160648280.0,11460876.0,477684778.0,165742615.0,42858962.0,44831.0,11.40463200089077,18.19499899623029,Profit,221,Q3,30120208.692911673,12738753.307088327
330115,NY,U,STH,1,2,2016-01-01,2016-12-31,658.5,3937.0,369.0,11433.0,101.0,36966.0,872.0,73.0,2714.0,261.0,3411.0,217.0,9198.0,95.0,34770.0,872.0,73.0,2714.0,3326546.0,44667214.0,5795489.0,44667214.0,5243881.0,15350747.0,-4628152.0,1495287.0,3589277.0,21202933.0,782227.0,2591351.0,58138088.0,10360043.0,47397559.0,35163875.0,23346456.0,35732078.0,92098886.0,3085267.0,8935260.0,2521261.0,16803881.0,9388618.0,30827262.0,47631143.0,1398824.0,122068675.0,94308106.0,-4216614.0,13602.0,16.23610693902073,15.5565358035583,Loss,152,Q0,-2244323.5763910557,-1972290.4236089443
50573,CA,R,STH,1,2,2018-07-01,2019-06-30,4056.0,32056.0,2224.0,68795.0,345.0,135415.0,8685.0,655.0,19581.0,368.0,29284.0,2108.0,62917.0,311.0,123005.0,8685.0,655.0,19581.0,12490131.0,254457828.0,54116470.0,254457828.0,54726692.0,258553395.0,-155817225.0,13298652.0,6503251.0,224477289.0,35265770.0,28081140.0,791809977.0,29574745.0,369546526.0,563999642.0,56017709.0,366582041.0,1155058972.0,7716407.0,34604503.0,68361175.0,121094320.0,91827779.0,475374490.0,596468810.0,82002640.0,3128755624.0,828418007.0,-4916777.0,18193.0,11.562258313998454,51.734183477161544,Loss,212,Q0,-23529053.891994935,18612276.891994935
110111,GA,U,STH,1,8,2017-01-01,2017-12-31,98.12,2430.0,136.0,4784.0,25.0,9125.0,186.0,35.0,754.0,25.0,702.0,136.0,1947.0,25.0,9125.0,186.0,35.0,754.0,4008385.0,5680691.0,1994863.0,5680691.0,3537644.0,8636479.0,-4802942.0,500313.0,241159.0,8144600.0,1314519.0,118022.0,25228770.0,25545.0,10358417.0,28830608.0,346526.0,346526.0,37321734.0,943922.0,360923.0,2654333.0,4017582.0,26674669.0,26674669.0,30692251.0,348070.0,55996751.0,19125126.0,1480951.0,16733.0,26.500456065673458,16.321042251837685,Profit,142,Q1,2258126.5998957665,-777175.5998957665
450669,TX,U,STH,1,4,2018-06-01,2019-05-31,588.1,6788.0,2606.0,28336.0,138.0,50370.0,1636.0,732.0,6565.0,156.0,6008.0,1561.0,19742.0,110.0,40150.0,1636.0,732.0,6565.0,20768934.0,48402856.0,7504978.0,48509307.0,1274.0,46099529.0,-31591338.0,4640516.0,705857.0,20015249.0,15361372.0,6449500.0,70373559.0,58857144.0,43411427.0,81322249.0,1593175.0,1854814.0,103192312.0,3522498.0,3810651.0,922091.0,9851400.0,80578.0,240499941.0,250351341.0,9583067.0,938185776.0,145282431.0,-10067266.0,68196.0,10.14185024624731,7.507771716816237,Loss,209,Q0,-22135475.659418855,12068209.659418855
180040,KY,U,STH,1,2,2016-07-01,2017-06-30,3747.2,52722.0,3518.0,192112.0,727.0,265355.0,9939.0,609.0,33254.0,817.0,42398.0,2793.0,106437.0,439.0,160235.0,9939.0,609.0,33254.0,37800446.0,236997012.0,36275733.0,237009003.0,-215356334.0,343905130.0,-230592294.0,21345098.0,1592366.0,-49741489.0,19675350.0,4151750.0,123483829.0,1018545.0,249505867.0,251811713.0,16164569.0,16164569.0,218234793.0,34001743.0,19294201.0,12214316.0,139767895.0,349608.0,349608.0,140117503.0,100032382.0,2241850848.0,821839739.0,-770572.0,6827.0,45.6656346749226,8.085542698110444,Loss,131,Q0,-8089745.606871104,7319173.606871104
110069,GA,U,STH,1,9,2016-01-01,2016-12-31,1833.75,24720.0,6019.0,65055.0,237.0,86742.0,4582.0,1315.0,13605.0,237.0,19760.0,4549.0,50347.0,205.0,75030.0,4582.0,1315.0,13605.0,25326663.0,87475517.0,15528350.0,86599330.0,10616254.0,64222588.0,-36886444.0,1345932.0,3009716.0,44313624.0,8307279.0,3214024.0,89334685.0,6004248.0,107939819.0,118444335.0,310165847.0,310165847.0,472923806.0,14105237.0,29050743.0,923837.0,44285224.0,81204960.0,160704909.0,204990133.0,9015924.0,453110676.0,209886830.0,6331354.0,30742.0,29.947788395231996,11.710363671849588,Profit,152,Q1,28602370.796233132,-22271016.796233132
340004,NC,U,STH,1,2,2017-07-01,2018-06-30,1362.17,16223.0,9063.0,65015.0,288.0,105120.0,3690.0,3220.0,15465.0,304.0,14280.0,5987.0,54857.0,256.0,93440.0,3690.0,3220.0,15465.0,39651144.0,95392727.0,8124475.0,95392727.0,23824490.0,54980059.0,-30337020.0,3847853.0,6176924.0,128256984.0,12207876.0,6097296.0,228262815.0,50857340.0,144912978.0,161498401.0,6275963.0,15803182.0,305558567.0,67804330.0,35081117.0,5358858.0,108244305.0,669518.0,1188815.0,109433120.0,22191579.0,603040434.0,251763789.0,20582601.0,25761.0,34.56765650398446,12.55774232366756,Profit,149,Q2,23996747.054130014,-3414146.054130014
360143,OH,U,STH,1,1,2019-01-01,2019-12-31,759.53,10585.0,751.0,30449.0,211.0,77187.0,2470.0,201.0,7888.0,269.0,8927.0,612.0,25336.0,183.0,66967.0,2470.0,201.0,7888.0,4916191.0,56554579.0,13345220.0,56554579.0,3327.0,24795382.0,-7270802.0,5266619.0,119641.0,24689642.0,2156995.0,9817843.0,171345592.0,9223544.0,73167822.0,113001406.0,12611.0,67554185.0,205245233.0,5540816.0,3743752.0,3167129.0,21398262.0,301061.0,51626765.0,73025027.0,4815977.0,407703884.0,160939101.0,-85389.0,27743.0,15.104014063873423,16.252748441048194,Loss,235,Q0,-10546905.2463504,10461516.2463504
450128,TX,U,STH,1,2,2019-01-01,2019-12-31,626.05,8517.0,3677.0,31207.0,186.0,67890.0,2099.0,460.0,8478.0,186.0,7456.0,3025.0,25673.0,170.0,62050.0,2099.0,460.0,8478.0,57982648.0,37477013.0,7356789.0,37477013.0,2068473.0,102026210.0,-94022149.0,1681196.0,366197.0,17290922.0,4271405.0,694823.0,31693704.0,1890102.0,28205253.0,36705972.0,18283213.0,18283213.0,72280107.0,3428409.0,4457284.0,32503044.0,40444428.0,2006596.0,2006596.0,42451024.0,4053218.0,458919161.0,102085620.0,3893834.0,67269.0,27.4059738662106,12.301357237360447,Profit,235,Q1,10365674.588521449,-6471840.588521449
310112,NJ,U,STH,1,2,2017-01-01,2017-12-31,941.1,22701.0,603.0,40677.0,169.0,61685.0,3589.0,111.0,7521.0,169.0,20616.0,341.0,35916.0,153.0,55845.0,3589.0,111.0,7521.0,8332751.0,65639900.0,6232494.0,65639900.0,225377159.0,502492861.0,-327831164.0,32597471.0,10913202.0,535023000.0,32024276.0,9791897.0,1037081643.0,253891455.0,375190730.0,1028189000.0,414250914.0,553679000.0,2116891000.0,47169170.0,88278863.0,162700045.0,340633999.0,271249703.0,271901001.0,612535000.0,9474196.0,707634578.0,161791848.0,9131956.0,16729.0,3.9535308071285207,19.050750194273416,Profit,142,Q1,57219155.005011894,-48087199.005011894
170104,KS,U,STH,1,1,2016-01-01,2016-12-31,2459.51,23255.0,399.0,84843.0,339.0,124099.0,5518.0,92.0,19395.0,381.0,21302.0,310.0,62881.0,283.0,103603.0,5518.0,92.0,19395.0,19346406.0,176592647.0,36340264.0,181109573.0,302277573.0,16041680.0,-18066104.0,6514819.0,4577435.0,346808744.0,34371566.0,17768513.0,286365064.0,31078067.0,117221112.0,326417116.0,19613254.0,30293941.0,703519801.0,21503327.0,16426613.0,14825915.0,63876888.0,160631068.0,160631068.0,224507956.0,11582602.0,1452715744.0,424587144.0,54415938.0,19954.0,11.423451100870455,14.037285757241657,Profit,152,Q3,43645055.16267657,10770882.837323427
120026,HI,U,STH,1,2,2016-07-01,2017-06-30,892.61,11010.0,182.0,31671.0,118.0,43070.0,1956.0,30.0,5757.0,118.0,10204.0,165.0,29118.0,110.0,40150.0,1956.0,30.0,5757.0,3242531.0,78451050.0,8802093.0,78155812.0,-103965.0,74280283.0,-51380253.0,3152642.0,423369.0,85420567.0,9609148.0,950595.0,81572532.0,425814.0,55131109.0,62101061.0,10708800.0,12456201.0,159977829.0,5232222.0,9110147.0,6730946.0,21145013.0,85995.0,85995.0,21231008.0,18043211.0,416517684.0,211171223.0,27772239.0,39925.0,5.337366694011485,19.994990607388853,Profit,131,Q2,17524665.37948104,10247573.62051896
360006,OH,U,STH,1,1,2017-07-01,2018-06-30,6170.98,62454.0,13178.0,199501.0,684.0,249564.0,13146.0,1501.0,42132.0,723.0,50572.0,6712.0,153801.0,565.0,206189.0,13146.0,1501.0,42132.0,28957200.0,449444741.0,50268391.0,449956798.0,1306646.0,506202172.0,-361725256.0,23783948.0,5215568.0,194489740.0,658050.0,14243722.0,505781876.0,125192350.0,192613431.0,394912890.0,8731903.0,8731903.0,598134533.0,26834774.0,37955182.0,182161348.0,329396553.0,360957071.0,360957071.0,690353624.0,115122597.0,3189378017.0,1189809821.0,206622533.0,26229.0,10.152539100212396,18.418544359296963,Profit,149,Q3,192135907.08021533,14486625.919784665
330135,NY,U,STH,1,2,2017-01-01,2017-12-31,362.05,4730.0,2971.0,13283.0,98.0,35770.0,1093.0,243.0,2833.0,168.0,4401.0,2937.0,12629.0,88.0,32120.0,1093.0,243.0,2833.0,13353879.0,28603506.0,4812764.0,28603506.0,379446.0,35063367.0,-25980359.0,1038874.0,352912.0,11087274.0,437205.0,218373.0,10696522.0,737688.0,8931745.0,15780142.0,942387.0,942387.0,27809803.0,5357294.0,4646568.0,1273475.0,11277337.0,5573599.0,25788789.0,37066126.0,2228695.0,396670047.0,75469367.0,4463848.0,14201.0,13.493359846601804,17.097387507921976,Profit,142,Q1,5693686.472106172,-1229838.4721061718
520096,WI,U,STH,1,1,2018-07-01,2019-06-30,1387.59,15232.0,4414.0,55394.0,249.0,90885.0,3131.0,839.0,12995.0,263.0,13668.0,3599.0,45162.0,208.0,75920.0,3131.0,839.0,12995.0,14478087.0,86171233.0,24445384.0,95282475.0,6590.0,94872963.0,-49847546.0,7176652.0,859786.0,67984030.0,3910000.0,4195093.0,212772597.0,8965533.0,46173547.0,233782418.0,200617.0,200617.0,301967065.0,7466278.0,10040831.0,12825600.0,64981790.0,2767396.0,2767396.0,67749186.0,20987486.0,635349961.0,244505513.0,54849627.0,25441.0,11.98855962500993,14.201485790652882,Profit,212,Q3,28250205.764123917,26599421.235876083
50122,CA,U,STH,1,2,2017-01-01,2017-12-31,575.0,5821.0,1413.0,15382.0,170.0,62050.0,1380.0,323.0,3966.0,170.0,4804.0,1207.0,12741.0,146.0,53290.0,1380.0,323.0,3966.0,8237685.0,47973899.0,2425641.0,47973899.0,4294280.0,100142828.0,-82609445.0,3331612.0,1982047.0,112702347.0,5273787.0,7400802.0,88851170.0,4903104.0,98172755.0,62348123.0,201225.0,4807887.0,179858357.0,11374027.0,5484571.0,32008712.0,48867310.0,10690716.0,10693316.0,59560626.0,3712868.0,830352456.0,157233526.0,-36768593.0,51846.0,9.215937306021104,11.03846005477761,Loss,142,Q0,-6558357.410705213,-30210235.589294787
330218,NY,U,STH,1,2,2018-01-01,2018-12-31,854.1,5205.0,457.0,13960.0,132.0,48180.0,1177.0,88.0,3358.0,164.0,4287.0,242.0,10505.0,124.0,45260.0,1177.0,88.0,3358.0,1696164.0,58776624.0,5063267.0,58776624.0,17411054.0,18180218.0,-3734000.0,1545065.0,2640216.0,45000024.0,505045.0,1145506.0,75181186.0,7074158.0,64044388.0,56375459.0,9234182.0,19508758.0,120884241.0,5401313.0,7943375.0,6539158.0,22751616.0,9049551.0,31084161.0,53835777.0,2146382.0,142306343.0,120957205.0,-955279.0,36335.0,20.378622673114,14.33879179854135,Loss,185,Q0,-2840503.682905538,1885224.682905538
330073,NY,U,STH,1,2,2019-01-01,2019-12-31,763.5,3992.0,1140.0,19795.0,133.0,48545.0,979.0,118.0,4361.0,133.0,3512.0,937.0,17093.0,123.0,44895.0,979.0,118.0,4361.0,3433207.0,45044267.0,5315239.0,45824160.0,17437713.0,16220298.0,-2031651.0,2970312.0,1307045.0,53686719.0,600476.0,2405929.0,59560818.0,14692205.0,39459356.0,39202339.0,10961501.0,10961501.0,103850559.0,3143531.0,4561207.0,5316648.0,14479175.0,21599155.0,40030737.0,54509912.0,1667528.0,191186364.0,107208016.0,3077093.0,22707.0,14.813475016956817,18.699079578984453,Profit,235,Q1,5777035.654002267,-2699942.654002267
50168,CA,U,STH,1,2,2018-07-01,2019-06-30,1972.18,16825.0,4309.0,63334.0,290.0,105850.0,3800.0,711.0,14179.0,320.0,13153.0,2657.0,44759.0,225.0,82125.0,3800.0,711.0,14179.0,2831325.0,189319076.0,38569121.0,189319076.0,12086699.0,163449122.0,-103787168.0,8466986.0,348268.0,326152286.0,6457972.0,2179196.0,692902233.0,18434613.0,321910173.0,609653392.0,2125767.0,63068736.0,998874414.0,16526642.0,22707577.0,29264343.0,115869986.0,344602327.0,344602327.0,460472313.0,25291157.0,1753845355.0,600025897.0,63298450.0,23528.0,6.410756885708089,21.01326079564774,Profit,212,Q3,46230066.653270714,17068383.346729286
360014,OH,R,STH,1,1,2017-07-01,2018-06-30,576.06,1841.0,911.0,4728.0,58.0,21170.0,836.0,46.0,2534.0,58.0,1841.0,113.0,3202.0,58.0,21170.0,836.0,46.0,2534.0,6351687.0,28359585.0,6995005.0,28505086.0,18562608.0,12776422.0,-3048679.0,3110476.0,527958.0,50733716.0,2956342.0,1639247.0,34111679.0,9956432.0,26262069.0,54839247.0,6345000.0,48609972.0,154182935.0,3939790.0,5162318.0,35535558.0,49059153.0,18267726.0,18267726.0,67326879.0,4596955.0,161813295.0,91485524.0,16925810.0,35704.0,36.745859802445565,8.766524759130629,Profit,149,Q2,12933849.719818197,3991960.280181803
360112,OH,U,STH,1,1,2018-01-01,2018-12-31,2384.62,17472.0,3846.0,74183.0,313.0,112156.0,4171.0,757.0,18555.0,313.0,8430.0,1384.0,35362.0,157.0,55216.0,4171.0,757.0,18555.0,38144179.0,153458001.0,38830901.0,153458001.0,361557.0,106332398.0,-34915935.0,14045562.0,2494289.0,123888205.0,15873840.0,8656254.0,455477804.0,5546135.0,142235752.0,231518357.0,19742369.0,41268679.0,396675241.0,37137827.0,153945.0,-2294354.0,45673242.0,8231150.0,31144718.0,76817960.0,10027364.0,2354214182.0,510353421.0,28798134.0,14570.0,37.89815978124307,9.347975291695263,Profit,185,Q2,61576735.89144244,-32778601.89144244
50770,CA,U,STH,1,1,2019-07-01,2020-06-30,859.01,10236.0,1647.0,37720.0,111.0,40626.0,2329.0,298.0,9132.0,111.0,9272.0,1207.0,31288.0,93.0,34038.0,2329.0,298.0,9132.0,14280490.0,76470488.0,-12067256.0,76470488.0,16889796.0,197857352.0,-159704207.0,6550231.0,488333.0,117827041.0,9963264.0,2218384.0,4241668.0,42108450.0,30088981.0,27527522.0,1863921.0,21048590.0,166403153.0,15171463.0,5489901.0,5612407.0,152907176.0,60429390.0,191633528.0,344540704.0,21047563.0,901558477.0,245521739.0,-28729680.0,2437864.0,12.52625759166495,14.45425175481487,Loss,221,Q0,-39992848.93222246,11263168.932222463
460060,UT,U,STH,1,4,2018-07-01,2019-06-30,177.3,774.0,190.0,6051.0,30.0,10950.0,310.0,48.0,1876.0,30.0,743.0,140.0,3752.0,26.0,9918.0,310.0,48.0,1876.0,3629566.0,13060331.0,6055134.0,13125676.0,2675.0,17208212.0,-7080764.0,2540136.0,432825.0,13531355.0,1688168.0,1650736.0,19381347.0,19291724.0,25616417.0,38416843.0,298378.0,298378.0,52246576.0,1637634.0,1299591.0,67628.0,4320806.0,289754.0,36282744.0,40603550.0,2130786.0,158745786.0,52421744.0,13146638.0,48000.0,4.172253852410367,7.291666666666667,Profit,212,Q2,9361928.38871755,3784709.611282449
340129,NC,U,STH,1,4,2018-10-01,2019-09-30,428.78,5041.0,2050.0,15750.0,123.0,44895.0,1435.0,445.0,5391.0,123.0,3984.0,1196.0,11162.0,111.0,40515.0,1435.0,445.0,5391.0,15564224.0,27673532.0,5009852.0,27673532.0,2210.0,37043970.0,-19622588.0,3400001.0,759818.0,21622900.0,8748280.0,663576.0,70102572.0,1524093.0,12924285.0,76203351.0,5090969.0,5090969.0,102917220.0,2791088.0,2262020.0,2831049.0,-64419766.0,3491653.0,3491653.0,-60928113.0,12961620.0,592215037.0,93046753.0,31194421.0,40855.0,5.715056267928507,14.612654509851916,Profit,240,Q2,16742215.994589144,14452205.005410856
490145,VA,U,STH,1,4,2018-11-01,2019-10-31,193.0,1143.0,268.0,5608.0,124.0,45260.0,373.0,66.0,1724.0,124.0,982.0,224.0,3609.0,113.0,41245.0,373.0,66.0,1724.0,1981595.0,17444918.0,12510754.0,17444918.0,2161.0,10469292.0,-4310694.0,2973699.0,595553.0,9079688.0,21502142.0,204625.0,44365239.0,57482379.0,28911402.0,120061074.0,139556.0,139556.0,129280318.0,1720106.0,1948253.0,-1340462.0,4405687.0,13737.0,29758330.0,34164017.0,297253.0,168761061.0,60231502.0,-4895155.0,12236.0,6.445248273594212,5.083360575351422,Loss,243,Q0,-4868327.338137404,-26827.661862595938
330270,NY,R,STH,1,2,2018-01-01,2018-12-31,4571.48,19210.0,175.0,47370.0,215.0,78475.0,5892.0,28.0,15772.0,215.0,19210.0,175.0,47370.0,215.0,78475.0,5892.0,28.0,15772.0,9290107.0,545139215.0,53106708.0,545139215.0,108166575.0,129576983.0,-19751059.0,10911847.0,7202085.0,969001732.0,223403.0,1782854.0,694318109.0,59911864.0,494779345.0,545008885.0,272270021.0,404635456.0,1918646073.0,73531108.0,51362334.0,223980518.0,375890768.0,232906164.0,468425924.0,844316692.0,23937115.0,1177443116.0,1185892139.0,88886391.0,46215.0,4.781495502987067,22.17894622957914,Profit,185,Q3,64110233.98115622,24776157.018843777
80006,DE,U,STH,1,2,2018-07-01,2019-06-30,765.96,10042.0,5343.0,20103.0,94.0,34310.0,2413.0,1369.0,6414.0,94.0,9145.0,4017.0,16847.0,85.0,31025.0,2413.0,1369.0,6414.0,1439790.0,48530803.0,7930345.0,48530803.0,-1602428.0,48361885.0,-27705702.0,4069113.0,1648216.0,25443291.0,1303811.0,1204616.0,41587934.0,14323264.0,70944251.0,70583119.0,293677.0,56965056.0,152991466.0,3948970.0,6139576.0,3671919.0,17027367.0,46465215.0,46465215.0,63492582.0,14945824.0,210217337.0,146215737.0,3480795.0,24745.0,14.510094157312611,19.810062638916953,Profit,212,Q1,10860531.17138373,-7379736.171383729
140206,IL,U,STH,1,2,2018-10-01,2019-09-30,701.26,7475.0,4254.0,32045.0,173.0,63145.0,1243.0,771.0,6045.0,185.0,6639.0,3408.0,27717.0,161.0,58765.0,1243.0,771.0,6045.0,5361346.0,51685586.0,4002638.0,51685586.0,17781284.0,33902370.0,-19293069.0,1501371.0,1068111.0,58963654.0,4840913.0,3689647.0,53590150.0,29405775.0,58226267.0,35950164.0,7554299.0,12135151.0,107048969.0,8376403.0,2198946.0,10669008.0,21854288.0,15767674.0,42330704.0,64184992.0,10166588.0,276544090.0,118874068.0,-7194667.0,53294.0,11.17786411446982,6.1451570533268285,Loss,240,Q0,-10109961.421262648,2915294.421262648
230072,MI,U,STH,1,2,2018-04-01,2019-03-31,1582.73,8223.0,1590.0,33821.0,189.0,68985.0,2004.0,204.0,8639.0,189.0,8024.0,560.0,29305.0,181.0,66065.0,2004.0,204.0,8639.0,8007127.0,117485297.0,17221319.0,117485297.0,43422249.0,82417125.0,-60347291.0,7096078.0,4543146.0,79469681.0,9257018.0,1317252.0,143598418.0,25857329.0,108912137.0,153459426.0,23704229.0,272548986.0,505478093.0,7447934.0,11982408.0,6242731.0,28940596.0,7884996.0,98997271.0,127937867.0,7425079.0,458313056.0,253748531.0,6401720.0,45040.0,10.830681708610548,16.980461811722915,Profit,197,Q1,27629876.869592883,-21228156.869592883
280013,NE,U,STH,1,2,2019-07-01,2020-06-30,6893.0,50483.0,18218.0,157782.0,559.0,204594.0,8272.0,1279.0,28258.0,569.0,43602.0,7300.0,124323.0,438.0,160308.0,8272.0,1279.0,28258.0,86877335.0,712540182.0,14277095.0,712540182.0,7595024.0,507708124.0,-268637429.0,10605971.0,21471051.0,1292982916.0,15368336.0,10963433.0,254575975.0,473733332.0,500798915.0,559846138.0,194154660.0,212139885.0,2064968939.0,48684740.0,102888407.0,81729171.0,438230482.0,166850622.0,579694074.0,1017924556.0,74140017.0,2590052179.0,1658366512.0,136187896.0,565739.0,10.731588227315882,12.999634106893817,Profit,221,Q3,99057898.4310323,37129997.5689677
150011,IN,R,STH,1,2,2018-07-01,2019-06-30,695.21,7133.0,707.0,19173.0,106.0,38690.0,1858.0,118.0,4850.0,124.0,5968.0,707.0,13514.0,87.0,31755.0,1858.0,118.0,4850.0,6722156.0,46401926.0,13395795.0,65983818.0,8145245.0,61281442.0,-37731576.0,2052978.0,3064771.0,41388637.0,5191829.0,3353531.0,139652632.0,3509530.0,70915959.0,82804360.0,9715680.0,265002126.0,389195123.0,5196908.0,6172851.0,3192733.0,14562492.0,81183555.0,81183555.0,95746047.0,10130816.0,340836766.0,184202982.0,10721891.0,18625.0,17.06078313582,21.04161073825503,Profit,212,Q1,25167850.006654978,-14445959.006654978
50289,CA,U,STH,1,2,2016-07-01,2017-06-30,777.68,12636.0,1848.0,30270.0,275.0,100375.0,2186.0,881.0,5668.0,435.0,11340.0,1579.0,26918.0,247.0,90155.0,2186.0,881.0,5668.0,10280522.0,109421410.0,6780288.0,109421410.0,8146128.0,270642095.0,-227315764.0,3173045.0,39489441.0,123139908.0,722422.0,1979824.0,61086198.0,48365904.0,109952459.0,25495212.0,10773495.0,10773495.0,159408615.0,9028716.0,12362901.0,178955414.0,201752061.0,100988609.0,100988609.0,302740670.0,24525813.0,1250427382.0,288333270.0,-34994994.0,64580.0,9.050565660353772,17.121399814183956,Loss,131,Q0,-45725415.308630675,10730421.308630675
500141,WA,U,STH,1,1,2017-07-01,2018-06-30,809.0,11663.0,1338.0,35468.0,124.0,45260.0,2348.0,500.0,9586.0,124.0,10698.0,1338.0,30175.0,110.0,40150.0,2348.0,500.0,9586.0,10535556.0,65791942.0,16851888.0,75291075.0,195989.0,147959180.0,-116002429.0,5207368.0,217993.0,39310291.0,7206097.0,2932921.0,55277602.0,18484024.0,100516066.0,95215215.0,12856308.0,66814433.0,201339939.0,5658025.0,7512340.0,13194547.0,26441595.0,4794908.0,4794908.0,31236503.0,18086858.0,941174466.0,205168574.0,55021781.0,49860.0,16.70384038282169,13.557962294424389,Profit,149,Q3,28116198.8707944,26905582.1292056
100035,FL,U,STH,1,4,2018-01-01,2018-12-31,1474.73,24831.0,14044.0,79866.0,295.0,107675.0,4904.0,1247.0,18448.0,295.0,23334.0,12355.0,68957.0,254.0,92710.0,4904.0,1247.0,18448.0,38850541.0,84906216.0,12836600.0,86554518.0,-551948.0,116540574.0,-79658090.0,9205107.0,1680002.0,47965609.0,3202531.0,3020900.0,113973369.0,17902075.0,129593238.0,119161737.0,29315729.0,29315729.0,196443075.0,13442784.0,8487906.0,4653390.0,26584080.0,3836266.0,26793783.0,53377863.0,12264977.0,1952879386.0,279342964.0,11540222.0,39538.0,21.48284126255673,14.768071222621275,Profit,185,Q2,47165218.2642205,-35624996.2642205
180036,KY,U,STH,1,2,2017-09-01,2018-08-31,836.04,11838.0,168.0,28372.0,135.0,49275.0,2777.0,116.0,6679.0,151.0,10054.0,123.0,25393.0,123.0,44895.0,2777.0,116.0,6679.0,9894956.0,53053380.0,6726788.0,53053380.0,52988173.0,52285482.0,-34491961.0,4120181.0,1383842.0,76797689.0,4509318.0,4082646.0,60925714.0,5400222.0,74380801.0,50468651.0,21625869.0,21625869.0,148892209.0,6710863.0,6471251.0,3247036.0,16368359.0,44037447.0,44037447.0,60405806.0,20001852.0,593693151.0,160869760.0,-1787003.0,18594.0,25.74370709382151,18.24244379907497,Loss,170,Q0,-5604500.08417949,3817497.08417949
40084,AR,U,STH,1,4,2017-07-01,2018-06-30,650.9,9034.0,4233.0,19325.0,130.0,47450.0,2280.0,1226.0,5478.0,177.0,7574.0,3736.0,15792.0,114.0,41610.0,2280.0,1226.0,5478.0,5447908.0,40431278.0,4331453.0,40431278.0,-1321484.0,22163550.0,-8623655.0,3057409.0,526178.0,16270758.0,3800000.0,153122.0,10158564.0,3157697.0,10390749.0,24008263.0,1076210.0,1076210.0,41355231.0,4696464.0,2071591.0,798275.0,8490064.0,773055.0,-2548356.0,5941708.0,12103199.0,220883620.0,107470421.0,578778.0,29822.0,9.550542329417471,14.79109382335189,Profit,149,Q1,10206355.005090022,-9627577.005090022
360155,OH,U,STH,1,2,2019-01-01,2019-12-31,1672.26,18254.0,1598.0,51913.0,182.0,66430.0,4495.0,181.0,14977.0,243.0,15478.0,558.0,38849.0,142.0,51830.0,4495.0,181.0,14977.0,23658035.0,119519324.0,-969993.0,120246222.0,18233204.0,97479183.0,-57970030.0,4983816.0,8842676.0,81665858.0,6255346.0,9216800.0,302422825.0,15688568.0,152070321.0,170424210.0,19131061.0,280186055.0,532276123.0,17324043.0,14583804.0,25129427.0,66241778.0,221652817.0,221652817.0,287894595.0,9450420.0,1072466778.0,363644952.0,34464868.0,49713.0,8.647644705690261,21.356586808279523,Profit,235,Q2,23361637.940213665,11103230.059786335
330115,NY,U,STH,1,2,2019-01-01,2019-12-31,734.8,2454.0,329.0,8754.0,101.0,36865.0,671.0,56.0,2303.0,261.0,2089.0,141.0,6649.0,95.0,34675.0,671.0,56.0,2303.0,3667951.0,53794849.0,3768606.0,53794849.0,2693130.0,20222515.0,-6342674.0,2253240.0,3411917.0,22992149.0,735494.0,2697584.0,65109433.0,10667179.0,44300340.0,33579007.0,28293609.0,40624777.0,97195933.0,5786764.0,8045983.0,1884683.0,18771399.0,6048633.0,23695894.0,42467293.0,1248911.0,158586901.0,110211310.0,1817738.0,13149.0,13.346153846153848,17.681953000228155,Profit,235,Q1,6142423.575964801,-4324685.575964801
340127,NC,U,STH,1,9,2016-10-01,2017-09-30,415.83,3029.0,1185.0,7290.0,42.0,15330.0,806.0,708.0,2178.0,122.0,2577.0,694.0,5614.0,36.0,13140.0,806.0,708.0,2178.0,14364685.0,28854712.0,2649444.0,28854712.0,-1982157.0,31437345.0,-18872863.0,1975749.0,416607.0,16449211.0,1790207.0,1707754.0,30741344.0,11418783.0,21295638.0,29353146.0,10555369.0,11016211.0,56818568.0,4618871.0,559162.0,5775234.0,13354377.0,15348947.0,15348947.0,28703324.0,5414759.0,93523477.0,62749693.0,-681719.0,24609.0,16.99639168844096,19.33032630338494,Loss,131,Q0,-2872057.7831805246,2190338.7831805246
100073,FL,U,STH,1,1,2019-07-01,2020-06-30,2332.5,21762.0,1306.0,62715.0,319.0,112362.0,4984.0,1446.0,14419.0,367.0,17993.0,829.0,44492.0,268.0,93696.0,4984.0,1446.0,14419.0,30014293.0,222676718.0,15647430.0,222676718.0,72310075.0,86312954.0,-15220348.0,8540972.0,29853213.0,186733842.0,7419505.0,2088699.0,363273912.0,48712933.0,224121408.0,217424676.0,87931073.0,90616634.0,494775152.0,29719234.0,18941625.0,30727705.0,156202713.0,45923540.0,211413270.0,367615983.0,40801406.0,1203563336.0,513642176.0,-19779262.0,1942273.0,12.713381246699488,16.66887198658479,Loss,221,Q0,-21245091.34243992,1465829.3424399197
200052,ME,R,STH,1,2,2016-10-01,2017-09-30,267.91,4568.0,1367.0,7130.0,43.0,15695.0,639.0,194.0,1295.0,94.0,2385.0,1367.0,4743.0,43.0,15695.0,639.0,194.0,1295.0,1675097.0,28073609.0,2444088.0,28121970.0,13843501.0,10371438.0,-4520001.0,796540.0,409027.0,23832778.0,145224.0,1326972.0,28338371.0,2450472.0,17125272.0,19243933.0,2749932.0,6598185.0,49674896.0,1278004.0,2778684.0,779966.0,5843877.0,1095056.0,8376139.0,14220016.0,4048489.0,29686270.0,51504388.0,8249633.0,4665.0,16.440524649479872,18.885316184351556,Profit,131,Q1,7459111.033946026,790521.9660539739
110046,GA,U,STH,1,4,2015-10-01,2016-09-30,279.68,3324.0,786.0,9705.0,77.0,28182.0,860.0,247.0,2669.0,77.0,2652.0,252.0,7299.0,69.0,25254.0,860.0,247.0,2669.0,24962720.0,16719233.0,2649176.0,16719233.0,-1027277.0,31898277.0,-20963694.0,1518123.0,387879.0,11920563.0,2790000.0,650000.0,28548890.0,183198.0,5084413.0,33783464.0,1921059.0,1921059.0,47625086.0,1230823.0,1274333.0,1340991.0,1104059.0,761400.0,761400.0,1865459.0,6636718.0,300528987.0,47516123.0,3399324.0,24638.0,17.724656555896313,13.097654030359609,Profit,213,Q1,10099090.474885559,-6699766.474885559
100161,FL,U,STH,1,4,2017-06-01,2018-05-31,810.74,14935.0,2030.0,50496.0,208.0,75920.0,3222.0,344.0,11108.0,221.0,11540.0,1479.0,41144.0,180.0,65700.0,3222.0,344.0,11108.0,31415346.0,55092263.0,3115652.0,55042838.0,4820.0,75334088.0,-46039352.0,4763825.0,609990.0,34665475.0,16888106.0,1806716.0,18531033.0,13818682.0,42169658.0,44078348.0,8920316.0,8920316.0,87664139.0,4395511.0,5174510.0,47966.0,14856294.0,120522.0,-53729409.0,-38873115.0,20213109.0,1296828734.0,169168326.0,31018968.0,54980.0,15.838503632936185,12.1498726809749,Profit,147,Q2,27548893.13109108,3470074.8689089194
490141,VA,U,STH,1,4,2018-05-01,2019-04-30,409.42,8836.0,1077.0,21540.0,105.0,38325.0,2092.0,208.0,6000.0,133.0,8355.0,1077.0,19107.0,93.0,33945.0,2092.0,208.0,6000.0,9097800.0,32773854.0,7926786.0,32790085.0,1913.0,27359024.0,-13056673.0,3042073.0,878028.0,24272766.0,5450717.0,10592421.0,50486650.0,61499495.0,31538012.0,81227302.0,1451470.0,1451470.0,106951538.0,4952577.0,2924127.0,1025089.0,9781825.0,2755704.0,219434444.0,229216269.0,11268971.0,424873933.0,104863561.0,4494660.0,30285.0,7.359782030834662,10.804028396896154,Profit,204,Q1,28084977.281701308,-23590317.281701308
50492,CA,U,STH,1,2,2019-09-01,2020-08-31,1655.0,21590.0,8491.0,72684.0,208.0,76128.0,3648.0,1272.0,15226.0,208.0,19551.0,3161.0,56203.0,176.0,64416.0,3648.0,1272.0,15226.0,16398146.0,132866915.0,15218867.0,132866915.0,5488.0,311540491.0,-241033334.0,4369221.0,1467408.0,143835824.0,3603753.0,13405826.0,620706143.0,9434658.0,130498064.0,575954976.0,10057997.0,10057997.0,729848797.0,12306811.0,14548274.0,15661677.0,48453251.0,35678330.0,344219267.0,392672518.0,39346094.0,1595483397.0,427587629.0,32205321.0,990204.0,20.787430702912665,12.232731841115568,Profit,220,Q2,37070029.527957745,-4864708.527957745
50122,CA,U,STH,1,2,2018-01-01,2018-12-31,502.0,4467.0,1490.0,13298.0,170.0,62050.0,1106.0,282.0,3523.0,170.0,3643.0,1122.0,10888.0,146.0,53290.0,1106.0,282.0,3523.0,10769224.0,44149899.0,2709679.0,44149899.0,6460803.0,98458316.0,-82477692.0,3436632.0,2272444.0,68693324.0,5273787.0,7400802.0,93510449.0,4971074.0,100257833.0,61367042.0,360307.0,4736829.0,134797195.0,11265667.0,4385474.0,3903863.0,19555004.0,10053820.0,10055420.0,29610424.0,3409407.0,820739439.0,167100853.0,-15523703.0,52646.0,8.510760182550746,11.41587205105801,Loss,185,Q0,-7160398.0484268535,-8363304.9515731465
260011,MO,U,STH,1,1,2019-01-01,2019-12-31,739.59,8576.0,3695.0,25276.0,167.0,60955.0,2186.0,983.0,6588.0,167.0,7520.0,3383.0,21223.0,154.0,56210.0,2186.0,983.0,6588.0,7581527.0,54222818.0,6772839.0,47185187.0,27904653.0,44678201.0,-22491483.0,4080027.0,781287.0,55960329.0,1292390.0,18391.0,95388438.0,60579.0,45069856.0,76481008.0,5064084.0,5064084.0,137505421.0,7881625.0,5541203.0,4601027.0,21727917.0,-149438.0,197195510.0,218923427.0,4113242.0,291145954.0,172827659.0,-3947821.0,30120.0,9.6549306745599,13.671978751660028,Loss,235,Q0,-14659769.484657316,10711948.484657316
410004,RI,U,STH,1,4,2017-01-01,2017-12-31,806.0,7243.0,1675.0,26440.0,148.0,54020.0,1786.0,223.0,6921.0,160.0,6520.0,1596.0,24213.0,134.0,48910.0,1786.0,223.0,6921.0,6804489.0,69806325.0,6205935.0,69806325.0,3691186.0,54992505.0,-40608007.0,3839077.0,959650.0,30309595.0,2232000.0,436755.0,6094507.0,5828560.0,10735792.0,28274453.0,1334255.0,5352257.0,63936305.0,10250238.0,8114161.0,1058463.0,19536449.0,1608221.0,1608221.0,21144670.0,4228070.0,353901980.0,173417642.0,5577107.0,633704.0,16.683379251846056,14.48184010200346,Profit,142,Q1,13203595.174959635,-7626488.174959635
370025,OK,R,STH,1,4,2016-10-01,2017-03-31,779.93,9210.0,3329.0,17571.0,264.0,48048.0,1772.0,684.0,3571.0,320.0,7712.0,2191.0,14262.0,240.0,43680.0,1772.0,684.0,3571.0,7796778.0,25157784.0,4902909.0,25157784.0,-425945.0,39942841.0,-18689955.0,5418190.0,757066.0,27601586.0,9274000.0,2418946.0,97780786.0,11049462.0,31764033.0,104309986.0,1844564.0,1844564.0,133756136.0,3718098.0,3943573.0,263211.0,8314504.0,196010.0,11628984.0,19943488.0,12575083.0,190596066.0,74771901.0,-8221869.0,16495.0,27.533783783783782,15.4531676265535,Loss,100,Q0,-10162987.090621457,1941118.0906214565
310005,NJ,U,STH,1,2,2016-01-01,2016-12-31,1442.33,18353.0,989.0,32919.0,170.0,62136.0,3646.0,189.0,9453.0,184.0,16620.0,499.0,28147.0,158.0,57744.0,3646.0,189.0,9453.0,7395667.0,115897380.0,15848285.0,107579148.0,36680718.0,45038618.0,-17637000.0,1533740.0,3452098.0,118717938.0,6796849.0,7557955.0,81611942.0,41224062.0,133953160.0,139855198.0,88800228.0,89013327.0,347586463.0,17950644.0,11332462.0,4307314.0,34359419.0,50434282.0,118172661.0,152532080.0,8608176.0,478263260.0,279819185.0,10998006.0,30669.0,7.54984814472468,16.068342626104535,Profit,152,Q1,19375234.189633988,-8377228.189633988
100176,FL,U,STH,1,4,2018-01-01,2018-12-31,677.0,21241.0,1656.0,47526.0,199.0,72635.0,4518.0,173.0,10297.0,199.0,16266.0,1233.0,35939.0,155.0,56575.0,4518.0,173.0,10297.0,20525917.0,56484461.0,8541653.0,56484461.0,1152579.0,93220911.0,-64602416.0,7090210.0,645803.0,42903502.0,9194741.0,715631.0,102654632.0,6265148.0,67506573.0,128214139.0,58344994.0,62585790.0,233703431.0,10144776.0,1554699.0,4758900.0,19290883.0,98317.0,361964.0,19652847.0,10462509.0,1506210957.0,194006523.0,23307979.0,35597.0,8.142824807605251,22.892378571227912,Profit,185,Q2,27773076.297628842,-4465097.297628842
180025,KY,U,STH,1,1,2019-07-01,2020-06-30,239.62,2967.0,143.0,7192.0,40.0,14640.0,826.0,45.0,2114.0,52.0,2686.0,111.0,5949.0,36.0,13176.0,826.0,45.0,2114.0,5152556.0,17847668.0,2573478.0,17847668.0,112287494.0,24339398.0,-15490269.0,1772110.0,95310.0,123483563.0,2846461.0,2040487.0,22390094.0,13131438.0,23789783.0,31173008.0,1880275.0,1880275.0,156536846.0,1110837.0,1545992.0,18983051.0,24560818.0,983893.0,983893.0,25544711.0,4714030.0,208001889.0,67854757.0,13634309.0,45915.0,7.7386581048094465,15.944680387672877,Profit,221,Q2,10995411.227294927,2638897.7727050725
160082,IA,U,STH,1,1,2017-01-01,2017-12-31,2702.68,47191.0,33464.0,130743.0,456.0,165247.0,9388.0,5503.0,30907.0,479.0,42474.0,20245.0,98182.0,367.0,133032.0,9388.0,5503.0,30907.0,14113953.0,217172247.0,13936250.0,217172247.0,2718403.0,397450628.0,-286302803.0,14621666.0,3831680.0,159261491.0,12490628.0,13044932.0,306824699.0,225824080.0,245203643.0,269218945.0,5202968.0,679905754.0,1108386190.0,27350630.0,20436045.0,55365346.0,103422971.0,127435360.0,129758102.0,233181073.0,22257908.0,1645154917.0,476762692.0,154435773.0,6160.0,22.313641599473424,9.675324675324676,Profit,142,Q3,54046992.573762685,100388780.42623731
50549,CA,U,STH,1,4,2018-01-01,2018-12-31,1181.35,36202.0,2716.0,74510.0,287.0,104755.0,6748.0,395.0,15484.0,327.0,33240.0,2033.0,60586.0,241.0,87965.0,6748.0,395.0,15484.0,6350694.0,133696982.0,19252030.0,134060580.0,11487.0,99698464.0,-12918127.0,10858006.0,1222839.0,98828067.0,9513726.0,3965751.0,110229651.0,109267766.0,81371011.0,178898526.0,42411581.0,46026581.0,323753174.0,14554936.0,13711005.0,38266.0,34582145.0,532945.0,-72103059.0,-37520914.0,22761886.0,2657324675.0,382812638.0,97073739.0,43342.0,7.45109252507923,19.648378016704353,Profit,185,Q3,70221348.59183642,26852390.408163577
500084,WA,U,STH,1,11,2016-01-01,2016-12-31,239.5,1314.0,159.0,3877.0,27.0,9882.0,389.0,33.0,1178.0,27.0,866.0,99.0,3156.0,23.0,8418.0,389.0,33.0,1178.0,4763442.0,20436016.0,2038658.0,20436016.0,684939.0,15149657.0,-9099167.0,910701.0,534722.0,8773178.0,1878610.0,1145661.0,23142515.0,2446962.0,16946332.0,13542998.0,78260.0,113510.0,22429686.0,4690591.0,2371135.0,354889.0,8212051.0,18053862.0,18488092.0,26700143.0,850989.0,74608684.0,46254369.0,1114977.0,29539.0,7.620711924932569,9.743051558955957,Profit,152,Q1,2949846.8180144285,-1834869.8180144285
330215,NY,R,STH,1,2,2017-01-01,2017-12-31,677.4,5196.0,1791.0,12611.0,79.0,28835.0,1072.0,480.0,2982.0,171.0,4621.0,1298.0,10100.0,69.0,25185.0,1072.0,480.0,2982.0,5049192.0,40271480.0,40406.0,40271480.0,5465933.0,15030681.0,-7784074.0,1807890.0,3086863.0,19462426.0,233814.0,948045.0,45865858.0,3308300.0,34873690.0,30301711.0,6267737.0,7288956.0,57053093.0,6349851.0,4646973.0,6513738.0,19589161.0,12505193.0,12783589.0,32372750.0,1861806.0,212465264.0,83099330.0,-3157163.0,42295.0,16.78645663770003,17.538716160302638,Loss,142,Q0,-3381471.393806386,224308.3938063858
490126,VA,R,STH,1,4,2018-03-01,2019-02-28,1472.78,3506.0,178.0,5538.0,95.0,34675.0,913.0,78.0,1494.0,110.0,2958.0,178.0,3918.0,85.0,31025.0,913.0,78.0,1494.0,3067021.0,12161312.0,1884180.0,12161312.0,2847.0,9261045.0,-3827207.0,1138233.0,324941.0,6476912.0,617421.0,486131.0,24874321.0,14811954.0,18868230.0,16335465.0,254858.0,254858.0,23067235.0,842048.0,1260845.0,153316.0,1678315.0,213746.0,-77838810.0,-76160495.0,2471294.0,159745444.0,35765268.0,3143006.0,207.0,25.120772946859905,32.850241545893724,Profit,197,Q1,4401531.601188184,-1258525.6011881838
520100,WI,U,STH,1,2,2016-01-01,2016-12-31,1301.0,8646.0,1182.0,18246.0,103.0,37698.0,1877.0,290.0,4150.0,103.0,7461.0,900.0,14997.0,91.0,33306.0,1877.0,290.0,4150.0,13034255.0,93988449.0,9321148.0,93988449.0,22760348.0,48849923.0,-13108000.0,4430933.0,985580.0,67132686.0,8100877.0,6300943.0,121649868.0,41231969.0,63931169.0,107876338.0,23628436.0,94919574.0,269928598.0,11358859.0,5696158.0,11907488.0,33082217.0,28360187.0,112945021.0,146027238.0,3296357.0,526771338.0,226410249.0,10357406.0,48764.0,21.0818750798314,14.611188581740628,Profit,152,Q1,15099889.892143764,-4742483.892143764
330030,NY,U,STH,1,2,2016-01-01,2016-12-31,674.1,6661.0,756.0,18017.0,104.0,38064.0,1483.0,159.0,4973.0,300.0,5883.0,475.0,15167.0,96.0,35136.0,1483.0,159.0,4973.0,2055827.0,45902163.0,3270909.0,45902163.0,6845166.0,10201737.0,-3429651.0,117394.0,1676063.0,35371093.0,56981.0,1400915.0,63355186.0,1833725.0,31385710.0,33563052.0,51066869.0,51066869.0,120001014.0,3333853.0,2562309.0,10026351.0,18095170.0,27899565.0,39502565.0,57597735.0,2503404.0,189127043.0,94906785.0,8436990.0,13740.0,18.562964074101853,17.409024745269285,Profit,152,Q1,5812916.092566809,2624073.9074331913
110025,GA,U,STH,1,8,2016-05-01,2017-04-30,1173.34,24850.0,5014.0,61653.0,300.0,109500.0,4343.0,796.0,11538.0,300.0,21728.0,2965.0,51426.0,276.0,100740.0,4343.0,796.0,11538.0,32845326.0,69564634.0,14783924.0,69564634.0,30888077.0,121681723.0,-75150001.0,6642826.0,3090402.0,263787224.0,22938558.0,4311942.0,213105232.0,5441300.0,116577966.0,166050135.0,7708906.0,42309726.0,472147085.0,12834947.0,7306449.0,12556746.0,46716294.0,4122180.0,131093728.0,177810022.0,21877803.0,387586192.0,232333887.0,23308934.0,22950.0,34.37739420433548,16.248366013071898,Profit,138,Q2,33389995.184918806,-10081061.184918806
260193,MO,U,STH,1,4,2017-01-01,2017-12-31,414.09,7281.0,844.0,17328.0,73.0,26645.0,1856.0,198.0,4683.0,88.0,6607.0,686.0,15571.0,65.0,23725.0,1856.0,198.0,4683.0,17382268.0,28408092.0,3773773.0,28408092.0,1569062.0,126932883.0,-115111729.0,1256586.0,579730.0,15541912.0,3100000.0,600000.0,12730001.0,3144883.0,17940127.0,28949048.0,74547738.0,74547738.0,119038698.0,2171890.0,1135611.0,3028753.0,8100783.0,27495301.0,67495301.0,75596084.0,3782720.0,287423615.0,79027605.0,1082065.0,24865.0,6.428279525950142,12.197868489845163,Profit,142,Q1,9749409.982718192,-8667344.982718192
360112,OH,U,STH,1,1,2016-01-01,2016-12-31,2205.02,19970.0,4313.0,75020.0,327.0,113164.0,4140.0,799.0,16188.0,327.0,11230.0,1795.0,41583.0,163.0,56642.0,4140.0,799.0,16188.0,16468033.0,150673258.0,30873291.0,150673258.0,-3151550.0,112026584.0,-44922610.0,17775881.0,2134884.0,115338283.0,12354130.0,8641934.0,398995403.0,5546135.0,132906285.0,190579952.0,13214513.0,27105449.0,333023684.0,39736610.0,5977538.0,61025.0,55495461.0,8366528.0,52142780.0,107638241.0,9711500.0,1964698925.0,485908578.0,24401077.0,14951.0,35.638606676342526,9.838806768778008,Profit,152,Q2,68718564.05972569,-44317487.05972569
450809,TX,U,STH,1,4,2019-07-01,2020-06-30,1662.94,19133.0,3396.0,116775.0,386.0,141276.0,4119.0,629.0,22588.0,402.0,17637.0,1482.0,71197.0,293.0,107238.0,4119.0,629.0,22588.0,19835444.0,122045580.0,21786937.0,121723685.0,20402.0,118235922.0,-42524354.0,14548757.0,2225982.0,92843703.0,14990163.0,7693098.0,118218519.0,117903078.0,96063092.0,205190041.0,10081826.0,10081826.0,308115570.0,14237160.0,11561982.0,36369955.0,66974508.0,1238316.0,-792966902.0,-725992394.0,28558069.0,2339341044.0,355612800.0,152088287.0,1250884.0,11.376365986447848,9.836723469162608,Profit,221,Q3,77807040.56984611,74281246.43015389
100213,FL,U,STH,1,4,2018-05-01,2019-04-30,1040.7,27824.0,2696.0,68516.0,355.0,118263.0,5734.0,335.0,13892.0,383.0,24429.0,2045.0,58720.0,312.0,102568.0,5734.0,335.0,13892.0,20870594.0,70866588.0,11627057.0,73953570.0,38586.0,79077157.0,-37722212.0,11265522.0,818271.0,54158064.0,2607697.0,2122502.0,51055706.0,32402795.0,68956738.0,62257105.0,10368379.0,10368379.0,126783548.0,6339030.0,5296362.0,137159.0,17958724.0,515483.0,-344491640.0,-326532916.0,32535236.0,1778636311.0,206312429.0,45307369.0,35172.0,9.166304190227637,34.58432844307972,Profit,204,Q3,53157865.65581145,-7850496.655811451
350006,ND,R,STH,1,2,2018-07-01,2019-06-30,2224.35,13404.0,6331.0,33344.0,152.0,55480.0,2809.0,1194.0,7128.0,430.0,11724.0,3409.0,24005.0,117.0,42705.0,2809.0,1194.0,7128.0,21158969.0,224669830.0,14915511.0,224669830.0,72061655.0,183577483.0,-127530781.0,9964280.0,6939265.0,149254858.0,9850585.0,3806420.0,57688456.0,79631205.0,164946586.0,181433279.0,960406.0,437205078.0,767893215.0,42596341.0,26228294.0,42647.0,82331687.0,9802443.0,439899585.0,522231272.0,21813461.0,748103100.0,498319173.0,22045888.0,68812.0,9.462130514210417,12.23042492588502,Profit,212,Q2,38642624.93454316,-16596736.934543163
110006,GA,R,STH,1,2,2017-07-01,2018-06-30,977.84,11730.0,2838.0,40446.0,164.0,59128.0,2947.0,407.0,9218.0,267.0,7230.0,1848.0,23201.0,96.0,34308.0,2947.0,407.0,9218.0,11478997.0,65241825.0,9940953.0,65241825.0,32025539.0,67256216.0,-37720789.0,6397895.0,1239581.0,70702298.0,2559328.0,3443386.0,90746864.0,43484228.0,104479611.0,61946668.0,43818255.0,43818255.0,176467221.0,12863667.0,8356294.0,4079075.0,26392625.0,14216847.0,14755455.0,41148080.0,19721168.0,553606316.0,157388734.0,52241890.0,43716.0,24.29088362320532,13.445877939427213,Profit,149,Q3,26347118.285614274,25894771.714385726
70008,CT,U,STH,1,2,2015-10-01,2015-12-30,504.73,1197.0,413.0,2327.0,81.0,7371.0,220.0,119.0,590.0,101.0,1075.0,387.0,2084.0,74.0,6734.0,220.0,119.0,590.0,715449.0,6441030.0,627031.0,6441030.0,3535227.0,14786035.0,-6255473.0,1576871.0,1370970.0,15261952.0,406997.0,1568864.0,24162114.0,12613011.0,27288155.0,20534704.0,9122931.0,17237589.0,53034245.0,9320065.0,450905.0,15638405.0,26665933.0,7194107.0,24385382.0,51051315.0,1513751.0,27237686.0,17797968.0,-2409022.0,12626.0,10.64693244211029,13.472200221764613,Loss,0,Q0,-3746479.918892328,1337457.9188923282
360011,OH,R,STH,1,1,2018-07-01,2019-06-30,1161.91,10461.0,2168.0,24828.0,174.0,63510.0,2623.0,123.0,6479.0,198.0,9309.0,411.0,19996.0,159.0,58035.0,2623.0,123.0,6479.0,9912829.0,77581362.0,1789778.0,75996442.0,9312700.0,66600305.0,-42914818.0,4407192.0,590285.0,41170329.0,4126654.0,6262286.0,94090276.0,36937607.0,83415869.0,72183056.0,28529925.0,235100918.0,348454303.0,5101925.0,8297423.0,-9547541.0,11016111.0,37555339.0,37555339.0,48571450.0,15688120.0,435955661.0,204944538.0,36095086.0,54650.0,16.764416372733983,16.865507776761206,Profit,212,Q3,27320759.56991948,8774326.430080522
170103,KS,U,STH,1,2,2016-07-01,2017-06-30,542.43,4793.0,408.0,9157.0,74.0,27010.0,1095.0,11.0,2327.0,97.0,4160.0,68.0,7232.0,68.0,24820.0,1095.0,11.0,2327.0,3736947.0,37429223.0,4899038.0,37429223.0,225250.0,29419208.0,-20132979.0,1696436.0,2059832.0,34612396.0,1878232.0,3646329.0,43876285.0,6149458.0,40884668.0,39357428.0,139066.0,13271592.0,87241416.0,2043822.0,3536482.0,437381.0,9105666.0,404413.0,10776905.0,19882571.0,6579587.0,123951218.0,75958152.0,-1264636.0,21489.0,12.51365341691599,17.529899018102284,Loss,131,Q0,-2600128.988789412,1335492.9887894122
360211,OH,R,STH,1,1,2018-07-01,2019-06-30,1336.03,12853.0,1789.0,31194.0,171.0,62415.0,3028.0,388.0,7479.0,261.0,11267.0,1505.0,25907.0,151.0,55115.0,3028.0,388.0,7479.0,7538329.0,91850309.0,6053839.0,93956824.0,31633617.0,49530803.0,-15096000.0,3806818.0,1511729.0,73465094.0,7810022.0,470928.0,40539966.0,833191.0,21604562.0,47983198.0,6605561.0,155768420.0,277216712.0,13548831.0,8152254.0,1010000.0,23150894.0,-1720284.0,-1720284.0,21430610.0,19047270.0,490361433.0,226820791.0,14151551.0,18103.0,25.31082398829839,17.588245042258187,Profit,212,Q2,20740979.36694383,-6589428.366943829
380052,OR,R,STH,1,1,2018-07-01,2019-06-30,335.36,2072.0,1815.0,5472.0,44.0,16060.0,656.0,571.0,1934.0,44.0,1812.0,1097.0,3718.0,36.0,13140.0,656.0,571.0,1934.0,2537759.0,23818295.0,3490733.0,23818295.0,20079442.0,14963383.0,-2551723.0,1643245.0,144086.0,35073161.0,1096460.0,297193.0,40528167.0,1991064.0,20214976.0,39310119.0,706818.0,1212472.0,75595752.0,5351747.0,2732400.0,2157660.0,10926347.0,702969.0,20234475.0,31160822.0,4153785.0,108175948.0,76980272.0,5619291.0,19400.0,23.87047715607376,16.010309278350515,Profit,212,Q1,3277231.3682265393,2342059.6317734607
520013,WI,U,STH,1,2,2018-07-01,2019-06-30,799.96,14284.0,2998.0,32744.0,168.0,61320.0,2842.0,461.0,7013.0,192.0,11305.0,2594.0,28350.0,146.0,53290.0,2842.0,461.0,7013.0,3750491.0,54919051.0,10418886.0,54919051.0,124548.0,46823831.0,-29972222.0,5140667.0,887929.0,51512654.0,1601504.0,3648295.0,99222791.0,52487687.0,113372932.0,96226787.0,30363940.0,539148212.0,686887653.0,9494144.0,8016014.0,835160.0,42472987.0,27560727.0,49300074.0,91773061.0,22156163.0,258797299.0,197360247.0,-14374860.0,40874.0,13.473684210526317,16.570435973968785,Loss,212,Q0,-13349353.374468077,-1025506.625531923
110002,GA,R,STH,1,2,2017-01-01,2017-12-31,530.29,3663.0,1109.0,10908.0,88.0,36865.0,909.0,303.0,2847.0,88.0,2134.0,512.0,6106.0,67.0,29200.0,909.0,303.0,2847.0,20580909.0,32667651.0,6281294.0,32268066.0,2336387.0,43429601.0,-32309183.0,2416782.0,1389311.0,19448085.0,1922815.0,896431.0,66911788.0,13159449.0,46868799.0,58029746.0,48927290.0,158861767.0,236339598.0,2167631.0,2026380.0,815331.0,7903724.0,46524462.0,57000310.0,64904034.0,1813487.0,212255514.0,81545976.0,2595886.0,22739.0,24.49625011294841,17.648093583710807,Profit,142,Q1,12407720.62793051,-9811834.62793051
50231,CA,U,STH,1,2,2017-01-01,2017-12-31,2767.47,14077.0,24405.0,101848.0,388.0,141620.0,3228.0,6910.0,22199.0,388.0,11257.0,11127.0,64323.0,285.0,104025.0,3228.0,6910.0,22199.0,20712948.0,252159920.0,30492125.0,252159920.0,35982859.0,349176048.0,-260306300.0,4233371.0,3440724.0,312221962.0,15351756.0,18399371.0,208725690.0,136774463.0,327614167.0,241514860.0,63677759.0,69495619.0,623232441.0,54766127.0,45493008.0,154282.0,97279899.0,26641353.0,69059120.0,166339019.0,9583396.0,3462240706.0,591939596.0,70043684.0,49492.0,21.602744761671364,10.698698779600743,Profit,142,Q3,41115150.73247281,28928533.267527193
330188,NY,U,STH,1,1,2019-01-01,2019-12-31,706.2,5407.0,2633.0,32639.0,175.0,63875.0,906.0,164.0,4435.0,175.0,4810.0,2529.0,29733.0,163.0,59495.0,906.0,164.0,4435.0,2366383.0,55600211.0,3960471.0,56080238.0,13230120.0,13420618.0,-3985116.0,2198223.0,94408.0,25983286.0,1227100.0,772005.0,38695457.0,13882380.0,21449633.0,26799177.0,4501669.0,10498682.0,63281145.0,3348222.0,5937448.0,14659638.0,23945308.0,17352334.0,22665737.0,46611045.0,1870479.0,102073982.0,108089085.0,-8870569.0,10922.0,6.185954686471749,28.575352499542205,Loss,235,Q0,-11105147.883879818,2234578.883879818
390222,PA,U,STH,1,2,2016-07-01,2017-06-30,940.41,19297.0,447.0,44260.0,204.0,74460.0,3867.0,68.0,10399.0,227.0,17781.0,284.0,37834.0,182.0,66430.0,3867.0,68.0,10399.0,6748129.0,68143408.0,11420955.0,68072121.0,-7993031.0,58736643.0,-36663467.0,2632899.0,1114394.0,14561531.0,3398590.0,1840317.0,177943688.0,564682.0,77149200.0,121514515.0,45437523.0,48343690.0,184419736.0,3682076.0,8422539.0,4221332.0,20116785.0,58262935.0,104023695.0,124140480.0,27208983.0,878298583.0,194892255.0,1315303.0,35513.0,3.5027432861680627,21.547039112437695,Profit,131,Q1,15984839.869990986,-14669536.869990986
160024,IA,U,STH,1,1,2016-01-01,2016-12-31,652.04,14391.0,12637.0,35804.0,164.0,59819.0,2704.0,2288.0,7524.0,192.0,13456.0,11648.0,33066.0,151.0,55061.0,2704.0,2288.0,7524.0,5394746.0,46447137.0,2227534.0,46447137.0,450537.0,378991180.0,-275915290.0,14513633.0,3886554.0,145590550.0,12490628.0,12112291.0,286354719.0,216526403.0,240818585.0,262347537.0,16092466.0,617647521.0,1025585608.0,35631972.0,19872733.0,47731124.0,103492119.0,133191910.0,135785602.0,239277721.0,4600949.0,374315290.0,102192772.0,24472228.0,17443.0,19.93999399939994,11.8041621280743,Profit,152,Q2,32522070.484477907,-8049842.484477907
330340,NY,U,STH,1,2,2016-01-01,2016-12-31,873.6,8994.0,940.0,18501.0,94.0,34404.0,2176.0,219.0,4601.0,94.0,7979.0,900.0,15358.0,86.0,31476.0,2176.0,219.0,4601.0,5000000.0,71675443.0,7541264.0,71675443.0,8256239.0,26957612.0,-8384985.0,2806449.0,904026.0,45022450.0,5272763.0,1080719.0,86892858.0,15755545.0,93491365.0,63712724.0,14317481.0,14317481.0,123052655.0,17597179.0,3823316.0,15287172.0,41888813.0,14293166.0,52178907.0,94067720.0,5025788.0,403668125.0,155254330.0,3887696.0,10702.0,8.36509332551549,26.210054195477483,Profit,152,Q1,13605876.001073338,-9718180.001073338
420030,SC,R,STH,1,4,2016-01-01,2016-12-31,342.44,7125.0,1302.0,16835.0,102.0,37332.0,1554.0,219.0,3930.0,135.0,6278.0,1078.0,14377.0,94.0,34404.0,1554.0,219.0,3930.0,9326663.0,23196119.0,2930886.0,23196119.0,9081.0,20507481.0,-12111295.0,2185739.0,634850.0,10799577.0,779770.0,1206166.0,17339096.0,12512971.0,23938887.0,18514189.0,342838.0,342838.0,29656604.0,1588013.0,2130190.0,35732.0,4281035.0,30042.0,22410967.0,26692002.0,2048279.0,285994561.0,71363267.0,312214.0,21970.0,21.567521849450237,17.25989986345016,Profit,152,Q1,8294786.333165966,-7982572.333165966
250099,MS,R,STH,1,9,2018-10-01,2019-09-30,696.14,10114.0,5631.0,20113.0,173.0,63145.0,2197.0,1540.0,5383.0,193.0,8514.0,4086.0,16200.0,164.0,59860.0,2197.0,1540.0,5383.0,18265956.0,50371978.0,5997080.0,50371978.0,-978126.0,75411091.0,-61563392.0,2487537.0,2194160.0,17577504.0,292685.0,1113969.0,24477717.0,3582686.0,-44206455.0,41331585.0,-5582965.0,-593344.0,58315745.0,8004169.0,2379895.0,4547429.0,16626120.0,7275.0,1904430.0,18530550.0,16422322.0,249337170.0,116076697.0,-6367254.0,29222.0,36.75179997850772,13.80808979535966,Loss,240,Q0,-13729976.70309021,7362722.7030902095
330030,NY,U,STH,1,2,2019-01-01,2019-12-31,653.92,5951.0,530.0,19515.0,101.0,36865.0,1359.0,205.0,5082.0,297.0,5169.0,309.0,16130.0,93.0,33945.0,1359.0,205.0,5082.0,1323620.0,55164818.0,3242637.0,55109362.0,4212431.0,10879672.0,-3060293.0,95881.0,866327.0,35831406.0,56981.0,1623862.0,70997634.0,1767935.0,33726640.0,32298025.0,59282272.0,59282272.0,127411703.0,3266970.0,3063013.0,4299160.0,13711787.0,22011379.0,31203519.0,44915306.0,2474968.0,165577149.0,103936767.0,8189642.0,13938.0,13.641048292108362,21.18668388577988,Profit,235,Q1,5174303.481073448,3015338.5189265516
50283,CA,U,STH,1,2,2016-09-01,2017-08-31,1062.14,11643.0,2837.0,28688.0,167.0,60955.0,2570.0,320.0,8796.0,207.0,10086.0,1741.0,21194.0,144.0,52560.0,2570.0,320.0,8796.0,13827462.0,121651791.0,5324246.0,121651791.0,49962905.0,159528435.0,-127684251.0,5983141.0,2184321.0,96802278.0,35524005.0,3805184.0,76697399.0,3292786.0,28655769.0,133192759.0,3077930.0,11902351.0,241897388.0,20431456.0,17626171.0,10595158.0,56508675.0,63608121.0,63608121.0,120116796.0,34891054.0,954355098.0,275944270.0,-7029256.0,50646.0,4.054779272922423,15.944003475101686,Loss,128,Q0,-18106343.39157239,11077087.39157239
230156,MI,U,STH,1,1,2016-07-01,2017-06-30,4058.86,46867.0,5664.0,126676.0,444.0,162060.0,10494.0,1160.0,32237.0,498.0,42287.0,3676.0,104074.0,383.0,139795.0,10494.0,1160.0,32237.0,14422736.0,279604323.0,18049720.0,279604323.0,486837273.0,27121392.0,-157834055.0,8501911.0,2326506.0,1068924300.0,6827182.0,37388938.0,373031021.0,230146781.0,232420632.0,342584767.0,203169908.0,218362909.0,1629871976.0,38428650.0,21429170.0,282208567.0,342997641.0,291687703.0,291687703.0,634685344.0,74484087.0,1458116387.0,774422830.0,111251889.0,361509.0,14.504314567183558,12.476037940964126,Profit,131,Q3,77401105.26588652,33850783.734113485
100189,FL,U,STH,1,4,2016-01-01,2016-12-31,908.6,15178.0,3335.0,67693.0,228.0,83258.0,3380.0,833.0,16402.0,228.0,13003.0,1723.0,51346.0,193.0,70638.0,3380.0,833.0,16402.0,23756330.0,57591599.0,9356017.0,58041647.0,82679.0,40859181.0,-39207412.0,5347936.0,441282.0,7398535.0,5503131.0,1982812.0,40175458.0,40687044.0,55831717.0,77999063.0,25535.0,11708551.0,97106149.0,4234313.0,3737074.0,439888.0,12341208.0,169696.0,-20012975.0,-7671767.0,6379056.0,1655985686.0,181394511.0,34254488.0,53732.0,11.9442836603992,20.592942752921907,Profit,152,Q2,29470229.541686904,4784258.458313096
350019,ND,U,STH,1,2,2016-01-01,2016-12-31,3195.6,26238.0,10120.0,55442.0,253.0,92598.0,4939.0,2663.0,13837.0,299.0,23278.0,10120.0,43079.0,227.0,83082.0,4939.0,2663.0,13837.0,16584609.0,272155361.0,26978415.0,272155361.0,45182106.0,151879647.0,-96513533.0,6973914.0,2410452.0,253343901.0,7360071.0,8579655.0,73829227.0,174004657.0,228231514.0,187152846.0,31315554.0,37773685.0,478270432.0,18380673.0,21218454.0,18134940.0,58709100.0,23673332.0,203949859.0,262658959.0,11864425.0,745482677.0,533359769.0,11833311.0,38191.0,15.856926791731896,13.895944070592549,Profit,152,Q2,27079580.782038484,-15246269.782038484
50006,CA,R,STH,1,2,2017-07-01,2018-03-31,884.84,12843.0,1363.0,24866.0,133.0,36442.0,2273.0,217.0,4922.0,148.0,11964.0,1182.0,21794.0,113.0,30962.0,2273.0,217.0,4922.0,8805194.0,63051538.0,12657118.0,55060534.0,10975677.0,87577320.0,-58501630.0,7103394.0,1172516.0,68606810.0,5131708.0,2130153.0,213259362.0,4573793.0,96769789.0,192658397.0,1479501.0,11259826.0,272525033.0,10608946.0,8781208.0,3432902.0,25633431.0,90684648.0,93813062.0,119446493.0,20235645.0,768391555.0,196708516.0,32319313.0,23467.0,19.294569582678538,15.724208462947969,Profit,134,Q2,25944550.857238684,6374762.142761316
200033,ME,U,STH,1,2,2018-10-01,2019-09-30,3871.61,44553.0,13637.0,106986.0,313.0,114245.0,7813.0,4579.0,18113.0,349.0,37179.0,10099.0,80476.0,246.0,89790.0,7813.0,4579.0,18113.0,38178367.0,349493623.0,29667524.0,349493623.0,150957192.0,168404775.0,-42695539.0,4551198.0,6555532.0,387255797.0,3115186.0,25513126.0,265625902.0,259606763.0,261739944.0,431686334.0,62418479.0,78503872.0,897446003.0,-16338098.0,-38283077.0,-42289236.0,-97256157.0,-104328150.0,-446934264.0,-544190421.0,83799351.0,1246046602.0,879960249.0,48333278.0,44536.0,15.811353547690068,15.573917729477277,Profit,240,Q3,55563077.88293416,-7229799.8829341605
370054,OK,R,STH,1,9,2019-01-01,2019-12-31,255.21,2016.0,269.0,3385.0,48.0,17520.0,493.0,92.0,913.0,48.0,1395.0,193.0,2415.0,39.0,14235.0,493.0,92.0,913.0,7499597.0,21166160.0,2011698.0,21166160.0,7673264.0,18520747.0,-13264761.0,473620.0,227644.0,14828022.0,74234.0,944723.0,24483031.0,7702846.0,22340516.0,25236577.0,1695483.0,1695483.0,41760082.0,1974412.0,2218074.0,1289075.0,6007365.0,-1256698.0,17985725.0,23993090.0,857188.0,81219250.0,45022097.0,1960333.0,20190.0,17.921679037624777,16.805349182763745,Profit,235,Q1,4104582.8290483234,-2144249.8290483234
50301,CA,R,STH,1,1,2016-01-01,2016-12-31,485.87,5711.0,723.0,12853.0,50.0,18300.0,1387.0,234.0,3401.0,50.0,5005.0,368.0,9849.0,42.0,15629.0,1387.0,234.0,3401.0,2697209.0,44894678.0,2177047.0,44921328.0,67614419.0,71810160.0,-57715536.0,2148627.0,1023679.0,102421039.0,1276873.0,1075597.0,38007814.0,1957094.0,37889078.0,44828676.0,9260632.0,9760632.0,157010347.0,11841568.0,3230173.0,12635.0,16856478.0,3408515.0,40317375.0,57173853.0,3015758.0,340328855.0,147004214.0,19146818.0,31941.0,20.733921574873374,15.656992580069504,Profit,152,Q2,17782813.954471294,1364004.0455287062
140122,IL,U,STH,1,1,2017-01-01,2017-12-31,1868.12,16175.0,943.0,49743.0,244.0,89060.0,3695.0,197.0,11065.0,261.0,14502.0,370.0,35528.0,186.0,67890.0,3695.0,197.0,11065.0,8346572.0,98947996.0,22499324.0,98971996.0,56920623.0,160088537.0,-102703765.0,7091767.0,7585249.0,128999994.0,13557010.0,589414.0,318774225.0,45347286.0,128861451.0,158039714.0,5867175.0,19155478.0,306195186.0,13324252.0,2725580.0,34685657.0,62553990.0,1504879.0,133855165.0,196409155.0,8729752.0,727704519.0,312596534.0,9244609.0,18352.0,4.265715069997255,14.614210985178728,Profit,142,Q1,21213059.06207345,-11968450.06207345
450596,TX,U,STH,1,4,2016-12-01,2017-11-30,344.53,4552.0,226.0,10717.0,48.0,17520.0,1230.0,305.0,3089.0,48.0,3775.0,114.0,8198.0,36.0,13140.0,1230.0,305.0,3089.0,29303456.0,46309409.0,4587355.0,46309409.0,120118.0,61408869.0,-38054837.0,2288466.0,557663.0,26594462.0,1180980.0,215629.0,7834149.0,2241962.0,21471430.0,25982222.0,3829638.0,3829638.0,56406322.0,4517856.0,3779551.0,226826.0,-136973011.0,33408.0,33408.0,-136939603.0,1782320.0,730650869.0,108977549.0,24894108.0,23702.0,16.694978004268478,22.031896042528057,Profit,143,Q2,27032636.567083728,-2138528.5670837276
520019,WI,R,STH,1,1,2019-07-01,2020-06-30,413.4,2927.0,811.0,8692.0,63.0,23058.0,748.0,132.0,2220.0,63.0,2681.0,456.0,7416.0,43.0,15738.0,748.0,132.0,2220.0,4431608.0,37682522.0,7985944.0,37682522.0,35528.0,37689417.0,-25975501.0,2386938.0,61670.0,19075121.0,4329508.0,1933815.0,48435416.0,276175.0,27475721.0,44897313.0,2845796.0,2845796.0,66818230.0,2771881.0,2046026.0,31989071.0,36981033.0,1351523.0,3411875.0,40392908.0,3893907.0,184096401.0,111899287.0,186016.0,35480.0,7.959770114942528,25.907553551296505,Profit,221,Q1,10879895.762776462,-10693879.762776462
10055,AL,R,STH,1,4,2016-10-01,2017-09-30,1064.58,23573.0,6220.0,52530.0,235.0,85775.0,4803.0,1372.0,11831.0,235.0,18866.0,4215.0,40306.0,203.0,74095.0,4803.0,1372.0,11831.0,46922135.0,54304706.0,8751315.0,54386492.0,-418583.0,93678791.0,-61432679.0,9797076.0,1110417.0,42918868.0,5323451.0,2520678.0,67000305.0,9607658.0,36819806.0,73286075.0,9740689.0,9740689.0,125945632.0,9374602.0,4442319.0,1223578.0,32923923.0,1441796.0,1548463.0,34472386.0,39940323.0,1659336556.0,187760871.0,11185261.0,104108.0,18.46138921226232,16.524186421792752,Profit,131,Q1,30552909.45422314,-19367648.45422314
140145,IL,U,STH,1,1,2017-07-01,2018-06-30,271.08,1426.0,286.0,4280.0,47.0,17155.0,424.0,78.0,1175.0,47.0,1421.0,202.0,3035.0,43.0,15695.0,424.0,78.0,1175.0,118199.0,15570715.0,2780572.0,15570715.0,1150117.0,24045544.0,-15161484.0,691072.0,83963.0,16620419.0,1634241.0,3893934.0,19308220.0,14661087.0,24378317.0,16901689.0,12699082.0,143346892.0,176869000.0,1725116.0,1594449.0,3825635.0,11518050.0,8744524.0,21785664.0,33303714.0,2155102.0,79976637.0,49285499.0,13571251.0,6279.0,3.002906038101388,15.368689281732758,Profit,149,Q2,5288276.574063563,8282974.425936437
160124,IA,R,STH,1,9,2019-07-01,2020-06-30,203.13,1844.0,607.0,3380.0,44.0,16104.0,456.0,149.0,930.0,44.0,1475.0,382.0,2452.0,41.0,15006.0,456.0,149.0,930.0,585795.0,14032318.0,2893831.0,14032318.0,27470782.0,6605912.0,-2928722.0,847557.0,335338.0,38974189.0,919017.0,816418.0,46360170.0,5437528.0,19230525.0,35893696.0,2870390.0,4413314.0,79281199.0,3218517.0,1693773.0,2476377.0,14000243.0,11697596.0,26343436.0,40343679.0,2403626.0,47477488.0,47173344.0,3329319.0,17260.0,7.526439482961223,26.025492468134416,Profit,221,Q1,3315506.7206485136,13812.279351486359
110129,GA,U,STH,1,4,2017-01-01,2017-12-31,1946.85,27156.0,6706.0,68345.0,312.0,113880.0,5302.0,1000.0,13767.0,325.0,23539.0,6416.0,62235.0,284.0,103660.0,5302.0,1000.0,13767.0,28866066.0,127418153.0,21462214.0,127418153.0,-327909.0,33940169.0,678561.0,8719569.0,1570577.0,48381952.0,11575000.0,2361895.0,125445218.0,68285056.0,29189029.0,220546509.0,6361915.0,6361915.0,275290376.0,11346293.0,9704069.0,1244584.0,24168615.0,316579266.0,316579266.0,340747881.0,10549806.0,690572270.0,319865361.0,-24078200.0,34387.0,21.23657491636833,14.168144938494198,Loss,142,Q0,-23805457.485596634,-272742.51440336555
180010,KY,U,STH,1,1,2016-07-01,2017-06-30,1206.84,29263.0,654.0,62983.0,258.0,94170.0,5451.0,133.0,12775.0,258.0,24168.0,176.0,51401.0,210.0,76650.0,5451.0,133.0,12775.0,8109387.0,77554253.0,15850672.0,77567282.0,9322172.0,91298489.0,-49878941.0,4508730.0,492851.0,125830906.0,8101880.0,821773.0,191285756.0,31918171.0,167598365.0,147966208.0,36788156.0,40424621.0,314221735.0,13480358.0,5986542.0,10238742.0,16700897.0,85006746.0,85006746.0,101707643.0,43794640.0,582986698.0,293969014.0,-8940964.0,26888.0,33.23074584900642,13.489288902112468,Loss,131,Q0,-11361232.299161637,2420268.299161637
490020,VA,U,STH,1,4,2017-01-01,2017-12-31,370.96,7221.0,675.0,14070.0,107.0,39055.0,1584.0,85.0,3343.0,147.0,6316.0,675.0,12354.0,90.0,32850.0,1584.0,85.0,3343.0,9460082.0,28760852.0,4940621.0,28738183.0,81990.0,28146847.0,-16609266.0,2355297.0,400876.0,14426152.0,2311519.0,2398551.0,28758335.0,28510288.0,25588479.0,31921094.0,1506938.0,11006938.0,57354184.0,2214381.0,2873802.0,-331569.0,5456879.0,-26586.0,-21172339.0,-15715460.0,2709210.0,643053714.0,81518185.0,-748559.0,30983.0,19.73640614070611,14.685472678565665,Loss,142,Q0,-4987648.315514851,4239089.315514851
50121,CA,U,STH,1,1,2016-01-01,2016-12-31,1266.89,18657.0,3586.0,49554.0,230.0,85350.0,3771.0,927.0,11534.0,230.0,17256.0,2691.0,42512.0,208.0,77298.0,3771.0,927.0,11534.0,11974675.0,91261634.0,9238325.0,90132612.0,181106242.0,157397171.0,-123691785.0,4523983.0,984982.0,309317373.0,8551446.0,3296089.0,235980998.0,4533635.0,76195641.0,189323740.0,9520001.0,31374337.0,530015450.0,10641615.0,9320986.0,3125584.0,47634387.0,9683163.0,194205464.0,241839851.0,7756860.0,731397076.0,269039392.0,52046029.0,66109.0,19.492561024043013,12.077024308339258,Profit,152,Q3,38649697.10443713,13396331.895562872
520100,WI,R,STH,1,2,2018-01-01,2018-12-31,1231.0,7924.0,723.0,17220.0,103.0,37595.0,1820.0,184.0,4352.0,103.0,6998.0,557.0,14298.0,91.0,33215.0,1820.0,184.0,4352.0,15467452.0,97177395.0,11449657.0,97177395.0,16473136.0,50155894.0,-3915000.0,5585672.0,1289242.0,76736899.0,8100877.0,7699872.0,144126526.0,40816172.0,59868011.0,125264766.0,4152087.0,76511724.0,278513389.0,8567478.0,5979525.0,14591495.0,32225491.0,28749143.0,107754947.0,139980438.0,4439956.0,612250167.0,240757231.0,9614538.0,49191.0,20.820761683721912,14.99664572787705,Profit,185,Q1,18041698.23436034,-8427160.234360341
170146,KS,U,STH,1,4,2017-01-01,2017-12-31,723.85,14052.0,1075.0,33113.0,171.0,62415.0,3509.0,315.0,8746.0,216.0,12559.0,1008.0,28564.0,148.0,54020.0,3509.0,315.0,8746.0,34747291.0,42951228.0,7087445.0,42951228.0,2566078.0,198213873.0,-179443972.0,3555225.0,480554.0,26102319.0,1846000.0,1505954.0,39015263.0,9654653.0,31459543.0,44502145.0,43943414.0,43943414.0,114547878.0,6422811.0,6028317.0,2778432.0,17304685.0,-17064401.0,42935599.0,60240284.0,8373366.0,501039287.0,134407848.0,-4539490.0,13475.0,14.57259775689603,15.042671614100186,Loss,142,Q0,-8097802.6654655095,3558312.6654655095
310041,NJ,U,STH,1,2,2017-01-01,2017-12-31,1954.0,56548.0,5423.0,106500.0,424.0,154760.0,9748.0,818.0,19792.0,449.0,31681.0,2008.0,60577.0,251.0,91615.0,9748.0,818.0,19792.0,11165644.0,135026592.0,12783748.0,135471799.0,8591.0,48343303.0,-12895572.0,6812660.0,1020833.0,338003672.0,198713.0,2202498.0,213684558.0,72957402.0,117065889.0,142881798.0,3274084.0,11885584.0,492771054.0,12635838.0,16898097.0,19313566.0,48865345.0,64498655.0,64498655.0,113364000.0,23813024.0,1506035150.0,352673271.0,28023417.0,26082.0,5.977293405593576,25.396825396825395,Profit,142,Q2,43532232.41265869,-15508815.412658691
100302,FL,U,STH,1,4,2019-01-01,2019-12-31,355.96,5664.0,1404.0,16700.0,84.0,30660.0,1265.0,388.0,4354.0,84.0,4910.0,1404.0,14978.0,76.0,27740.0,1265.0,388.0,4354.0,17583063.0,23338677.0,3501006.0,23338677.0,-25603.0,42440677.0,-26743800.0,2662394.0,364202.0,18799848.0,1300000.0,360000.0,13141155.0,3368505.0,9010753.0,29887755.0,2469531.0,2469531.0,51157134.0,2198947.0,2407882.0,2006347.0,-14143647.0,18847557.0,19321928.0,5178281.0,2104980.0,442051426.0,64091309.0,12946942.0,24995.0,19.369497301902868,17.13542708541708,Profit,235,Q2,10506996.311595134,2439945.6884048656
450638,TX,U,STH,1,4,2018-06-01,2019-05-31,1100.03,10804.0,8531.0,69054.0,288.0,105859.0,2144.0,2546.0,15465.0,312.0,8800.0,4143.0,47942.0,240.0,88339.0,2144.0,2546.0,15465.0,33950546.0,85441229.0,11453426.0,85535585.0,46967.0,146574273.0,-116136450.0,6936837.0,1344045.0,38793782.0,10200712.0,1200826.0,69697122.0,1722822.0,33812278.0,116966431.0,181265597.0,356550558.0,512310771.0,8055568.0,6938932.0,6086151.0,23982904.0,2577890.0,367451646.0,391434550.0,13103344.0,2071110495.0,267546669.0,-45292265.0,40761.0,21.552937689857004,6.386006231446727,Loss,209,Q0,-33466785.752499226,-11825479.247500774
50549,CA,U,STH,1,4,2017-01-01,2017-12-31,1166.64,34759.0,2477.0,72690.0,287.0,104755.0,6666.0,455.0,15170.0,307.0,31537.0,1920.0,58084.0,241.0,87965.0,6666.0,455.0,15170.0,7764850.0,128484353.0,18806672.0,128536353.0,7824.0,85186843.0,-14009480.0,9151907.0,1867360.0,83707305.0,6213726.0,3965751.0,109802018.0,107146566.0,73916937.0,174483873.0,100000.0,46074296.0,304265474.0,13387549.0,13050749.0,37775.0,28455325.0,484344.0,-22552616.0,5902709.0,20254082.0,2446667334.0,375102264.0,97156573.0,43389.0,7.771034154468643,19.150014980755493,Profit,142,Q3,58368931.96281668,38787641.03718332
520097,WI,U,STH,1,1,2017-07-01,2018-06-30,544.94,3627.0,916.0,12649.0,83.0,30295.0,936.0,223.0,3692.0,83.0,3087.0,724.0,10036.0,75.0,27375.0,936.0,223.0,3692.0,3096579.0,34037502.0,6344707.0,34037502.0,-2243794.0,23920288.0,-9339095.0,2704937.0,131559.0,35717191.0,2615741.0,2391340.0,69242424.0,39648260.0,33649536.0,69989993.0,10459193.0,101301121.0,207008305.0,6515584.0,3978336.0,2821.0,24192363.0,12613833.0,26289917.0,50482280.0,5839201.0,247760809.0,117813174.0,8580642.0,27718.0,20.179093567251464,12.295259398224982,Profit,149,Q1,13101658.322994206,-4521016.322994206
320005,NM,U,STH,1,2,2019-07-01,2020-06-30,1450.94,15022.0,3269.0,32889.0,184.0,67344.0,3301.0,1005.0,8648.0,184.0,13974.0,2374.0,27877.0,174.0,63684.0,3301.0,1005.0,8648.0,18115881.0,128745914.0,18211289.0,128745914.0,42132261.0,140430668.0,-103901674.0,4698676.0,2781656.0,153516584.0,8092297.0,5777416.0,184816967.0,4518261.0,166115941.0,134557636.0,11587842.0,120681953.0,408756173.0,22834184.0,23080675.0,22628907.0,68543766.0,280152.0,55178264.0,123722030.0,24280737.0,482236512.0,301501227.0,16081967.0,125608.0,21.74799378721201,14.807177886758804,Profit,221,Q2,29719559.72311522,-13637592.72311522
230072,MI,U,STH,1,2,2019-04-01,2020-03-31,1615.2,7342.0,4962.0,33029.0,189.0,69174.0,1749.0,700.0,8325.0,189.0,7059.0,2891.0,29058.0,181.0,66246.0,1749.0,700.0,8325.0,12464010.0,123480375.0,18197471.0,123480375.0,45927877.0,65200957.0,-47279673.0,7336404.0,4446122.0,80959599.0,9493046.0,1371551.0,151208373.0,25857329.0,121685989.0,155153311.0,35952796.0,262112271.0,498225181.0,13038890.0,12201740.0,8248895.0,36528435.0,4106542.0,106919402.0,143447837.0,7034858.0,459586457.0,260010828.0,-28724695.0,289162.0,7.94243203881758,15.073557383058631,Loss,230,Q0,-15831812.219999477,-12892882.780000523
450668,TX,U,STH,1,4,2019-06-01,2020-05-31,560.0,8325.0,900.0,32250.0,282.0,103212.0,1750.0,53.0,6867.0,306.0,6233.0,587.0,24087.0,248.0,90768.0,1750.0,53.0,6867.0,8759971.0,47289083.0,7543619.0,47289083.0,20106.0,106227565.0,-80391268.0,3022498.0,2866122.0,41351831.0,2424225.0,1529479.0,81706691.0,38817952.0,94985882.0,81164084.0,26699963.0,26699963.0,149215878.0,13036301.0,815363.0,22566153.0,40825769.0,21113734.0,22061666.0,62887435.0,11426724.0,1539221684.0,192919791.0,-4902102.0,836915.0,19.486009969235564,12.181165351320027,Loss,220,Q0,-11599719.842735196,6697617.8427351955
100137,FL,U,STH,1,4,2017-07-01,2018-06-30,732.35,11400.0,2714.0,39217.0,193.0,70445.0,2437.0,1511.0,9429.0,193.0,9794.0,1082.0,32434.0,178.0,64970.0,2437.0,1511.0,9429.0,42165004.0,46204165.0,6465577.0,46060557.0,-557679.0,87519190.0,-62619640.0,5769220.0,999731.0,32304579.0,4500000.0,882893.0,84717697.0,2369403.0,17622784.0,100022410.0,-266270.0,-266270.0,132060719.0,6019897.0,2722450.0,2819979.0,25567887.0,5458359.0,5504943.0,31072830.0,15856622.0,1535060315.0,132091549.0,7086464.0,27428.0,14.532136971250686,16.865976374507802,Profit,149,Q1,26772322.27733737,-19685858.27733737
50678,CA,U,STH,1,2,2019-07-01,2020-06-30,1165.65,11796.0,1585.0,46379.0,222.0,81248.0,2474.0,255.0,11700.0,222.0,9557.0,1012.0,35670.0,189.0,69170.0,2474.0,255.0,11700.0,4417100.0,106934244.0,8621494.0,106934244.0,1832516.0,202221723.0,-150837711.0,7384338.0,1214032.0,188949095.0,16061790.0,2224203.0,155395171.0,13745612.0,112454503.0,129245302.0,6954056.0,6954056.0,325148453.0,14425885.0,13839612.0,33757228.0,64892697.0,19898756.0,19898756.0,84791453.0,23664965.0,1087997791.0,354083347.0,-597150.0,3170345.0,10.139558487693478,14.788358995629814,Loss,221,Q0,-20493129.625950642,19895979.625950642
330079,NY,R,STH,1,2,2018-01-01,2018-12-31,612.8,3393.0,151.0,7534.0,83.0,30295.0,821.0,46.0,2001.0,155.0,2984.0,126.0,6262.0,75.0,27375.0,821.0,46.0,2001.0,1973899.0,52190692.0,3835156.0,52190692.0,12446823.0,15040873.0,-2961406.0,3650630.0,3529309.0,41075760.0,328567.0,1249441.0,86493068.0,11130437.0,43668769.0,66813921.0,17180951.0,19534755.0,127424436.0,7554590.0,6754691.0,4135677.0,21548956.0,2190338.0,33444469.0,54993425.0,1989636.0,161215929.0,110693447.0,5005180.0,7371.0,14.904921700223714,19.766653099986435,Profit,185,Q1,13461592.187924916,-8456412.187924916
50116,CA,U,STH,1,1,2017-07-01,2018-06-30,1467.32,17694.0,7040.0,53968.0,318.0,116070.0,3753.0,1422.0,13040.0,394.0,15495.0,4888.0,44665.0,234.0,85410.0,3753.0,1422.0,13040.0,25630068.0,149587160.0,23157633.0,149587160.0,140896117.0,500240905.0,-421245665.0,7975646.0,5813444.0,283480044.0,1540188.0,458809.0,247119472.0,5313846.0,87170102.0,159326248.0,21410998.0,21410998.0,464217290.0,11817619.0,20136200.0,21880960.0,57624036.0,70513877.0,70513877.0,128137913.0,36733597.0,1827978485.0,431716462.0,15861045.0,10098052.0,15.982992820823982,12.866610312563251,Profit,149,Q2,50146085.185427435,-34285040.185427435
190205,LA,U,STH,1,4,2016-09-01,2017-08-31,515.46,82.0,164.0,37632.0,161.0,58765.0,28.0,57.0,6335.0,161.0,82.0,162.0,14828.0,97.0,35405.0,28.0,57.0,6335.0,2466322.0,32724171.0,4323350.0,32724171.0,23525.0,24117918.0,-3796953.0,2591168.0,892522.0,23662908.0,4139205.0,522884.0,26446898.0,25101937.0,26929494.0,33398246.0,334841.0,335841.0,57396995.0,1973328.0,3579242.0,73937.0,6117315.0,155407.0,73366477.0,79483792.0,132331.0,577567150.0,94130418.0,-2131939.0,38799.0,8.564935743391496,13.608598159746386,Loss,128,Q0,-13470098.766310968,11338159.766310968
360192,OH,U,STH,1,2,2018-01-01,2018-12-31,683.36,9567.0,749.0,26572.0,124.0,45260.0,2378.0,185.0,7102.0,142.0,8647.0,492.0,22200.0,112.0,40880.0,2378.0,185.0,7102.0,2378216.0,43435896.0,11259528.0,43435896.0,453806.0,84684947.0,-56599897.0,4484527.0,109311.0,33373269.0,703086.0,1313832.0,73424464.0,430000.0,52837610.0,36471924.0,120103.0,348757.0,70193950.0,4277130.0,5107073.0,100000.0,10227238.0,1407.0,1407.0,10228645.0,5011807.0,528852890.0,159787290.0,13246653.0,23834.0,7.344030041819578,20.47495174960141,Profit,185,Q2,18513338.07704486,-5266685.0770448595
180017,KY,R,STH,1,2,2015-10-01,2016-09-30,898.92,8420.0,221.0,19312.0,117.0,42822.0,2222.0,57.0,5346.0,133.0,7333.0,109.0,15083.0,103.0,37698.0,2222.0,57.0,5346.0,10806723.0,65777897.0,9183082.0,65777897.0,670383.0,64428306.0,-44121002.0,3297072.0,3527774.0,32482599.0,3091573.0,1997995.0,38932453.0,43187291.0,86923203.0,72598375.0,28288002.0,34885008.0,139965982.0,9415993.0,7589219.0,1475796.0,18545247.0,42981835.0,73573979.0,92119226.0,16424969.0,278453019.0,167099730.0,-7050624.0,30874.0,19.66973452503572,18.25484226209756,Loss,213,Q0,-6345339.280616112,-705284.719383888
50099,CA,U,STH,1,2,2016-01-01,2016-12-31,1711.2,14935.0,1605.0,61745.0,271.0,99186.0,3479.0,960.0,15895.0,271.0,13091.0,1232.0,51203.0,227.0,83082.0,3479.0,960.0,15895.0,11486939.0,130991964.0,12009418.0,130991964.0,6033910.0,161682296.0,-116280947.0,4088831.0,8136587.0,99525924.0,10687528.0,2045420.0,68053696.0,2894987.0,69975889.0,76889138.0,244809077.0,430360409.0,606775471.0,26932041.0,16347417.0,9630307.0,52909765.0,168750286.0,168750286.0,221660051.0,9696782.0,1375363967.0,298159380.0,25373861.0,52951.0,20.321467386123135,12.245283375195935,Profit,152,Q2,42986617.01051746,-17612756.010517463
110192,GA,U,STH,1,4,2018-09-01,2019-08-31,831.2,13364.0,6809.0,47207.0,206.0,75190.0,2644.0,871.0,11229.0,287.0,10460.0,6020.0,39014.0,164.0,59860.0,2644.0,871.0,11229.0,25754419.0,68832140.0,12072206.0,68832140.0,11734.0,60154452.0,-27337118.0,4851288.0,885620.0,38338535.0,9843001.0,3298449.0,64189848.0,65306832.0,76377971.0,84061665.0,1260320.0,72450425.0,194850625.0,6941843.0,6052961.0,401436.0,16685122.0,588487.0,11189840.0,27874962.0,21350683.0,1344785772.0,210909653.0,10301376.0,915046.0,10.676425269645607,9.629024114634674,Profit,235,Q1,26039937.52354546,-15738561.523545459
440104,TN,U,STH,1,11,2018-07-01,2019-06-30,4973.94,48173.0,20679.0,203708.0,674.0,246010.0,9296.0,2509.0,39766.0,674.0,36275.0,20679.0,132399.0,462.0,168630.0,9296.0,2509.0,39766.0,109969779.0,359131795.0,43067819.0,359131795.0,73866358.0,525116131.0,-379198200.0,20942649.0,8624639.0,333710461.0,6111786.0,13815723.0,300973391.0,190199406.0,225991804.0,307089676.0,4014930.0,117466109.0,758266246.0,129099842.0,38912417.0,130403090.0,298415349.0,188140455.0,188140455.0,486555804.0,67930269.0,2568740720.0,1000825813.0,-7607946.0,7470.0,35.386088066368856,4.712182061579652,Loss,212,Q0,-1350717.7917634603,-6257228.20823654
490059,VA,U,STH,1,1,2018-09-01,2019-08-31,2252.18,36009.0,4298.0,98707.0,378.0,137970.0,6603.0,590.0,20006.0,410.0,31354.0,4298.0,68169.0,285.0,104025.0,6603.0,590.0,20006.0,19161913.0,170854129.0,13985436.0,172078902.0,379012152.0,187118234.0,-103473070.0,9820178.0,2553731.0,475100966.0,5497311.0,3435938.0,126972546.0,84416665.0,176922319.0,130096112.0,35317301.0,486083022.0,1091280100.0,20934339.0,62759505.0,11647886.0,95341730.0,203324710.0,203324710.0,298666440.0,65011583.0,1621902485.0,550857248.0,65804577.0,16458.0,6.593607305936073,15.94361404787945,Profit,235,Q3,62991398.482481964,2813178.517518036
450672,TX,U,STH,1,4,2018-02-01,2019-01-31,986.46,17914.0,547.0,49982.0,200.0,64758.0,3447.0,60.0,9488.0,218.0,14426.0,319.0,40149.0,156.0,52065.0,3447.0,60.0,9488.0,11170152.0,73329436.0,13782781.0,74724371.0,140482.0,43626574.0,-7507161.0,11463068.0,1354830.0,49146332.0,4933087.0,1074747.0,83530898.0,60885427.0,127186361.0,131593492.0,37067714.0,37067714.0,217807538.0,13448844.0,7123095.0,1798366.0,25147614.0,6115161.0,-30843908.0,-5696294.0,13705020.0,1790055647.0,247205504.0,13965666.0,18344.0,33.924674016453075,10.902747492368077,Profit,190,Q2,43196099.95892842,-29230433.95892842
100068,FL,U,STH,1,1,2018-01-01,2018-12-31,1864.49,28508.0,2162.0,80635.0,295.0,107675.0,5698.0,307.0,16502.0,327.0,23287.0,1386.0,61906.0,233.0,85045.0,5698.0,307.0,16502.0,14767522.0,120497971.0,15640593.0,120135455.0,170127223.0,123156574.0,-118856418.0,6664440.0,3371663.0,204833526.0,19759071.0,965618.0,238584811.0,10734375.0,87235051.0,249593841.0,21338690.0,28859361.0,483286728.0,3274122.0,8941013.0,5661094.0,35009886.0,1089943.0,127033523.0,162043409.0,14383122.0,1329735938.0,359939528.0,20122601.0,24602.0,23.60855757980946,18.892772945289003,Profit,185,Q2,34537181.97404759,-14414580.974047586
110069,GA,U,STH,1,9,2017-01-01,2017-12-31,1729.91,24227.0,4977.0,63171.0,237.0,86505.0,4488.0,1104.0,12959.0,237.0,19697.0,3962.0,48939.0,205.0,74825.0,4488.0,1104.0,12959.0,21804267.0,88047571.0,15478829.0,87188335.0,4762565.0,77926477.0,-48712193.0,2651027.0,2943725.0,41441526.0,8307279.0,3214024.0,89334685.0,6004248.0,114852361.0,114051045.0,247847870.0,247847870.0,403340441.0,8805778.0,28755789.0,2221731.0,40402321.0,12103393.0,89922674.0,130324995.0,8344655.0,472267470.0,216835520.0,1310409.0,30510.0,27.010808301836747,12.127171419206816,Profit,142,Q1,23396687.87499734,-22086278.87499734
490045,VA,U,STH,1,2,2018-01-01,2018-12-31,722.44,8458.0,3040.0,22302.0,94.0,34310.0,1943.0,847.0,5220.0,126.0,6064.0,1155.0,14775.0,73.0,26645.0,1943.0,847.0,5220.0,10442526.0,63203518.0,13658968.0,64007269.0,16657326.0,55371070.0,-33779962.0,3886651.0,374457.0,43167260.0,2539817.0,8982329.0,145512287.0,38064510.0,112054516.0,93343278.0,5634848.0,9073249.0,145583787.0,3407866.0,7403433.0,-251003.0,-25348034.0,164780518.0,164780518.0,139432484.0,4147054.0,361665585.0,171611161.0,-13997681.0,48509.0,8.283756792165118,9.138510379517204,Loss,185,Q0,-8297009.4173400905,-5700671.5826599095
520198,WI,U,STH,1,2,2016-01-01,2016-12-31,498.2,3457.0,639.0,11834.0,61.0,22326.0,946.0,163.0,3267.0,61.0,2822.0,436.0,8423.0,53.0,19398.0,946.0,163.0,3267.0,2790549.0,30918055.0,5698613.0,31268140.0,159181558.0,50724149.0,-27468490.0,1449924.0,194787.0,184326064.0,1189321.0,1312947.0,77667090.0,2175638.0,35455711.0,69048403.0,954561.0,962576.0,254337043.0,3839275.0,3287643.0,769185.0,7896103.0,101240.0,101240.0,7997343.0,2256532.0,243277766.0,107226604.0,32497713.0,21130.0,4.640569395017794,17.628963558920965,Profit,152,Q2,21890721.59856015,10606991.40143985
260095,MO,U,STH,1,4,2016-04-01,2017-03-31,1113.61,20498.0,5073.0,63984.0,217.0,79205.0,4769.0,1026.0,15404.0,217.0,12996.0,2546.0,39714.0,141.0,51465.0,4769.0,1026.0,15404.0,30886817.0,71732208.0,14472234.0,71759881.0,102667.0,72788662.0,-42660897.0,6566765.0,1643255.0,38766946.0,12787145.0,75031.0,83649270.0,82907981.0,62573013.0,140134093.0,96162338.0,95997681.0,274898720.0,6042262.0,4750795.0,1600.0,12747373.0,167893.0,154240751.0,166988124.0,19427142.0,1619376689.0,244473909.0,34122891.0,14686.0,12.56372651721489,19.726269916927684,Profit,139,Q2,27960588.391855866,6162302.608144134
360020,OH,R,STH,1,2,2018-01-01,2018-12-31,4038.65,29025.0,5849.0,127079.0,584.0,219823.0,6408.0,1189.0,26395.0,653.0,24183.0,4877.0,104594.0,494.0,185673.0,6408.0,1189.0,26395.0,75961972.0,240648683.0,53237227.0,240064162.0,537895612.0,164501005.0,-52296357.0,14570264.0,1485878.0,693718066.0,42131974.0,27119765.0,660669351.0,260161193.0,393615048.0,535590872.0,119363615.0,131690694.0,1360999632.0,32050808.0,10281686.0,4195701.0,63437397.0,82658157.0,668839817.0,732277214.0,12750243.0,4268033644.0,802504078.0,89494297.0,943.0,68.59375,7.317073170731707,Profit,185,Q3,79448715.30880709,10045581.69119291
330055,NY,R,STH,1,2,2017-01-01,2017-12-31,3769.0,50023.0,12779.0,165357.0,463.0,172439.0,7884.0,1987.0,30644.0,479.0,45674.0,10834.0,138234.0,407.0,151999.0,7884.0,1987.0,30644.0,8171691.0,308966241.0,34499748.0,308966241.0,11506120.0,147869645.0,-41257000.0,9895172.0,4156103.0,232949000.0,528519.0,852502.0,449085308.0,39305740.0,181838640.0,258790436.0,99208564.0,124978564.0,616718000.0,61249687.0,14255666.0,48051726.0,132361742.0,238530720.0,396379258.0,528741000.0,23375740.0,1547739695.0,833733885.0,5072305.0,2339280.0,13.709565164765332,14.313720460996546,Profit,142,Q1,34696918.65766676,-29624613.657666758
330158,NY,U,STH,1,2,2017-01-01,2017-12-31,1419.5,26370.0,4663.0,66027.0,286.0,104390.0,4898.0,675.0,13641.0,286.0,25697.0,4083.0,57503.0,237.0,86505.0,4898.0,675.0,13641.0,22262472.0,121342245.0,23572415.0,121342245.0,284894.0,124417303.0,-87235624.0,6270362.0,1588224.0,45703632.0,3290000.0,8403159.0,103926759.0,6081626.0,68862356.0,86238913.0,3275104.0,3275104.0,135217649.0,21184031.0,17728857.0,5079714.0,45933399.0,9944207.0,98598574.0,144531973.0,14334368.0,1509627959.0,303925066.0,-12203543.0,23948.0,6.162810479755019,20.46099883080007,Loss,142,Q0,-15509655.541410793,3306112.5414107926
450558,TX,U,STH,1,4,2019-09-01,2020-10-26,475.1,9638.0,1110.0,26012.0,196.0,82712.0,2091.0,939.0,6168.0,196.0,7440.0,171.0,18331.0,160.0,67520.0,2091.0,939.0,6168.0,23592905.0,56617109.0,9056417.0,56617109.0,79760.0,32642473.0,-18797806.0,3510251.0,1324366.0,18776629.0,4570520.0,2055456.0,68452537.0,7121139.0,25927357.0,71421153.0,3670164.0,3670164.0,93867946.0,2583894.0,3230354.0,1716733.0,27240468.0,-546.0,2823752.0,30064220.0,18165789.0,1023055030.0,143225061.0,3386811.0,137521.0,13.96387130198929,14.469062906756058,Profit,238,Q1,14986189.724251714,-11599378.724251714
450108,TX,U,STH,1,13,2017-10-01,2018-09-30,215.67,1408.0,7.0,3301.0,44.0,16060.0,351.0,2.0,830.0,44.0,1064.0,4.0,2921.0,40.0,14600.0,351.0,2.0,830.0,5913019.0,15262632.0,2138850.0,14917217.0,6606027.0,16244263.0,-12390760.0,1011706.0,226361.0,17518752.0,391293.0,236028.0,22304532.0,351862.0,9301767.0,20643377.0,293980.0,854516.0,39016645.0,1789699.0,1096247.0,2407947.0,5330372.0,11774173.0,11774173.0,17104545.0,2133090.0,80141422.0,37105944.0,1461943.0,23091.0,11.914987823776842,15.91096098046858,Profit,171,Q1,4107860.3229572205,-2645917.3229572205
460017,UT,R,STH,1,4,2018-09-01,2019-08-31,135.44,845.0,147.0,3174.0,40.0,14600.0,293.0,38.0,1082.0,40.0,845.0,105.0,2603.0,40.0,14600.0,293.0,38.0,1082.0,1981723.0,9288416.0,1474369.0,9283445.0,12706.0,9462277.0,-3239854.0,1441614.0,103051.0,7833960.0,222011.0,240031.0,13586299.0,9188060.0,11555059.0,21391498.0,1147378.0,1147378.0,30372836.0,1268867.0,904383.0,61495.0,2644432.0,279430.0,-56429021.0,-53784589.0,2018157.0,85761999.0,24739596.0,12747251.0,26098.0,7.537200357434244,13.924438654303012,Profit,235,Q2,5567955.869225288,7179295.130774712
360218,OH,U,STH,1,2,2017-01-01,2017-12-31,1403.0,9168.0,1431.0,28513.0,219.0,79935.0,2587.0,374.0,8546.0,227.0,6786.0,1061.0,20292.0,181.0,66065.0,2587.0,374.0,8546.0,23977212.0,75774944.0,12095162.0,75741741.0,6334071.0,51962626.0,-24483567.0,4049828.0,3870216.0,55165511.0,1802879.0,2947510.0,107018025.0,23219500.0,88534726.0,85020867.0,1480268.0,26217562.0,166403940.0,10329449.0,17084991.0,65365.0,32570939.0,28935330.0,54759774.0,87330713.0,4925227.0,347957095.0,182223558.0,45387562.0,61813.0,18.317420463180152,16.253862456117645,Profit,142,Q3,15843284.722811922,29544277.277188078
340015,NC,U,STH,1,2,2017-01-01,2017-12-31,876.2,14870.0,5777.0,45417.0,169.0,61685.0,2620.0,1685.0,9060.0,198.0,12828.0,3860.0,37921.0,149.0,54385.0,2620.0,1685.0,9060.0,13897649.0,58598037.0,13626697.0,60264087.0,10045.0,61911180.0,-39769488.0,3855298.0,71072.0,26421382.0,3662094.0,1826279.0,152520657.0,17876206.0,118165095.0,90375664.0,5789648.0,5789648.0,122586694.0,2821890.0,5360978.0,3735849.0,-16722191.0,7132800.0,7132800.0,-9589391.0,5275556.0,505044648.0,201066080.0,-13408026.0,24596.0,22.61167772680711,17.872824849569035,Loss,142,Q0,-10696963.249116598,-2711062.7508834023
140065,IL,U,STH,1,1,2018-01-01,2018-12-31,1102.12,16537.0,176.0,32100.0,159.0,58035.0,3471.0,117.0,7405.0,176.0,14873.0,122.0,28518.0,132.0,48180.0,3471.0,117.0,7405.0,4578416.0,53095319.0,10229787.0,53287223.0,5486832.0,70247142.0,-47288286.0,4098753.0,762589.0,33319233.0,9779429.0,6813116.0,219930363.0,32923482.0,54956265.0,106107865.0,15448265.0,16784562.0,156211660.0,9124870.0,1550509.0,28774228.0,42832164.0,66707.0,112964603.0,155796767.0,8112486.0,434484004.0,168499643.0,-2867289.0,30576.0,5.2566336102921465,18.112244897959183,Loss,185,Q0,-8101779.5403440455,5234490.5403440455
220049,MA,U,STH,1,4,2015-10-01,2016-09-30,399.39,6586.0,2013.0,16151.0,67.0,24522.0,1432.0,319.0,3612.0,67.0,5815.0,1886.0,14501.0,57.0,20862.0,1432.0,319.0,3612.0,3012694.0,31455502.0,3183470.0,31455502.0,18943749.0,27270048.0,-20294765.0,1808948.0,161481.0,35546313.0,224992.0,1158450.0,37014808.0,3069552.0,15095655.0,25025144.0,897025.0,20076586.0,80648043.0,4602814.0,3273072.0,207037.0,15952091.0,8424163.0,24314583.0,40266674.0,11567991.0,177720881.0,84490889.0,8917634.0,39545.0,7.245078211003303,13.420154254646604,Profit,213,Q1,8987002.43391297,-69368.43391297013
450634,TX,U,STH,1,4,2017-01-01,2017-12-31,743.06,19121.0,944.0,45771.0,184.0,67160.0,3720.0,121.0,9241.0,184.0,13944.0,750.0,38131.0,155.0,56575.0,3720.0,121.0,9241.0,25902551.0,52447564.0,7472686.0,53001192.0,40862.0,55337089.0,-28855626.0,7208393.0,370445.0,34019398.0,2859394.0,7890566.0,24498854.0,33868720.0,88546637.0,51018545.0,49001368.0,49422180.0,134460123.0,6519650.0,4153195.0,-361.0,13805080.0,55170.0,95769859.0,109574939.0,8366546.0,1392880263.0,167021108.0,13921457.0,44044.0,7.344514325646401,11.720098083734449,Profit,142,Q2,25667669.134619746,-11746212.134619746
50128,CA,U,STH,1,11,2019-07-01,2020-06-30,1317.17,11254.0,9562.0,52244.0,310.0,113460.0,2302.0,1583.0,10285.0,320.0,9752.0,7371.0,43356.0,262.0,95892.0,2302.0,1583.0,10285.0,29664227.0,137414218.0,9347895.0,137414218.0,47223380.0,94110045.0,-57756844.0,10116828.0,4182486.0,103847163.0,15051555.0,9603664.0,136743460.0,57748097.0,176462289.0,88594470.0,16456030.0,40955159.0,233396792.0,37630642.0,12871151.0,20498683.0,79809779.0,85991273.0,85991273.0,165801052.0,23507784.0,1105016229.0,341257289.0,-12759578.0,3323970.0,10.921035371968166,14.071637228976194,Loss,221,Q0,-12759241.792461393,-336.207538606599
110025,GA,U,STH,1,2,2019-05-01,2020-04-30,1321.21,23744.0,7077.0,68042.0,300.0,109800.0,4305.0,924.0,12685.0,300.0,20844.0,5887.0,57899.0,276.0,101016.0,4305.0,924.0,12685.0,41050411.0,91102904.0,14932258.0,91102904.0,66687555.0,111894814.0,-68275000.0,9285369.0,3348230.0,347962507.0,26670745.0,3963617.0,210067125.0,3635453.0,104475712.0,175585697.0,71699334.0,106430009.0,629978213.0,15594544.0,8310802.0,14882202.0,98069263.0,2950222.0,232692974.0,330762237.0,22003211.0,491566053.0,261546374.0,-15425994.0,85008.0,17.065075428064752,20.265151515151516,Loss,231,Q0,-22216972.0738544,6790978.073854402
390115,PA,U,STH,1,2,2018-07-01,2019-06-30,2547.55,35101.0,6631.0,107230.0,450.0,164250.0,6700.0,1035.0,21588.0,450.0,31445.0,5445.0,94496.0,383.0,139795.0,6700.0,1035.0,21588.0,29668765.0,181881968.0,31684340.0,180215565.0,79260746.0,70957389.0,-11263000.0,6652050.0,3072294.0,775545946.0,23240000.0,4906968.0,174296224.0,22501724.0,82590049.0,220180158.0,29950195.0,126457841.0,1122183945.0,50720498.0,14377229.0,28256047.0,93353774.0,241127432.0,241127432.0,334481206.0,52483464.0,1681869583.0,478077958.0,9952046.0,31668.0,10.570090181957235,19.394972843248706,Profit,212,Q1,66619986.62965274,-56667940.62965274
50492,CA,U,STH,1,2,2016-09-01,2017-08-31,1475.0,19595.0,9562.0,68239.0,208.0,75920.0,3516.0,1444.0,15504.0,208.0,16807.0,2903.0,51176.0,176.0,64240.0,3516.0,1444.0,15504.0,20852044.0,104330280.0,16308447.0,104330280.0,5210.0,189409788.0,-142947555.0,2332536.0,3528651.0,163276612.0,3517982.0,14375178.0,413874285.0,27032510.0,92545533.0,388300384.0,47266253.0,47266253.0,598843249.0,8044214.0,10849859.0,3090072.0,27183349.0,757686.0,330012366.0,357195715.0,34955567.0,1073404940.0,310766857.0,11830007.0,48759.0,6.79868532567129,13.39034844849156,Profit,128,Q2,34845187.366251685,-23015180.366251685
100246,FL,U,STH,1,4,2018-10-01,2019-09-30,1225.47,26046.0,6873.0,91318.0,312.0,113880.0,5053.0,1237.0,17319.0,380.0,21484.0,3453.0,71113.0,255.0,93075.0,5053.0,1237.0,17319.0,37889903.0,88724432.0,10229812.0,89416844.0,20443.0,131178852.0,-82350844.0,10137655.0,414841.0,58897625.0,6725981.0,3343823.0,44930457.0,49217244.0,57438861.0,82572881.0,11583321.0,13177380.0,154647886.0,6856835.0,8454693.0,467021.0,26351876.0,1229070.0,-206200894.0,-179849018.0,49124183.0,2984418859.0,271768496.0,76269788.0,16603.0,35.904773502191915,13.25061735830874,Profit,240,Q3,64428379.92164436,11841408.07835564
240100,MN,R,STH,1,2,2016-07-01,2017-06-30,1141.46,9930.0,5921.0,19126.0,89.0,32485.0,2376.0,2229.0,6312.0,196.0,8741.0,3556.0,14126.0,79.0,28835.0,2376.0,2229.0,6312.0,6664573.0,115158555.0,8920312.0,115158555.0,2430165.0,73386163.0,-38956688.0,5740670.0,487435.0,44626862.0,2136986.0,3750336.0,93773168.0,33825572.0,52012163.0,69385174.0,5421684.0,5421684.0,119433720.0,3337749.0,11270285.0,456839.0,20278837.0,39850210.0,39850210.0,60129047.0,16160285.0,321890308.0,253195270.0,10273462.0,34106.0,15.79759430694628,15.495807189350849,Profit,131,Q1,15907055.826060353,-5633593.826060353
110082,GA,U,STH,1,2,2016-09-01,2017-08-31,1466.97,29378.0,3105.0,68216.0,278.0,101470.0,6442.0,517.0,15082.0,278.0,25121.0,2313.0,57614.0,224.0,81760.0,6442.0,517.0,15082.0,24035974.0,103222123.0,18963800.0,103086816.0,121679638.0,91797278.0,-56050959.0,1649552.0,1789659.0,161452465.0,7278652.0,5860750.0,226929051.0,3969449.0,288898968.0,135418066.0,26997575.0,26997575.0,323868106.0,9495948.0,6567992.0,22510046.0,42711924.0,157788109.0,157788109.0,200500033.0,63610256.0,812654694.0,344370177.0,16375096.0,35973.0,8.770704728918187,12.895782948322354,Profit,128,Q2,24253969.83892631,-7878873.838926312
50245,CA,U,STH,1,9,2019-07-01,2020-06-30,2932.15,10216.0,17313.0,97663.0,366.0,133956.0,1472.0,3423.0,17471.0,456.0,8569.0,9411.0,76268.0,274.0,100284.0,1472.0,3423.0,17471.0,57648010.0,233013883.0,23526393.0,233013883.0,331054341.0,193737886.0,-165713203.0,3833342.0,6799592.0,488792536.0,22074112.0,3494526.0,566237890.0,28413266.0,142902673.0,330353214.0,92583854.0,92583854.0,911729604.0,4303817.0,47179259.0,42071378.0,178447102.0,233204104.0,489190303.0,667637405.0,12449906.0,1388362539.0,771574868.0,24582236.0,2162532.0,14.980888043898174,11.562002319503248,Profit,221,Q2,57328912.68660088,-32746676.68660088
180012,KY,U,STH,1,9,2019-07-01,2020-08-31,2148.02,22773.0,474.0,56335.0,270.0,115560.0,4550.0,84.0,14749.0,300.0,20211.0,398.0,46269.0,250.0,107000.0,4550.0,84.0,14749.0,26732015.0,194879759.0,14914087.0,194879759.0,49400883.0,133426419.0,-90379810.0,7584897.0,1966351.0,110222855.0,13448285.0,4807300.0,125727683.0,57577061.0,87734210.0,121468812.0,10244876.0,93327651.0,325019318.0,13029067.0,14709245.0,30684323.0,96045018.0,37074198.0,37074198.0,133119216.0,31050775.0,756421661.0,466359864.0,-26691607.0,109627.0,11.58192621563687,14.108750581517327,Loss,231,Q0,-18458564.38419248,-8233042.615807518
100156,FL,R,STH,1,4,2017-11-01,2018-10-31,345.18,13721.0,337.0,22216.0,91.0,33215.0,3418.0,98.0,6083.0,91.0,12051.0,288.0,18538.0,73.0,26645.0,3418.0,98.0,6083.0,10266928.0,22858427.0,4919075.0,22962796.0,10137.0,14947185.0,-15137408.0,2976029.0,342456.0,2434126.0,2446326.0,2030214.0,18785721.0,25669689.0,22390323.0,38715658.0,11682140.0,11682140.0,52831924.0,1486303.0,2531476.0,4714.0,7632135.0,26965.0,11961303.0,19593438.0,2053661.0,626659051.0,75594185.0,25477114.0,17114.0,27.07265601447091,18.99614350823887,Profit,180,Q2,15998603.735596433,9478510.264403567
330191,NY,U,STH,1,2,2019-01-01,2019-12-31,1955.2,14846.0,2169.0,44020.0,361.0,131765.0,3109.0,224.0,9779.0,391.0,13009.0,1409.0,39005.0,337.0,123005.0,3109.0,224.0,9779.0,8200446.0,153379549.0,17400042.0,153379549.0,12464353.0,50304070.0,-17728596.0,4453968.0,3921101.0,61095046.0,4911856.0,5150669.0,92595904.0,104922644.0,164538406.0,118127453.0,11192614.0,86519435.0,265741934.0,34434247.0,14299419.0,6620569.0,61689095.0,21397240.0,98015862.0,159704957.0,6174325.0,755238800.0,349782921.0,-24323.0,14358.0,15.769694391264268,15.8935784928263,Loss,235,Q0,-13531754.394277854,13507431.394277854
220074,MA,U,STH,1,2,2018-10-01,2019-09-30,4546.12,67571.0,8965.0,156192.0,835.0,304775.0,14265.0,8247.0,34283.0,867.0,60478.0,5025.0,130183.0,761.0,277765.0,14265.0,8247.0,34283.0,26721905.0,343843754.0,48698694.0,343843754.0,41239689.0,100480059.0,-14985084.0,14533381.0,11556297.0,194604207.0,10196962.0,3086343.0,239387831.0,35406122.0,347965080.0,352241515.0,329903886.0,418596528.0,965442250.0,44708525.0,19266888.0,66094358.0,140910156.0,43529417.0,249218410.0,390128566.0,155870551.0,1338440111.0,821825242.0,76557290.0,30160.0,17.20477967610504,18.53448275862069,Profit,240,Q3,69370493.15570445,7186796.844295546
390042,PA,U,STH,1,2,2018-07-01,2019-06-30,1477.47,8234.0,2005.0,35904.0,214.0,78110.0,2164.0,192.0,8921.0,251.0,7476.0,852.0,30387.0,188.0,68620.0,2164.0,192.0,8921.0,7827746.0,96255808.0,13534773.0,96256113.0,23915123.0,57972397.0,-32380607.0,1467872.0,5947906.0,59089984.0,4380405.0,5999634.0,171655594.0,81829233.0,39162117.0,109541317.0,37763762.0,149150456.0,317781757.0,11199873.0,10930213.0,10141064.0,35201150.0,15440846.0,74170132.0,109371282.0,12456752.0,357936162.0,235784558.0,20952279.0,48813.0,10.72916891585516,21.846639214963226,Profit,212,Q2,20584386.71100805,367892.28899195045
380071,OR,U,STH,1,4,2016-01-01,2016-12-31,403.74,4079.0,1463.0,11800.0,78.0,28548.0,1066.0,287.0,3340.0,88.0,3535.0,906.0,9623.0,67.0,24522.0,1066.0,287.0,3340.0,5455147.0,34193484.0,4452557.0,34193484.0,-1024142.0,23825031.0,-6165047.0,2279139.0,1040202.0,20253584.0,3420000.0,86164.0,26252792.0,5009060.0,12416074.0,46666472.0,1707489.0,1707489.0,68627545.0,3019193.0,4030788.0,2125628.0,9214204.0,192645.0,46997743.0,56211947.0,2573405.0,249139012.0,97730584.0,10077473.0,37986.0,19.121731239860313,17.035223503395986,Profit,152,Q1,11711731.034070697,-1634258.0340706967
50131,CA,U,STH,1,2,2017-01-01,2017-12-31,230.05,4199.0,525.0,6333.0,47.0,17155.0,1097.0,66.0,1830.0,47.0,3642.0,525.0,5061.0,39.0,14235.0,1097.0,66.0,1830.0,1675973.0,28849734.0,5054838.0,28848926.0,37841.0,27911397.0,-20273610.0,996539.0,18366.0,10727191.0,7003673.0,229881.0,51408814.0,2906193.0,25985142.0,34401925.0,883318.0,883318.0,46012434.0,1314619.0,14072884.0,8385629.0,23926466.0,316586.0,15904982.0,39831448.0,3278721.0,175056711.0,81704060.0,-6456309.0,19487.0,9.891633711673771,17.786216451993635,Loss,142,Q0,-3473917.7209792864,-2982391.2790207136
50537,CA,U,STH,1,2,2019-01-01,2019-12-31,376.71,4399.0,1185.0,13351.0,48.0,17520.0,1034.0,284.0,3028.0,48.0,3914.0,724.0,9672.0,42.0,15330.0,1034.0,284.0,3028.0,3347602.0,50230423.0,3974310.0,50210890.0,902.0,52420372.0,-40536406.0,2105091.0,24792.0,23870298.0,1903156.0,4293767.0,42530182.0,2090607.0,23885228.0,24825131.0,6649459.0,6649459.0,55344888.0,3461241.0,5510275.0,1622478.0,10601975.0,396166.0,5166465.0,15768440.0,3088828.0,328614692.0,135261493.0,11490772.0,217352.0,19.079733488830048,12.144355699510472,Profit,235,Q2,17361229.203764334,-5870457.203764334
290003,NV,U,STH,1,4,2018-02-01,2019-01-31,2515.0,36710.0,36419.0,184071.0,584.0,207624.0,6127.0,4765.0,28518.0,626.0,28911.0,23484.0,123687.0,406.0,142654.0,6127.0,4765.0,28518.0,41194881.0,230932101.0,17969404.0,230367653.0,65486.0,134193318.0,-128590754.0,15666296.0,3644800.0,23355576.0,3165936.0,7466374.0,65819191.0,106409738.0,178741885.0,188723375.0,29212047.0,102313865.0,314392816.0,20801603.0,25694552.0,1879958.0,60413407.0,25503252.0,83538161.0,143951568.0,24907690.0,5845712393.0,584464425.0,8742318.0,7859.0,20.79815809669992,18.641048479450312,Profit,190,Q1,71748504.9673271,-63006186.9673271
280013,NE,U,STH,1,2,2018-07-01,2019-06-30,6463.0,54625.0,7859.0,167918.0,568.0,207442.0,9180.0,537.0,29102.0,578.0,47373.0,7859.0,135517.0,454.0,165856.0,9180.0,537.0,29102.0,92802148.0,674714304.0,12674145.0,674714305.0,13286345.0,542549319.0,-274638404.0,9329578.0,27130833.0,869731528.0,15368336.0,9552428.0,255248913.0,451616726.0,496130023.0,524976877.0,32488664.0,46562874.0,1441271279.0,68997413.0,107603028.0,64931961.0,310159022.0,8353429.0,153176122.0,463335144.0,77141819.0,2647142808.0,1552421590.0,35625937.0,560617.0,12.025742722442564,12.64570999452389,Profit,212,Q3,63898206.25229651,-28272269.252296507
50149,CA,R,STH,1,2,2017-07-01,2018-06-30,1610.27,5784.0,33312.0,76600.0,318.0,116070.0,1202.0,3620.0,18544.0,318.0,4776.0,22053.0,58882.0,264.0,96360.0,1202.0,3620.0,18544.0,14916717.0,146019889.0,15212522.0,146019889.0,99517825.0,269959657.0,-220620767.0,6178307.0,5183073.0,275119756.0,3779862.0,1341545.0,102608238.0,7657687.0,88334592.0,57894591.0,14218024.0,14218024.0,347232371.0,25998181.0,18498533.0,52193442.0,99314151.0,36085076.0,36085076.0,135399227.0,11301203.0,1038381949.0,445838197.0,101355639.0,21801.0,33.025244861360186,7.912481078849594,Profit,149,Q3,39650832.28281082,61704806.71718918
450596,TX,R,STH,1,4,2015-12-01,2016-11-30,331.64,3878.0,413.0,9785.0,43.0,15738.0,1109.0,354.0,2932.0,43.0,3158.0,244.0,7417.0,36.0,13176.0,1109.0,354.0,2932.0,42750737.0,42737335.0,5129642.0,42750688.0,-343531.0,29300350.0,-9617680.0,2060197.0,582484.0,22195459.0,1180980.0,215629.0,5223707.0,2216884.0,19452868.0,21764489.0,3890287.0,3890287.0,47850235.0,2009529.0,3184111.0,106377.0,-120652416.0,50839.0,50839.0,-120601577.0,1453505.0,617404018.0,101682880.0,19301576.0,23299.0,16.0287399654056,22.829305978797372,Profit,155,Q2,20986371.083210286,-1684795.0832102858
450702,TX,U,STH,1,4,2016-10-01,2017-09-30,1464.35,15795.0,1688.0,45094.0,224.0,81760.0,3629.0,1829.0,9998.0,235.0,13611.0,545.0,33901.0,179.0,65335.0,3629.0,1829.0,9998.0,50651836.0,118941379.0,9143394.0,118941379.0,-994661.0,130681690.0,-74074838.0,8695115.0,2756300.0,67561144.0,2253756.0,895586.0,76510813.0,3009878.0,41963027.0,89484143.0,5237532.0,5237532.0,162282819.0,8767218.0,7840158.0,2165192.0,-3243495.0,19015.0,19015.0,-3224480.0,30898180.0,1656179162.0,254786875.0,35746562.0,16310.0,16.561264822134387,16.45003065603924,Profit,131,Q3,27200170.78278324,8546391.21721676
360017,OH,U,STH,1,1,2016-07-01,2017-06-30,3202.26,24883.0,11958.0,102375.0,388.0,141605.0,4751.0,1512.0,17765.0,388.0,21996.0,4931.0,86360.0,353.0,128830.0,4751.0,1512.0,17765.0,38514910.0,229832789.0,10265736.0,229730467.0,2344545.0,279627455.0,-209304578.0,9193407.0,1804074.0,90350930.0,6599538.0,621475.0,167925581.0,58734213.0,99115219.0,119655845.0,26092135.0,26092135.0,236098910.0,19889146.0,17918612.0,62437586.0,121553824.0,148520312.0,148520312.0,270074136.0,39404580.0,1917985658.0,582839530.0,132487861.0,14322.0,20.805957074025404,9.209607596704371,Profit,131,Q3,65912938.137656614,66574922.862343386
250138,MS,U,STH,1,4,2016-10-01,2017-09-30,503.42,3757.0,5779.0,19391.0,158.0,57670.0,1031.0,889.0,4517.0,158.0,3121.0,2368.0,12316.0,128.0,46720.0,1031.0,889.0,4517.0,16541808.0,30113788.0,6668919.0,30113788.0,-589806.0,51989933.0,-32483769.0,4275472.0,924563.0,24724135.0,6500000.0,1300000.0,52725208.0,234115.0,18336149.0,63543325.0,3167463.0,3167463.0,91434923.0,6778982.0,2356159.0,1377256.0,33164424.0,907637.0,950147.0,34114571.0,9265668.0,924391954.0,107018552.0,21568508.0,7402.0,12.31638418079096,9.646041610375574,Profit,131,Q2,28123962.899269864,-6555454.899269864
170142,KS,R,STH,1,1,2019-04-01,2020-03-31,358.5,6516.0,1094.0,14560.0,86.0,31476.0,1727.0,338.0,3665.0,94.0,5956.0,323.0,11497.0,78.0,28548.0,1727.0,338.0,3665.0,6434386.0,27094505.0,5799188.0,27108502.0,1443078.0,44424848.0,-34670666.0,2339631.0,2499772.0,16718969.0,2127222.0,1053484.0,22910556.0,21690664.0,21344263.0,43589471.0,4577385.0,154318569.0,214627009.0,949404.0,972292.0,13510283.0,16797077.0,9001848.0,26021219.0,42818296.0,7841636.0,227140800.0,93014630.0,8982445.0,74059.0,22.738709076225383,9.24398115016406,Profit,230,Q1,11988158.190539544,-3005713.1905395444
330163,NY,U,STH,1,2,2019-01-01,2019-12-31,480.5,4080.0,1659.0,22839.0,121.0,47987.0,719.0,907.0,3308.0,121.0,3582.0,1468.0,21341.0,113.0,45067.0,719.0,907.0,3308.0,2805035.0,27730098.0,5786213.0,27730098.0,2114552.0,14625094.0,-10678769.0,1340920.0,378912.0,8996594.0,276847.0,1978324.0,36400068.0,11654752.0,31180558.0,10625831.0,250958.0,250958.0,19873383.0,8498062.0,2861121.0,1336267.0,13099212.0,30355580.0,30355580.0,43454792.0,1123564.0,120249290.0,64927543.0,-9654527.0,49257.0,11.674150096215524,17.424934527072296,Loss,235,Q0,-2491627.7074627103,-7162899.29253729
50236,CA,U,STH,1,2,2018-01-01,2018-12-31,548.83,11324.0,1309.0,26847.0,144.0,52560.0,2398.0,270.0,6574.0,144.0,10488.0,951.0,23130.0,112.0,40880.0,2398.0,270.0,6574.0,4530615.0,56929698.0,9109298.0,56935728.0,5530605.0,95233180.0,-76102324.0,2693642.0,739677.0,42011680.0,6378566.0,6304602.0,170674363.0,252653.0,37947991.0,125449081.0,4210194.0,6537638.0,173998399.0,4522812.0,6119931.0,83865.0,24371807.0,3115674.0,111465188.0,135836995.0,6291808.0,520004388.0,158576339.0,1910392.0,72061.0,5.901844761573268,13.70505543914184,Profit,185,Q1,16650034.632316448,-14739642.632316448
420030,SC,R,STH,1,4,2018-01-01,2018-12-31,317.5,5560.0,893.0,14434.0,102.0,37230.0,1344.0,332.0,3662.0,135.0,4694.0,666.0,11847.0,94.0,34310.0,1344.0,332.0,3662.0,8452730.0,22690661.0,3184473.0,22701222.0,1140.0,20720199.0,-10696964.0,2537706.0,696437.0,13078544.0,779770.0,1223851.0,17354918.0,16001361.0,22793730.0,23617573.0,342838.0,342838.0,37038955.0,1434435.0,2234314.0,1993545.0,6623753.0,26423.0,29967355.0,36591108.0,2237942.0,320764539.0,71832955.0,-1230127.0,37568.0,21.153532387012564,19.23977853492334,Loss,185,Q0,-2218722.5853799493,988595.5853799493
50528,CA,R,STH,1,2,2019-01-01,2019-12-31,401.39,1461.0,656.0,4794.0,28.0,10220.0,415.0,187.0,1341.0,28.0,1195.0,373.0,3078.0,24.0,8760.0,415.0,187.0,1341.0,3988682.0,24800029.0,2600630.0,24811846.0,1111605.0,34935142.0,-27574059.0,448507.0,38232.0,18195974.0,917817.0,1752520.0,11653589.0,4296305.0,14130818.0,11925422.0,729841.0,729841.0,30851237.0,2038767.0,4401790.0,390910.0,6840815.0,436926.0,436926.0,7277741.0,949505.0,190331475.0,67901614.0,11556367.0,41180.0,17.503485044877596,9.783875667799904,Profit,235,Q2,8752789.283742128,2803577.716257872
110016,GA,R,STH,1,13,2017-07-01,2018-06-30,933.11,10964.0,2081.0,28146.0,276.0,100740.0,2466.0,564.0,7467.0,442.0,9739.0,1473.0,23471.0,256.0,93440.0,2466.0,564.0,7467.0,26442266.0,64102734.0,9601057.0,64102734.0,15675233.0,90800612.0,-68825140.0,3756874.0,660193.0,42067772.0,1720000.0,4503440.0,49307385.0,861041.0,31597284.0,67068635.0,5453000.0,85361853.0,194498260.0,5126719.0,2645417.0,4232888.0,12005024.0,58748294.0,120698908.0,132703932.0,14180378.0,504566749.0,170350371.0,22667542.0,29114.0,19.908378794236956,15.10613450573607,Profit,149,Q2,20032541.490128208,2635000.509871792
360017,OH,U,STH,1,1,2019-07-01,2020-06-30,3540.34,20604.0,8377.0,97931.0,444.0,162419.0,3743.0,964.0,17672.0,444.0,17963.0,4715.0,83092.0,409.0,149609.0,3743.0,964.0,17672.0,52603553.0,279479644.0,13641905.0,277655250.0,651326.0,297980508.0,-222823261.0,11810645.0,1269705.0,102542397.0,8934649.0,519997.0,189901274.0,51949959.0,129112105.0,199233235.0,18306959.0,18306959.0,320082591.0,16235163.0,26334790.0,79977392.0,167761605.0,271075409.0,271075409.0,438837014.0,31148313.0,2092768556.0,702419076.0,89318785.0,1304715.0,15.107628437334638,12.012355188681052,Profit,221,Q3,79345543.39538334,9973241.604616657
100080,FL,U,STH,1,4,2016-07-01,2017-06-30,2243.83,46903.0,9741.0,152043.0,623.0,223559.0,10061.0,1161.0,32620.0,715.0,40477.0,7625.0,132642.0,551.0,197279.0,10061.0,1161.0,32620.0,71979273.0,155264894.0,21041342.0,155927813.0,36639.0,203618002.0,-155671174.0,16808798.0,1170330.0,68211199.0,13556738.0,12129884.0,133682821.0,94137571.0,145911134.0,150909545.0,92828011.0,92828011.0,311948755.0,18525956.0,9577457.0,12119000.0,41200888.0,1078893.0,11698755.0,52899643.0,70290738.0,4458368395.0,512765456.0,52038908.0,33228.0,14.83269569441914,18.806428313470565,Profit,131,Q3,93667902.22839212,-41628994.228392124
10114,AL,U,STH,1,10,2018-10-01,2019-09-30,987.52,7844.0,6004.0,32107.0,187.0,68255.0,1535.0,1330.0,6652.0,231.0,4298.0,5001.0,16943.0,119.0,43435.0,1535.0,1330.0,6652.0,23010547.0,52816072.0,3899765.0,52816072.0,24681260.0,35080350.0,-15264950.0,2381096.0,1542180.0,50418547.0,3697849.0,559437.0,67980385.0,18381819.0,49566728.0,29549119.0,27746.0,4488658.0,84456324.0,9464168.0,4186026.0,130604.0,15758913.0,590302.0,36214879.0,51973792.0,11337739.0,489685998.0,129518970.0,735477.0,23523.0,9.937181354697742,16.906857118564808,Profit,240,Q1,7804196.888727843,-7068719.888727843
120007,HI,U,STH,1,2,2019-07-01,2020-06-30,724.42,6589.0,11.0,20474.0,170.0,62220.0,959.0,6.0,3059.0,357.0,5931.0,11.0,18600.0,146.0,53436.0,959.0,6.0,3059.0,635917.0,60530502.0,5786059.0,60530502.0,23558152.0,54512724.0,-37882469.0,395986.0,373248.0,158261568.0,4858555.0,1943393.0,100303770.0,55504771.0,56111860.0,41779989.0,3782438.0,23561383.0,223602940.0,27702913.0,5968114.0,8062236.0,140931118.0,87172217.0,87538205.0,228469323.0,10922118.0,195604978.0,160708015.0,-4923693.0,979682.0,8.42412962765514,17.7853630055467,Loss,221,Q0,-15463880.850633236,10540187.850633236
670043,TX,U,STH,1,4,2016-12-01,2017-11-30,524.85,5275.0,834.0,17589.0,93.0,33945.0,1376.0,348.0,4849.0,93.0,4940.0,663.0,14331.0,73.0,26645.0,1376.0,348.0,4849.0,28933460.0,38645473.0,7189104.0,38645473.0,-600997.0,63445100.0,-35957212.0,4763445.0,530477.0,32728639.0,10154011.0,3383115.0,86661133.0,5064068.0,32195613.0,103393243.0,4267916.0,4267916.0,140389798.0,5831789.0,4150479.0,2406110.0,69170138.0,26944260.0,26944260.0,96114398.0,1979298.0,521839540.0,107794135.0,7103666.0,77779.0,3.7974193548387096,7.841448205813909,Profit,143,Q1,21838823.66424135,-14735157.664241351
300017,NH,U,STH,1,4,2017-08-01,2018-07-31,404.29,7684.0,840.0,14386.0,68.0,24820.0,1900.0,246.0,3717.0,86.0,6821.0,791.0,11628.0,60.0,21900.0,1900.0,246.0,3717.0,4589646.0,32528760.0,3436906.0,32528370.0,1162.0,27453011.0,-9999635.0,3160156.0,810154.0,21288546.0,1085452.0,2651311.0,19687040.0,17518235.0,34531106.0,20265023.0,5648448.0,65449983.0,107003552.0,4726687.0,3596214.0,6347933.0,15513488.0,316360.0,-205339497.0,-189826009.0,13036392.0,434500984.0,98411981.0,32391488.0,33826.0,7.785663167938932,12.067640276710224,Profit,160,Q2,26527510.522374015,5863977.477625985
330246,NY,U,STH,1,1,2018-01-01,2018-12-31,1242.41,14169.0,4916.0,50089.0,167.0,60955.0,2378.0,603.0,9315.0,243.0,12335.0,4840.0,41500.0,145.0,52925.0,2378.0,603.0,9315.0,4270821.0,107767924.0,7442626.0,107767924.0,3289000.0,32524000.0,-4202000.0,4036000.0,1848000.0,42063000.0,38000.0,5783000.0,66563000.0,42542000.0,98669000.0,54469000.0,44850000.0,44850000.0,141382000.0,14568000.0,16562000.0,29886000.0,65061000.0,54750000.0,103301000.0,168362000.0,5726918.0,683953082.0,235484500.0,-2125000.0,8951.0,4.938982270320055,23.327002569545304,Loss,185,Q0,-8966412.693884987,6841412.693884987
330215,NY,R,STH,1,2,2016-01-01,2016-12-31,647.51,5859.0,2450.0,14006.0,79.0,28835.0,1197.0,567.0,3182.0,171.0,4975.0,1899.0,10946.0,69.0,25185.0,1197.0,567.0,3182.0,4396358.0,38541702.0,41617.0,38541702.0,6431004.0,14939331.0,-7620360.0,1791083.0,3804579.0,21005639.0,233814.0,914615.0,45865530.0,3214031.0,33289056.0,30184250.0,5621140.0,6526211.0,57716100.0,4771474.0,4620081.0,7355026.0,17894683.0,11880180.0,11880180.0,29774863.0,2014820.0,212832825.0,79879797.0,-672052.0,42257.0,16.493532437696647,18.143739498781265,Loss,152,Q0,-3220582.9530808222,2548530.9530808222
450340,TX,U,STH,1,4,2017-09-01,2018-08-31,637.6,6140.0,365.0,17049.0,131.0,47815.0,1355.0,719.0,4151.0,131.0,5147.0,127.0,12705.0,113.0,41245.0,1355.0,719.0,4151.0,23150199.0,47764058.0,3467289.0,47764058.0,-597286.0,46616362.0,-27166671.0,4043270.0,640147.0,23734103.0,10743300.0,1001501.0,64100027.0,4422464.0,22887885.0,67028929.0,8100951.0,8100951.0,98863983.0,2694126.0,4312170.0,700769.0,100051447.0,2764395.0,2827867.0,102879314.0,10663256.0,688088327.0,119802042.0,-3144788.0,35697.0,8.540861812778603,15.771633470599769,Loss,170,Q0,-6258544.846890097,3113756.8468900966
250095,MS,R,STH,1,9,2017-10-01,2018-09-30,160.6,3373.0,905.0,4738.0,47.0,17155.0,383.0,341.0,927.0,47.0,1418.0,471.0,2270.0,47.0,17155.0,383.0,341.0,927.0,3940033.0,10930240.0,670855.0,10930240.0,3455511.0,6771519.0,-3162607.0,398293.0,178220.0,8701496.0,155336.0,519047.0,16615860.0,197396.0,14763946.0,11080456.0,1169542.0,10591619.0,30373571.0,842692.0,313981.0,2357949.0,4223537.0,21468704.0,21468704.0,25692241.0,1836362.0,21605028.0,26690619.0,-228778.0,10653.0,27.85344331478995,15.084952595513002,Loss,171,Q0,-2263544.2792318463,2034766.2792318463
70007,CT,R,STH,1,2,2016-10-01,2017-09-30,1745.04,25507.0,10648.0,53897.0,218.0,79570.0,4932.0,2552.0,12513.0,251.0,22683.0,8204.0,43671.0,185.0,67525.0,4932.0,2552.0,12513.0,2475540.0,138962608.0,19385297.0,138962608.0,17773000.0,47968000.0,-13252000.0,6890000.0,1427000.0,143377000.0,8110000.0,10540000.0,104794000.0,92413000.0,147728000.0,174730000.0,59009000.0,89000000.0,407107000.0,35508000.0,1667000.0,22219000.0,60441000.0,75546000.0,171096000.0,231537000.0,51439867.0,577892120.0,331031361.0,11473000.0,27201.0,28.26364642765903,11.168707032829674,Profit,131,Q2,22196342.459864978,-10723342.459864978
60004,CO,U,STH,1,2,2016-01-01,2016-12-31,512.76,2685.0,3764.0,11601.0,86.0,31476.0,728.0,910.0,3236.0,86.0,2453.0,2318.0,8782.0,62.0,22692.0,728.0,910.0,3236.0,5914501.0,37113893.0,11460122.0,37113893.0,9897329.0,50509235.0,-31970608.0,762840.0,2110799.0,129479088.0,13705100.0,6358244.0,198172484.0,1333130.0,50938068.0,163098162.0,10000000.0,22231919.0,314809169.0,4923184.0,5182589.0,11565018.0,25984164.0,75157546.0,75323574.0,101307738.0,1958379.0,190491669.0,107197528.0,8695003.0,37139.0,10.47925305351048,9.494062844987749,Profit,152,Q1,16753340.323310887,-8058337.323310887
340129,NC,U,STH,1,4,2015-10-01,2016-09-30,484.33,5926.0,2199.0,17094.0,123.0,45018.0,1617.0,456.0,4783.0,123.0,4713.0,1153.0,12419.0,111.0,40626.0,1617.0,456.0,4783.0,30765085.0,27889483.0,7177848.0,27889483.0,-2383471.0,37962872.0,-21609320.0,3482823.0,525870.0,18533273.0,8748280.0,504624.0,70062901.0,1178805.0,11095881.0,82783338.0,3857963.0,3857963.0,105174574.0,3643034.0,2015098.0,1112453.0,35213892.0,122660.0,131660.0,35345552.0,14787480.0,521623025.0,91637313.0,26325755.0,37347.0,6.995498874718679,12.734623932310493,Profit,213,Q2,13244934.900019687,13080820.099980313
50242,CA,U,STH,1,1,2017-07-01,2018-06-30,1113.71,22561.0,4145.0,46514.0,202.0,73730.0,4747.0,71.0,10205.0,222.0,20054.0,2526.0,37836.0,172.0,62780.0,4747.0,71.0,10205.0,15372088.0,157877445.0,13474866.0,157877445.0,28068927.0,224268415.0,-168598174.0,7244266.0,10772137.0,273685032.0,3905867.0,4771905.0,127383044.0,1748770.0,86240820.0,50042801.0,36632014.0,308059342.0,631787175.0,14276774.0,19173841.0,20956961.0,53449336.0,15699706.0,15699706.0,69149042.0,54062745.0,1435606822.0,419096107.0,72084306.0,8355.0,5.664935378668921,19.64093357271095,Profit,149,Q3,53487553.917639025,18596752.082360975
460004,UT,U,STH,1,2,2016-01-01,2016-12-31,2022.17,12586.0,6927.0,58966.0,249.0,91134.0,3585.0,927.0,15356.0,312.0,5242.0,1756.0,31896.0,167.0,61122.0,3585.0,927.0,15356.0,28548010.0,131969792.0,9053110.0,147588627.0,4552579.0,116246700.0,-61588352.0,7779725.0,162460.0,35285070.0,16031250.0,2516966.0,146021681.0,92244000.0,85774954.0,179347106.0,7828899.0,7828899.0,222461075.0,3285215.0,1528697.0,13830791.0,18644703.0,430693.0,430693.0,19075396.0,9639424.0,705424664.0,417674666.0,62080514.0,37687.0,16.39458331103142,12.067821795314034,Profit,152,Q3,27846401.137633096,34234112.8623669
100062,FL,U,STH,1,1,2018-08-01,2019-09-30,1584.7,29648.0,2772.0,96884.0,425.0,181050.0,5634.0,389.0,22541.0,425.0,26950.0,1839.0,79926.0,369.0,157194.0,5634.0,389.0,22541.0,70953.0,117608925.0,11795405.0,117608925.0,56559232.0,247382641.0,-204940202.0,8819098.0,4205463.0,112727872.0,3646872.0,342430.0,107137232.0,754179.0,48355220.0,155290013.0,4117140.0,6533722.0,274551607.0,10369685.0,11580842.0,6432760.0,147659656.0,2313547.0,95548672.0,243208328.0,45908906.0,2082786049.0,363626288.0,-45863290.0,17143.0,13.590947393764294,20.906492445896284,Loss,245,Q0,-18833415.30778092,-27029874.69221908
290047,NV,U,STH,1,4,2018-02-01,2019-01-31,698.33,13712.0,2988.0,39940.0,172.0,62780.0,3043.0,711.0,9899.0,186.0,12121.0,2288.0,31855.0,135.0,49275.0,3043.0,711.0,9899.0,10232701.0,62747046.0,11543927.0,62747046.0,4569.0,59622638.0,-28488750.0,6425366.0,1875720.0,39821997.0,26048501.0,6162929.0,42362728.0,66117149.0,48552989.0,134339601.0,210397.0,210397.0,174371995.0,6686218.0,7239153.0,76082.0,17231721.0,1262969.0,88939709.0,106171430.0,12660493.0,1345744546.0,182814705.0,17116021.0,55553.0,9.798686773937511,9.67724515327705,Profit,190,Q2,24936734.785245623,-7820713.785245623
330136,NY,R,STH,1,2,2016-01-01,2016-12-31,3289.44,20575.0,1717.0,44036.0,160.0,58560.0,3758.0,298.0,8799.0,180.0,18135.0,1152.0,35101.0,126.0,46116.0,3758.0,298.0,8799.0,7606336.0,257971225.0,220769.0,254952798.0,4597437.0,62785325.0,-7129000.0,5197049.0,3891361.0,83920450.0,1089856.0,8966975.0,211080844.0,6222534.0,199492147.0,192442415.0,3937836.0,132109097.0,408471962.0,22603054.0,8271932.0,25392846.0,61712832.0,25288136.0,75777595.0,137490427.0,8596081.0,634500611.0,509358439.0,5841978.0,5372.0,10.809202697342323,25.27922561429635,Profit,152,Q1,20498059.071839362,-14656081.071839362
240115,MN,U,STH,1,2,2016-01-01,2016-12-31,1720.24,29182.0,10057.0,78657.0,258.0,94428.0,7044.0,2727.0,20870.0,258.0,26909.0,8405.0,68485.0,239.0,87474.0,7044.0,2727.0,20870.0,12852894.0,150626494.0,5701027.0,143369441.0,2954.0,161835321.0,-100020250.0,7755664.0,15625.0,1082390467.0,2087821.0,3221318.0,137010418.0,23063161.0,104207898.0,114290853.0,25502109.0,25502109.0,1222183429.0,13617737.0,9911609.0,576235113.0,600571712.0,2626232.0,2626232.0,603197944.0,18592871.0,788130283.0,454968301.0,43274795.0,34428.0,10.230560182344174,13.779481817125596,Profit,152,Q3,64457261.56577197,-21182466.565771967
350015,ND,R,STH,1,2,2016-07-01,2017-06-30,379.48,19467.0,10794.0,46025.0,205.0,74141.0,3863.0,1907.0,9645.0,237.0,17951.0,7787.0,37475.0,172.0,62096.0,3863.0,1907.0,9645.0,19247223.0,234615995.0,3431278.0,234615995.0,1968011.0,130146588.0,-65161800.0,9651744.0,3125297.0,79729840.0,15144230.0,1833707.0,93522861.0,34954401.0,61702445.0,96910905.0,5168072.0,51193276.0,227834021.0,13537974.0,5468594.0,26135625.0,71793760.0,129715886.0,129780462.0,201574222.0,31041656.0,446269498.0,509191888.0,25928905.0,30255.0,9.023187493442451,17.696248553958025,Profit,131,Q2,29968688.162851214,-4039783.1628512144
450023,TX,R,STH,1,9,2017-07-01,2018-06-30,1028.9,11578.0,1301.0,26773.0,313.0,114245.0,2577.0,187.0,6270.0,333.0,10120.0,952.0,21720.0,291.0,106215.0,2577.0,187.0,6270.0,15280273.0,70679315.0,8444590.0,70679315.0,37286082.0,79541331.0,-53939356.0,1985107.0,12195882.0,77536593.0,6644003.0,4741817.0,122904552.0,7234869.0,90821778.0,78838346.0,4033174.0,4033174.0,160408113.0,4640865.0,3273439.0,14039504.0,21953808.0,10851978.0,10851978.0,32805786.0,14346416.0,472969489.0,168880131.0,-15309710.0,43123.0,22.70946785134231,13.011617930106905,Loss,149,Q0,-10646820.964770505,-4662889.035229495
150035,IN,U,STH,1,4,2019-01-01,2019-12-31,1332.44,22650.0,3092.0,58507.0,238.0,86870.0,4306.0,1631.0,11868.0,252.0,19788.0,1354.0,47117.0,192.0,70080.0,4306.0,1631.0,11868.0,14904664.0,87585186.0,13502447.0,87585186.0,-55474.0,75981026.0,-18764691.0,10138089.0,1206761.0,68483103.0,11615241.0,4920709.0,191907250.0,6896026.0,58526828.0,187661311.0,18179103.0,18179103.0,274323517.0,10519637.0,9700394.0,2575666.0,-203250957.0,23421352.0,23421352.0,-179829605.0,11140576.0,1841272739.0,279262450.0,43866024.0,42245.0,11.0982718331921,15.492957746478872,Profit,235,Q3,42395999.386390105,1470024.613609895
60065,CO,U,STH,1,4,2019-01-01,2019-12-31,646.82,5962.0,11213.0,31528.0,139.0,50735.0,1329.0,2711.0,7756.0,139.0,5018.0,7959.0,23516.0,111.0,40515.0,1329.0,2711.0,7756.0,15133753.0,52831757.0,9798975.0,52951073.0,30381.0,59354159.0,-34641728.0,5774971.0,485768.0,29643900.0,9997300.0,464943.0,52734083.0,33996932.0,44139827.0,89886544.0,73893576.0,73893576.0,193424020.0,4947743.0,5335633.0,131646.0,14822000.0,1140994.0,-317475111.0,-302653111.0,3153605.0,1642589990.0,152169991.0,20499439.0,55532.0,14.045992425203412,8.182669451847584,Profit,235,Q2,36689610.47997107,-16190171.479971074
60032,CO,U,STH,1,4,2017-01-01,2017-12-31,921.16,10203.0,8606.0,47171.0,231.0,84649.0,2549.0,1816.0,11122.0,231.0,8143.0,4907.0,30587.0,172.0,63114.0,2549.0,1816.0,11122.0,10904118.0,71061139.0,14531729.0,71052851.0,607562.0,60611785.0,-18330111.0,8239546.0,1144394.0,51457150.0,14100000.0,270000.0,64397190.0,70300827.0,52393932.0,166376133.0,264085358.0,264085358.0,481918641.0,8990236.0,6886545.0,321189.0,24154258.0,248049.0,-1145722086.0,-1121567828.0,7027944.0,1675315529.0,189434793.0,115715200.0,36008.0,14.32780012463883,12.075094423461454,Profit,142,Q3,85043231.90545072,30671968.094549283
670106,TX,U,STH,1,4,2019-02-01,2020-01-31,242.21,3670.0,426.0,13690.0,49.0,17885.0,805.0,57.0,3424.0,49.0,3089.0,342.0,11198.0,41.0,14965.0,805.0,57.0,3424.0,9847098.0,19272077.0,5481385.0,19474339.0,-7473.0,23883421.0,-17555811.0,1755008.0,373057.0,8559548.0,18942114.0,484856.0,22370511.0,32249940.0,21893143.0,70439652.0,625237.0,669486.0,79668686.0,1323935.0,1787269.0,62997.0,4239171.0,581775.0,151582160.0,155821331.0,2424207.0,498255874.0,71473663.0,-14017341.0,368062.0,7.923977922910039,11.82409485358445,Loss,233,Q0,-10407466.533415165,-3609874.466584835
200018,ME,R,STH,1,2,2016-09-25,2017-09-30,822.59,4950.0,1362.0,9123.0,38.0,14098.0,1122.0,385.0,2053.0,107.0,4094.0,1097.0,7619.0,32.0,11872.0,1122.0,385.0,2053.0,6304884.0,62911023.0,5842173.0,62911023.0,-13600972.0,21376768.0,-7601046.0,2198408.0,1405780.0,15358769.0,227598.0,2902775.0,35417026.0,10115662.0,32454952.0,34443511.0,1399624.0,14432725.0,64235005.0,2970420.0,8475916.0,2641874.0,15383571.0,6074477.0,26456540.0,41840111.0,7198452.0,177675080.0,131825972.0,1200282.0,9246.0,23.205551131839385,20.019467878001297,Profit,131,Q1,8809093.77503782,-7608811.7750378195
330079,NY,R,STH,1,2,2017-01-01,2017-12-31,578.9,3436.0,267.0,8103.0,83.0,30295.0,843.0,76.0,2134.0,155.0,2974.0,224.0,6798.0,75.0,27375.0,843.0,76.0,2134.0,3319584.0,47533856.0,3816655.0,47533856.0,10611631.0,14638196.0,-2554721.0,3564498.0,3120508.0,46377549.0,328567.0,1195007.0,55853717.0,10999828.0,40552417.0,36488030.0,42253050.0,44804778.0,127670357.0,5597362.0,6297584.0,4111285.0,18076600.0,2944767.0,35357586.0,53434186.0,1921701.0,148066338.0,102167475.0,2524355.0,7531.0,15.45417180435676,20.40897623157615,Profit,142,Q1,12252410.746887963,-9728055.746887963
170013,KS,R,STH,1,2,2016-07-01,2017-06-30,1063.87,11012.0,520.0,17826.0,132.0,48180.0,2394.0,23.0,4346.0,140.0,6700.0,59.0,10653.0,98.0,35770.0,2394.0,23.0,4346.0,6486308.0,76552002.0,11532924.0,76552002.0,8840454.0,27498197.0,-4804700.0,4243619.0,4272572.0,45483495.0,1029195.0,10895749.0,84812325.0,52054686.0,82316734.0,84098661.0,20907463.0,153838051.0,283420207.0,6682762.0,5550429.0,4036898.0,18915089.0,11125318.0,57670318.0,76585407.0,15172206.0,329848371.0,174695719.0,7658163.0,23990.0,18.82347799484288,13.709879116298456,Profit,131,Q1,17253188.61418066,-9595025.614180662
100292,FL,U,STH,1,1,2016-07-01,2017-06-30,464.47,5970.0,1028.0,15252.0,62.0,20974.0,2003.0,314.0,6722.0,62.0,3392.0,526.0,7805.0,40.0,12944.0,2003.0,314.0,6722.0,3495128.0,29242801.0,5679104.0,29242801.0,861.0,63437868.0,-44408246.0,3088804.0,170466.0,26197546.0,2826578.0,1187230.0,71468177.0,5062734.0,34204306.0,63148656.0,809831.0,4775054.0,94121256.0,4802077.0,1458449.0,5309369.0,19966558.0,2802183.0,35570855.0,55537413.0,13204081.0,577335055.0,99917292.0,22780450.0,8290.0,8.07077072224915,32.03860072376357,Profit,131,Q2,22375749.582501985,404700.41749801487
450634,TX,U,STH,1,4,2019-01-01,2019-12-31,758.44,17810.0,855.0,46871.0,185.0,67525.0,3632.0,119.0,9852.0,185.0,15208.0,592.0,39318.0,156.0,56940.0,3632.0,119.0,9852.0,27249801.0,56455186.0,8781325.0,56941806.0,1713.0,79056899.0,-52636617.0,8245583.0,475858.0,35248270.0,2859394.0,7890566.0,24498854.0,35172759.0,91399934.0,48454037.0,49899167.0,50300286.0,134002593.0,4325029.0,5023867.0,330751.0,14238907.0,635508.0,76099391.0,90338298.0,9192773.0,1693309114.0,172436575.0,15649133.0,45474.0,5.899428367274027,12.143202709240446,Profit,235,Q2,30257369.65688876,-14608236.65688876
450804,TX,U,STH,1,5,2016-01-01,2016-12-31,367.66,2775.0,19.0,8565.0,49.0,17934.0,1172.0,7.0,3698.0,49.0,2775.0,19.0,8565.0,49.0,17934.0,1172.0,7.0,3698.0,3577057.0,24726265.0,6228196.0,24726265.0,8978.0,21762789.0,-4049915.0,6680856.0,206785.0,24749391.0,3127667.0,234212.0,45101389.0,27620903.0,19201347.0,61259619.0,15704.0,15704.0,86024714.0,2932694.0,2129198.0,1079769.0,10876826.0,47357165.0,29515524.0,40392350.0,3497291.0,550648068.0,84609805.0,69904784.0,10735.0,13.831218762014611,10.041918956683745,Profit,152,Q3,30941628.280969657,38963155.71903034
410006,RI,U,STH,1,2,2016-10-01,2017-09-30,589.63,7479.0,261.0,16720.0,102.0,37230.0,1538.0,214.0,4303.0,129.0,6619.0,208.0,13631.0,92.0,33580.0,1538.0,214.0,4303.0,4138971.0,40608584.0,7054557.0,40608584.0,6549720.0,11600000.0,-2534400.0,1611990.0,553633.0,27541927.0,1406761.0,1168893.0,100673229.0,11225246.0,61300474.0,58520177.0,132987896.0,228206896.0,314269000.0,2723881.0,3387921.0,3446000.0,9557802.0,25675290.0,41293013.0,50850815.0,11708586.0,200396140.0,106204330.0,1193975.0,23267.0,14.558066887173837,17.110070056302916,Profit,131,Q1,10443171.146993801,-9249196.146993801
60100,CO,U,STH,1,4,2019-01-01,2019-12-31,1352.79,15808.0,14916.0,74823.0,306.0,112037.0,3291.0,3167.0,15862.0,326.0,13858.0,10579.0,60673.0,246.0,90342.0,3291.0,3167.0,15862.0,22506116.0,105968671.0,19720769.0,107764958.0,184464.0,116870180.0,-64279041.0,20643951.0,1515663.0,69582567.0,9000000.0,3963268.0,52254522.0,75244588.0,79804304.0,176461803.0,215580770.0,215580770.0,461625140.0,12955096.0,10353917.0,601799.0,32440283.0,2694047.0,-1265100675.0,-1232660392.0,9402938.0,2858649121.0,321374534.0,44805616.0,52588.0,13.13652853221751,10.956872290256332,Profit,235,Q3,112845803.85308354,-68040187.85308354
450647,TX,U,STH,1,4,2018-06-01,2019-05-31,2708.18,38764.0,6861.0,193250.0,776.0,283240.0,5885.0,676.0,30537.0,793.0,30547.0,2794.0,125188.0,576.0,210240.0,5885.0,676.0,30537.0,49657177.0,208331671.0,53413433.0,210425062.0,-767111.0,78215665.0,-78926185.0,25601990.0,3154586.0,27108321.0,3393671.0,1170796.0,244040845.0,262453534.0,295224709.0,472573904.0,14999038.0,15825520.0,515507745.0,23994305.0,15209801.0,3390792.0,55640487.0,12022532.0,-2900278935.0,-2844638448.0,44570192.0,5546635944.0,572235593.0,402054632.0,27489.0,5.1794289065650085,23.660373240205175,Profit,209,Q3,196240081.9079035,205814550.0920965
360051,OH,R,STH,1,2,2019-01-01,2019-12-31,5249.4,53784.0,11966.0,201764.0,886.0,323541.0,10937.0,1184.0,40207.0,954.0,44004.0,4675.0,145205.0,698.0,254921.0,10937.0,1184.0,40207.0,88519611.0,347369947.0,39525659.0,347250577.0,50938212.0,826132266.0,-645448687.0,10143476.0,835207.0,825580518.0,47216047.0,25581833.0,1070949176.0,418651390.0,24675099.0,677168808.0,48526296.0,48526296.0,1551275622.0,40708804.0,39639458.0,30399053.0,118567095.0,821579334.0,821579334.0,940146429.0,28744334.0,3827173034.0,967904008.0,244664554.0,16227.0,20.90444930707513,7.013003019658594,Profit,235,Q3,114672103.22231905,129992450.77768095
270004,MT,R,STH,1,2,2017-07-01,2018-06-30,3165.97,29012.0,20164.0,75995.0,296.0,107833.0,5798.0,4546.0,15643.0,296.0,25508.0,16694.0,62913.0,252.0,91773.0,5798.0,4546.0,15643.0,16040084.0,315151261.0,24729675.0,314297038.0,46780446.0,104164023.0,-22100000.0,9177500.0,5985522.0,186677962.0,22508875.0,14306942.0,199891213.0,93372737.0,203489085.0,228903567.0,81336707.0,451997182.0,867578711.0,30344341.0,37134727.0,9291836.0,88267681.0,26448378.0,164966721.0,253234402.0,48298088.0,702456482.0,682620529.0,101609995.0,157816.0,9.911981551852934,16.12637501900948,Profit,149,Q3,39496786.54322809,62113208.45677191
420027,SC,U,STH,1,2,2017-01-01,2017-12-31,3166.98,32582.0,3014.0,81593.0,359.0,131035.0,6574.0,632.0,18005.0,387.0,28257.0,2226.0,66849.0,319.0,116435.0,6574.0,632.0,18005.0,50075893.0,219118970.0,43368172.0,219118970.0,20782738.0,465251982.0,-396825115.0,9630716.0,7861837.0,125453410.0,22234164.0,6453126.0,295696820.0,129909041.0,371163300.0,301117986.0,21744115.0,488280903.0,914852299.0,17080971.0,32231484.0,16742360.0,73319815.0,268128917.0,268128917.0,341448732.0,13820601.0,1724603841.0,531031526.0,41939130.0,40867.0,12.484040651652112,20.500648444955587,Profit,142,Q3,50778747.62128305,-8839617.621283047
290012,NV,U,STH,1,1,2016-07-01,2017-06-30,513.75,6830.0,1707.0,17790.0,81.0,29565.0,1576.0,370.0,4166.0,109.0,5597.0,1373.0,14618.0,71.0,25915.0,1576.0,370.0,4166.0,16561308.0,53693139.0,3048666.0,53773585.0,-15665280.0,123790412.0,-107170199.0,3234064.0,193635.0,4555476.0,292989.0,1330999.0,40275540.0,1649889.0,30505761.0,16952486.0,19742135.0,20743787.0,42251749.0,6210768.0,4606708.0,1895976.0,23011840.0,219756195.0,219756195.0,242768035.0,11602855.0,705111595.0,140110646.0,-35204505.0,42366.0,15.274186142059598,17.03724684888826,Loss,131,Q0,-20706677.762698554,-14497827.237301446
490069,VA,U,STH,1,1,2016-09-01,2017-08-31,1742.79,28209.0,3970.0,62042.0,224.0,81760.0,5781.0,484.0,13037.0,224.0,26149.0,1818.0,50990.0,200.0,73000.0,5781.0,484.0,13037.0,20884387.0,108324288.0,12944858.0,128548199.0,191743416.0,97541247.0,-64269476.0,5345883.0,2089752.0,235242465.0,5203211.0,2847050.0,61289919.0,1952746.0,86618565.0,78965895.0,8993722.0,24868519.0,339076879.0,14513024.0,1306650.0,5027015.0,25236689.0,123408125.0,123330376.0,148567065.0,47131374.0,1124646979.0,379912038.0,6622456.0,29005.0,3.723128946551189,13.435614549215652,Profit,128,Q1,20529633.181716792,-13907177.181716792
50298,CA,U,STH,1,4,2018-02-01,2019-01-31,255.09,1738.0,1383.0,6860.0,30.0,10950.0,507.0,896.0,2099.0,30.0,1440.0,1050.0,5463.0,26.0,9490.0,507.0,896.0,2099.0,9098874.0,18857968.0,2333458.0,18857968.0,-548169.0,21916472.0,-4236173.0,913189.0,201418.0,18272156.0,737954.0,75150.0,58004018.0,935572.0,10072208.0,56253319.0,1286097.0,1286097.0,75811572.0,2348777.0,1622170.0,173172.0,-44060081.0,93094.0,93094.0,-43966987.0,1349325.0,409557767.0,45580626.0,14313137.0,33454.0,32.18544251949392,11.630896155915584,Profit,190,Q2,10844289.680143153,3468847.3198568467
30013,AZ,U,STH,1,2,2018-10-01,2019-09-30,2324.79,24800.0,2396.0,65344.0,406.0,148190.0,5521.0,531.0,15512.0,406.0,22850.0,1752.0,52208.0,344.0,125560.0,5521.0,531.0,15512.0,35233630.0,180461810.0,9193976.0,180876834.0,31750870.0,152890023.0,-101934746.0,9046038.0,9087939.0,107214049.0,17201386.0,19055758.0,415398106.0,8029666.0,258942226.0,331930860.0,73235300.0,423486201.0,862631110.0,21086238.0,18735437.0,6259521.0,47279723.0,22151669.0,218106284.0,265386007.0,59406958.0,1559970813.0,478760349.0,26333735.0,74333.0,22.63186663022684,14.472710639958027,Profit,240,Q2,45123022.54005433,-18789287.54005433
440161,TN,U,STH,1,4,2017-01-01,2017-12-31,2305.24,38252.0,8618.0,153036.0,525.0,191625.0,7761.0,410.0,29270.0,657.0,31890.0,8618.0,103609.0,375.0,136875.0,7761.0,410.0,29270.0,33471808.0,161672691.0,29622644.0,161672691.0,80451.0,168377926.0,-62403395.0,23154731.0,1888351.0,130895612.0,32041826.0,8212459.0,154421520.0,104303272.0,222253147.0,280957879.0,45809461.0,45809461.0,457662952.0,22771985.0,11639679.0,11910.0,41294053.0,15555884.0,-258258738.0,-216964685.0,23201104.0,3460544084.0,598348812.0,157799199.0,13101.0,28.064412754366288,8.274177543698954,Profit,142,Q3,114841070.9223221,42958128.077677906
450872,TX,U,STH,1,5,2019-01-01,2019-12-31,228.43,641.0,2.0,3169.0,34.0,12410.0,206.0,1.0,1006.0,34.0,617.0,2.0,3034.0,30.0,10950.0,206.0,1.0,1006.0,9281545.0,15420989.0,6923176.0,15314125.0,21954781.0,8536949.0,-1585801.0,1797474.0,787198.0,32695376.0,8730000.0,142317.0,52509888.0,5392728.0,28177874.0,49055360.0,7303.0,7303.0,81758039.0,2831511.0,957446.0,2177372.0,8502403.0,100834.0,14610883.0,23113286.0,578960.0,157537223.0,65510570.0,7155719.0,47499.0,8.45551781607983,12.648687340786122,Profit,235,Q1,6590890.791011467,564828.2089885334
390183,PA,R,STH,1,2,2017-07-01,2018-06-30,309.53,4872.0,253.0,8569.0,44.0,16060.0,1218.0,48.0,2456.0,92.0,4105.0,253.0,7350.0,38.0,13870.0,1218.0,48.0,2456.0,3946979.0,27884627.0,1782577.0,27884627.0,8010.0,6619113.0,-2475700.0,732946.0,267716.0,5218848.0,644425.0,495372.0,35494553.0,32356718.0,77882.0,28304087.0,824000.0,9816049.0,43338984.0,918310.0,1626408.0,740601.0,3409739.0,2116220.0,2116220.0,5525959.0,6403587.0,286504398.0,62621546.0,14994202.0,2162.0,15.32985287138111,19.01017576318224,Profit,149,Q2,10128820.675977152,4865381.324022848
110036,GA,U,STH,1,9,2019-01-01,2019-12-31,2508.24,36428.0,18502.0,172487.0,537.0,196005.0,6669.0,2459.0,28767.0,547.0,24110.0,11800.0,123668.0,407.0,148555.0,6669.0,2459.0,28767.0,26459655.0,169277557.0,29917746.0,169277557.0,233710.0,214213119.0,-103965569.0,18532921.0,2521216.0,138441467.0,39513100.0,1650300.0,145569579.0,15574245.0,75783999.0,344194739.0,131784943.0,138021707.0,620657913.0,27666056.0,16614597.0,-1226393.0,55922935.0,2340682.0,621946411.0,677869346.0,18476570.0,2421171338.0,636576938.0,-18840602.0,288496.0,15.056995344655055,14.922217292440797,Loss,235,Q0,-16256482.221571567,-2584119.7784284335
250017,MS,R,STH,1,4,2017-07-01,2018-06-30,86.42,1874.0,8.0,2157.0,39.0,14235.0,111.0,3.0,145.0,120.0,394.0,8.0,499.0,39.0,14235.0,111.0,3.0,145.0,538279.0,8542869.0,155615.0,8542869.0,1299473.0,2514156.0,-1137194.0,155130.0,154855.0,2564388.0,209431.0,247216.0,4545503.0,763286.0,3078226.0,3165098.0,221201.0,221201.0,5950687.0,334526.0,542487.0,132593.0,1319713.0,-13059567.0,-10037332.0,-8717619.0,419031.0,10079678.0,15356850.0,-298862.0,7853.0,20.774227760837864,16.095759582325226,Loss,149,Q0,-3396162.1103616958,3097300.1103616958
100209,FL,U,STH,1,4,2019-01-01,2019-12-31,1628.43,14244.0,5925.0,104287.0,394.0,143810.0,2641.0,914.0,21566.0,417.0,11273.0,3509.0,77747.0,322.0,117530.0,2641.0,914.0,21566.0,40984063.0,105757321.0,34761134.0,113786399.0,10575.0,143936531.0,-146295017.0,13832116.0,1121310.0,12166213.0,9140949.0,1919672.0,38300567.0,73840543.0,92501644.0,189541613.0,11866195.0,11866195.0,213574021.0,13669099.0,8201349.0,2244131.0,37517848.0,12612847.0,-889105725.0,-851587877.0,6407600.0,4040723293.0,309662908.0,184456665.0,53348.0,12.408169400447177,20.450626077828595,Profit,235,Q3,82605833.96073042,101850831.03926958
390153,PA,R,STH,1,2,2018-07-01,2019-06-30,1097.83,21533.0,1151.0,55544.0,231.0,84315.0,5131.0,146.0,14156.0,231.0,19735.0,937.0,45976.0,194.0,70810.0,5131.0,146.0,14156.0,9209724.0,87344277.0,14434844.0,87238420.0,66324880.0,101384469.0,-65074346.0,5433751.0,1946361.0,357113210.0,12854014.0,2951954.0,254606600.0,871493.0,151748417.0,198479777.0,247320971.0,315703757.0,871296744.0,9551574.0,11102246.0,10988542.0,33695969.0,64291472.0,115058803.0,148754772.0,36336955.0,1167285685.0,295065040.0,33518814.0,6375.0,4.223132682004413,23.152941176470588,Profit,212,Q2,36062313.37316868,-2543499.373168677
240001,MN,U,STH,1,2,2017-01-01,2017-12-31,4186.39,29471.0,6264.0,77503.0,341.0,124465.0,6643.0,1224.0,20270.0,385.0,22970.0,3614.0,60847.0,253.0,92345.0,6643.0,1224.0,20270.0,17899124.0,377936057.0,4606308.0,377936057.0,941952.0,238690821.0,-148009183.0,8500308.0,8696787.0,120977286.0,13669541.0,11975386.0,229687277.0,95252186.0,177229656.0,187752622.0,-32222757.0,266504108.0,575234016.0,51360564.0,31268852.0,4606777.0,93472222.0,134540552.0,135140552.0,228612774.0,17660832.0,1092602926.0,824572442.0,-28686816.0,29139.0,9.333147321428571,15.405470331857648,Loss,142,Q0,-17543985.300276898,-11142830.699723102
210044,MD,U,STH,1,2,2019-07-01,2020-06-30,3070.0,24840.0,1169.0,75983.0,269.0,98454.0,4963.0,213.0,19937.0,296.0,22058.0,810.0,55652.0,215.0,78690.0,4963.0,213.0,19937.0,11655000.0,256251082.0,35962404.0,223556278.0,70906000.0,72748000.0,-23064000.0,4910000.0,8835000.0,164746000.0,15291000.0,7731000.0,366164000.0,14885000.0,96163000.0,224148000.0,19214000.0,318386000.0,707280000.0,24685000.0,39890000.0,4874000.0,176397000.0,44947000.0,161468000.0,337865000.0,30926595.0,155517642.0,514004964.0,1075484.0,828193.0,9.278933833862215,17.203115698876953,Profit,221,Q1,29945462.02290154,-28869978.02290154
360348,OH,U,STH,1,1,2016-07-01,2017-06-30,764.57,3893.0,1609.0,21989.0,107.0,39055.0,1387.0,170.0,6664.0,107.0,3893.0,508.0,16885.0,107.0,39055.0,1387.0,170.0,6664.0,8649989.0,55070958.0,8410263.0,54709303.0,485800.0,56904697.0,-34975020.0,3286417.0,836253.0,27412049.0,10587557.0,4257318.0,72414093.0,56063608.0,31359612.0,97518079.0,1654910.0,1654910.0,126585038.0,5723417.0,4964027.0,33522970.0,55040920.0,129156650.0,129156650.0,184197570.0,9075345.0,366902870.0,157608783.0,67523574.0,35673.0,3.879867393380907,10.17856642278474,Profit,131,Q3,35570334.89851025,31953239.101489753
10046,AL,U,STH,1,4,2017-01-01,2017-12-31,549.06,12499.0,3551.0,26854.0,256.0,93440.0,2983.0,919.0,7087.0,281.0,10856.0,3551.0,23225.0,240.0,87600.0,2983.0,919.0,7087.0,111529065.0,28628759.0,4826215.0,28628759.0,6153243.0,350422237.0,-338657861.0,4099421.0,592457.0,24082369.0,1400000.0,176101.0,12284730.0,168587.0,18554183.0,25139125.0,3075195.0,3075195.0,52296689.0,8231633.0,2256959.0,44181098.0,57133576.0,5363359.0,5363359.0,62496935.0,5075957.0,822252909.0,85892684.0,-3968553.0,19950.0,21.01651186790506,18.93734335839599,Loss,142,Q0,-11868871.865501411,7900318.865501411
440137,TN,R,STH,1,4,2016-04-01,2017-03-31,191.93,1890.0,22.0,4733.0,49.0,17885.0,493.0,1.0,1419.0,49.0,1412.0,22.0,3314.0,41.0,14965.0,493.0,1.0,1419.0,15257274.0,10081394.0,3696214.0,10099970.0,80512.0,8348947.0,-1633132.0,1484375.0,301588.0,8693744.0,958979.0,130369.0,26554067.0,1618565.0,11092285.0,26272688.0,2467780.0,2467780.0,37434212.0,1225943.0,834430.0,131120.0,77393526.0,2.0,2.0,77393528.0,1628038.0,169844364.0,36170613.0,-4543780.0,34037.0,17.93140535372849,14.33440079913036,Loss,139,Q0,-5642366.1252364395,1098586.1252364395
360163,OH,U,STH,1,2,2017-07-01,2018-06-30,3771.62,34129.0,3129.0,101783.0,473.0,164786.0,7262.0,295.0,23802.0,540.0,29458.0,1230.0,82073.0,406.0,141095.0,7262.0,295.0,23802.0,22714140.0,249629277.0,52095945.0,249629277.0,28091494.0,378857422.0,-276263918.0,22206513.0,12141089.0,700288850.0,48801834.0,14241668.0,475402058.0,307584635.0,244255288.0,544314190.0,31813931.0,389822957.0,1634425997.0,39064514.0,30459921.0,15467622.0,86115564.0,76918636.0,473696541.0,559812105.0,62112232.0,1913238322.0,697696558.0,95554267.0,18029.0,48.17386273233529,4.1766043596427975,Profit,149,Q3,90944480.58994909,4609786.410050914
100260,FL,U,STH,1,4,2018-10-01,2019-09-30,782.52,22517.0,1596.0,51975.0,207.0,75555.0,5182.0,364.0,12413.0,229.0,20177.0,1099.0,44707.0,189.0,68985.0,5182.0,364.0,12413.0,23669274.0,52895347.0,7422580.0,55576201.0,38217.0,61849615.0,-35320615.0,7469561.0,514862.0,34915683.0,4386802.0,3991715.0,32904030.0,39364370.0,48313905.0,42871961.0,14786535.0,14786535.0,92574179.0,5533478.0,4988734.0,1991259.0,18939474.0,5182349.0,-503994110.0,-485054636.0,40668839.0,1718253339.0,132101013.0,93035481.0,41567.0,11.50742375112758,30.177785262347538,Profit,240,Q3,64249338.696579866,28786142.303420134
110002,GA,R,STH,1,2,2016-01-01,2016-12-31,530.65,6166.0,1398.0,14024.0,101.0,36966.0,983.0,354.0,2859.0,101.0,4472.0,944.0,9137.0,80.0,29280.0,983.0,354.0,2859.0,18856551.0,32083205.0,5576035.0,32083205.0,5240834.0,40285367.0,-29878873.0,1911992.0,1195936.0,21385912.0,1922815.0,880281.0,70687037.0,12200455.0,35189801.0,55278509.0,43802301.0,145762945.0,222427366.0,2356128.0,1844752.0,1180190.0,8210596.0,44364269.0,57569466.0,65780062.0,1851262.0,200733436.0,77417724.0,1971065.0,23081.0,24.767664191382455,17.598890862614272,Profit,152,Q1,9946136.1409962,-7975071.140996199
520027,WI,U,STH,1,1,2019-07-01,2020-06-30,631.23,7223.0,398.0,21304.0,121.0,44286.0,1581.0,86.0,4435.0,121.0,6399.0,270.0,14472.0,89.0,32574.0,1581.0,86.0,4435.0,5242624.0,56751228.0,11437632.0,56708449.0,88483.0,63668715.0,-45309181.0,2254424.0,418098.0,32158794.0,312490.0,6111175.0,118952358.0,31093455.0,56492869.0,83148965.0,11199042.0,11199042.0,126506801.0,2618749.0,5287454.0,33089007.0,41444692.0,9488030.0,9488030.0,50932722.0,9877835.0,376112475.0,162297194.0,-4211696.0,89179.0,4.718649517684888,19.797261687168504,Loss,221,Q0,-6514286.188905072,2302590.1889050724
60034,CO,U,STH,1,4,2018-10-01,2019-09-30,1641.92,24830.0,22681.0,95121.0,327.0,120802.0,4788.0,4537.0,19589.0,348.0,20834.0,18070.0,74875.0,252.0,93427.0,4788.0,4537.0,19589.0,17115171.0,134298228.0,36814317.0,135368304.0,65333.0,142940114.0,-53333809.0,22861548.0,3272699.0,111057696.0,14535399.0,1554693.0,113255685.0,130111123.0,124187296.0,297536060.0,568817790.0,571586655.0,980180411.0,16666503.0,10905452.0,-41814.0,36630782.0,1066303.0,-2941548585.0,-2904917803.0,54834120.0,4078629940.0,470433136.0,157360779.0,23336.0,12.35406865307545,15.8339046966061,Profit,240,Q3,139073384.1492154,18287394.8507846
10055,AL,R,STH,1,4,2018-10-01,2019-09-30,1069.2,20820.0,7265.0,55402.0,235.0,85775.0,4225.0,1839.0,12538.0,235.0,16884.0,4859.0,42332.0,197.0,71905.0,4225.0,1839.0,12538.0,44636967.0,56573708.0,6968231.0,56573708.0,-14116.0,92978773.0,-64565150.0,9407620.0,1442999.0,39270709.0,4973563.0,2520678.0,67085023.0,10083173.0,37831422.0,66515995.0,8472176.0,8472176.0,114258880.0,7601873.0,5241425.0,2931093.0,-27400725.0,841811.0,875144.0,-26525581.0,37341869.0,2019175070.0,191010625.0,25470841.0,104702.0,18.2343967248571,17.241313441959083,Profit,240,Q2,37253323.28228205,-11782482.282282047
390123,PA,U,STH,1,4,2016-07-01,2017-06-30,771.49,14649.0,1105.0,33153.0,183.0,66795.0,3151.0,1127.0,7709.0,211.0,13184.0,1021.0,28846.0,155.0,56575.0,3151.0,1127.0,7709.0,10096183.0,52874046.0,5653529.0,52874046.0,-528603.0,28163952.0,-4740305.0,5154516.0,2279096.0,31467433.0,4140000.0,975836.0,50147535.0,5180634.0,26563543.0,50789689.0,10494199.0,10494199.0,92751321.0,7094004.0,3964344.0,648024.0,-280127716.0,-2306.0,117545.0,-280010171.0,19874676.0,1229471432.0,148593802.0,26969618.0,46903.0,14.112487100103198,13.875445067479692,Profit,131,Q2,26493689.515304588,475928.4846954122
310076,NJ,U,STH,1,2,2017-01-01,2017-12-31,3176.37,46199.0,6647.0,155674.0,583.0,212795.0,7682.0,547.0,27492.0,583.0,24023.0,1880.0,78614.0,375.0,136875.0,7682.0,547.0,27492.0,20188802.0,260801583.0,26376994.0,280844379.0,107206.0,102106818.0,-21277071.0,10745166.0,3206855.0,1117234778.0,579837.0,6466395.0,499981559.0,58105049.0,204517196.0,344513524.0,38350399.0,38351399.0,1500099701.0,36223252.0,33477341.0,51432117.0,121172622.0,390657042.0,390657042.0,511829664.0,23808317.0,2262947228.0,723763164.0,90541521.0,29955.0,2.289998986726112,18.624603572024704,Profit,142,Q3,67659017.93888596,22882503.061114043
40018,AR,U,STH,1,4,2016-01-01,2016-12-31,102.59,410.0,343.0,1947.0,32.0,11546.0,152.0,159.0,720.0,32.0,397.0,341.0,1922.0,31.0,11346.0,152.0,159.0,720.0,6577715.0,5798579.0,998313.0,5718357.0,-101894.0,7566742.0,-4531963.0,738918.0,149422.0,3926214.0,452728.0,300000.0,1848530.0,278997.0,786588.0,3756620.0,2003060.0,2003060.0,9685894.0,1555307.0,554402.0,86272.0,15582783.0,-15280.0,-15280.0,15567503.0,221422.0,99303269.0,18686804.0,-874902.0,34520.0,19.508602403959465,14.414831981460024,Loss,152,Q0,-3791915.261785216,2917013.261785216
370032,OK,U,STH,1,4,2015-11-01,2016-10-31,574.74,8841.0,4405.0,22544.0,213.0,77958.0,1798.0,881.0,4701.0,231.0,6974.0,2499.0,16378.0,186.0,68076.0,1798.0,881.0,4701.0,57052578.0,37146018.0,7585585.0,37146018.0,-1777433.0,35452083.0,-9078054.0,3851156.0,818966.0,29673225.0,4387617.0,1925275.0,97652749.0,3722083.0,35604285.0,90602029.0,8702676.0,8702676.0,128977930.0,1730717.0,3624259.0,1120847.0,70225495.0,1856573.0,1856573.0,72082068.0,1255432.0,629651956.0,105864900.0,10429086.0,10837.0,34.55149501661129,21.971025191473657,Profit,218,Q1,14105466.969376476,-3676380.9693764765
450099,TX,R,STH,1,2,2017-01-01,2017-12-31,218.15,2870.0,239.0,6100.0,32.0,11680.0,915.0,40.0,1998.0,45.0,2263.0,137.0,4679.0,28.0,10220.0,915.0,40.0,1998.0,10707280.0,13332787.0,3806554.0,13332787.0,2246895.0,44084008.0,-38198669.0,989555.0,349359.0,28240742.0,3870000.0,674475.0,33038276.0,712159.0,10462371.0,37304644.0,743395.0,743395.0,66288781.0,1798074.0,1319813.0,5439355.0,9331510.0,874019.0,1002610.0,10334120.0,1774902.0,152500414.0,40939696.0,-1830304.0,21082.0,15.15835942713413,15.482402049141449,Loss,142,Q0,-5757285.071140273,3926981.0711402725
100213,FL,U,STH,1,4,2017-05-01,2018-04-30,1031.14,30031.0,3437.0,70995.0,355.0,120320.0,6312.0,509.0,14477.0,383.0,26522.0,2720.0,61232.0,320.0,107545.0,6312.0,509.0,14477.0,22635276.0,72065704.0,8705720.0,74301925.0,22668.0,78962674.0,-39785104.0,10580921.0,596230.0,51078351.0,2607697.0,2122502.0,51055706.0,31427527.0,67075128.0,62655805.0,9890618.0,9890618.0,123624774.0,10503656.0,5173300.0,59.0,21163498.0,176463.0,-314796805.0,-293633307.0,34977606.0,1720976176.0,211722371.0,36159588.0,34794.0,9.146859705166904,33.120652986147036,Profit,145,Q3,38534459.89377978,-2374871.893779777
290053,NV,U,STH,1,1,2016-07-01,2017-06-30,616.34,8740.0,2405.0,31108.0,136.0,49640.0,1799.0,382.0,6720.0,136.0,7564.0,1902.0,23448.0,106.0,38690.0,1799.0,382.0,6720.0,16945034.0,61274255.0,6683378.0,61274255.0,-12289642.0,154080896.0,-127821314.0,7457848.0,228267.0,21676345.0,8787383.0,210326.0,108471392.0,43606.0,56378611.0,83402573.0,5091043.0,5091043.0,110169961.0,7657981.0,5728503.0,4435979.0,18944606.0,306638295.0,306638295.0,325582901.0,15671472.0,857061083.0,183485782.0,-20975186.0,28166.0,11.649135318238544,12.266562522189876,Loss,131,Q0,-38094024.052086964,17118838.052086964
100032,FL,U,STH,1,2,2015-10-01,2016-09-30,1480.6,20044.0,8589.0,83907.0,319.0,116754.0,3552.0,3936.0,17146.0,351.0,17908.0,3294.0,68805.0,263.0,96258.0,3552.0,3936.0,17146.0,154236991.0,91434449.0,11507561.0,91549969.0,-5715403.0,133066657.0,-78917401.0,10389648.0,1667844.0,65462581.0,33300000.0,2294205.0,108410434.0,787206.0,45735159.0,181271690.0,2949086.0,2949086.0,249683357.0,13920335.0,5248755.0,7692365.0,102436798.0,56726081.0,98188196.0,200624994.0,31749197.0,1660348485.0,263375737.0,14567597.0,15170.0,23.71212646467448,22.06987475280158,Profit,213,Q2,31958298.522699207,-17390701.522699207
310048,NJ,U,STH,1,2,2016-01-01,2016-12-31,1563.11,30931.0,4784.0,59998.0,260.0,95160.0,6078.0,779.0,13265.0,274.0,29070.0,3762.0,54248.0,244.0,89304.0,6078.0,779.0,13265.0,25601295.0,113460029.0,14563989.0,113460029.0,5133707.0,42658931.0,-18131138.0,4762927.0,1709335.0,39651773.0,4400000.0,1341398.0,222853518.0,33821003.0,139659335.0,185324207.0,1856146.0,74956125.0,299932105.0,16076198.0,6788669.0,8857704.0,47536648.0,119067098.0,119067098.0,166603746.0,12892690.0,1330490955.0,269521699.0,13832142.0,22369.0,4.5998825177353035,12.942017971299563,Profit,152,Q2,20445594.30496916,-6613452.304969162
10056,AL,U,STH,1,1,2017-07-01,2018-06-30,1732.09,26104.0,11607.0,110194.0,409.0,149285.0,4902.0,1552.0,20846.0,409.0,16538.0,5944.0,80141.0,300.0,109500.0,4902.0,1552.0,20846.0,17409849.0,105195996.0,10315001.0,104490826.0,1462493.0,152399794.0,-96532726.0,6524768.0,283546.0,96713059.0,8790157.0,5891516.0,171068266.0,87965743.0,226220187.0,132462411.0,35734411.0,35734411.0,264909881.0,19120927.0,2658695.0,111218270.0,133285599.0,109044646.0,109044646.0,242330245.0,35011530.0,1709589787.0,438657118.0,-10626873.0,20109.0,26.529672480285495,11.646526430951315,Loss,149,Q0,-19629891.447899517,9003018.447899517
50030,CA,U,STH,1,2,2015-12-01,2016-11-30,1110.52,21209.0,1874.0,42557.0,133.0,48678.0,5697.0,782.0,12394.0,133.0,19761.0,1705.0,38720.0,123.0,45018.0,5697.0,782.0,12394.0,8087601.0,94842012.0,1334991.0,94842012.0,22928131.0,94861557.0,-71422666.0,2075020.0,1108898.0,63177982.0,586380.0,873057.0,29737196.0,3389501.0,52683211.0,38074142.0,-917795.0,28868100.0,130120224.0,11593958.0,14540644.0,14797592.0,43522915.0,16716724.0,23285417.0,66808332.0,9177997.0,494075319.0,244620480.0,9658946.0,20473.0,27.822203759476583,14.52156498803302,Profit,155,Q1,16139556.368332056,-6480610.368332056
330215,NY,R,STH,1,2,2019-01-01,2019-12-31,636.18,4506.0,338.0,11370.0,79.0,28835.0,979.0,58.0,2732.0,171.0,3915.0,163.0,8884.0,69.0,25185.0,979.0,58.0,2732.0,4176390.0,40495037.0,994776.0,40495037.0,566820.0,13717916.0,-5895894.0,1965187.0,3710134.0,15220604.0,233814.0,948045.0,46520272.0,3481386.0,34069341.0,26706186.0,4444838.0,6549398.0,48476188.0,10887977.0,4284504.0,6461568.0,23996263.0,11372806.0,11660232.0,35656495.0,1890917.0,228542675.0,88105186.0,-5403974.0,41014.0,16.75391320044354,17.967035646364657,Loss,235,Q0,-4208476.992907783,-1195497.007092217
360152,OH,U,STH,1,1,2016-07-01,2017-06-30,1145.74,8883.0,4169.0,35914.0,174.0,63395.0,2006.0,608.0,8362.0,174.0,8007.0,1758.0,30359.0,159.0,57920.0,2006.0,608.0,8362.0,20306444.0,93513812.0,4752372.0,92369664.0,391771.0,91051789.0,-71366410.0,3999836.0,887001.0,26466325.0,10416423.0,580515.0,96635646.0,19719715.0,46875406.0,81387434.0,4126206.0,4126206.0,111979965.0,5476453.0,7688661.0,31999675.0,82059576.0,93431348.0,93431348.0,175490924.0,12452293.0,671107407.0,215171595.0,20185153.0,54594.0,24.311417147934257,9.772136132175698,Profit,131,Q2,16046697.008047393,4138455.9919526074
40084,AR,U,STH,1,4,2016-07-01,2017-06-30,644.18,10089.0,4288.0,20096.0,137.0,50005.0,2391.0,1287.0,5425.0,184.0,7868.0,3854.0,15655.0,121.0,44165.0,2391.0,1287.0,5425.0,5386630.0,40016910.0,5633612.0,40016910.0,-1363765.0,20802241.0,-6894241.0,1570889.0,625643.0,14794936.0,3897737.0,67448.0,9955797.0,323031.0,8164606.0,21408742.0,841399.0,841399.0,37045077.0,5531677.0,2053685.0,859662.0,8607812.0,-932208.0,-1473731.0,7134081.0,12574936.0,198498191.0,105032125.0,-1069480.0,29978.0,10.692148760330578,13.98025218493562,Loss,131,Q0,-5220047.065538339,4150567.0655383393
100183,FL,U,STH,1,4,2018-01-01,2018-12-31,500.9,8592.0,680.0,29292.0,245.0,89425.0,1769.0,165.0,7861.0,245.0,7304.0,550.0,24793.0,229.0,83585.0,1769.0,165.0,7861.0,12039079.0,37411690.0,4491526.0,37411690.0,57759.0,53735358.0,-32135577.0,2283591.0,735265.0,29158116.0,6490698.0,430947.0,72751047.0,4132855.0,35457275.0,60615367.0,4516500.0,4516500.0,94289983.0,4696744.0,991537.0,2117754.0,10187669.0,412072.0,1518126.0,11705795.0,2662659.0,1000144233.0,111856211.0,7353482.0,41861.0,10.362594962494308,20.881010964859893,Profit,185,Q1,12920695.696695829,-5567213.696695829
330267,NY,U,STH,1,2,2016-01-01,2016-12-31,982.26,18273.0,1414.0,35462.0,128.0,46848.0,3674.0,270.0,8050.0,128.0,16695.0,1204.0,30805.0,118.0,43188.0,3674.0,270.0,8050.0,2831760.0,79014182.0,10568871.0,79014182.0,28406446.0,29521727.0,-7714755.0,2139816.0,2450071.0,102245910.0,5206000.0,613672.0,92919605.0,61789.0,31647862.0,120837815.0,22604740.0,22604740.0,245688465.0,15158939.0,13934730.0,6259774.0,35586119.0,19330210.0,72320320.0,107906439.0,8800219.0,538763147.0,179924901.0,24459818.0,20652.0,5.07868738519585,16.58435018400155,Profit,152,Q2,14975646.293786937,9484171.706213063
220060,MA,U,STH,1,2,2018-10-01,2019-09-30,1287.18,23868.0,2700.0,45131.0,145.0,52925.0,5936.0,312.0,11284.0,164.0,22709.0,1123.0,40203.0,132.0,48180.0,5936.0,312.0,11284.0,6227921.0,113215610.0,9975836.0,110395368.0,10056605.0,33517905.0,-4928862.0,4298359.0,1691085.0,71154177.0,385907.0,1288747.0,115734879.0,2458315.0,53496799.0,123714210.0,7224409.0,19520634.0,214389021.0,11389757.0,12282753.0,4133798.0,34232938.0,17394922.0,72903344.0,107136282.0,60458604.0,417054528.0,280702371.0,14844702.0,59826.0,6.478887762291842,21.853374786881957,Profit,240,Q2,14730103.227987206,114598.77201279439
330125,NY,U,STH,1,2,2016-01-01,2016-12-31,5910.77,37504.0,4898.0,148265.0,470.0,172020.0,6062.0,889.0,29347.0,516.0,34138.0,3842.0,131744.0,430.0,157380.0,6062.0,889.0,29347.0,14933430.0,408261367.0,38844151.0,407934179.0,37826196.0,73565391.0,-14611000.0,1519650.0,17607807.0,266595492.0,2968355.0,4909902.0,335090045.0,6100327.0,302047316.0,314473899.0,363051946.0,363051946.0,944121337.0,38825050.0,35179765.0,45823734.0,145693794.0,205669146.0,335790407.0,481484201.0,15693797.0,1417265858.0,852275112.0,24889407.0,22848.0,6.645638936347307,18.579306722689076,Profit,152,Q2,44526926.43213615,-19637519.43213615
230005,MI,R,STH,1,2,2017-01-01,2017-12-31,438.52,5605.0,918.0,12424.0,88.0,32120.0,1407.0,104.0,3359.0,88.0,4623.0,205.0,9451.0,79.0,28835.0,1407.0,104.0,3359.0,6307668.0,25929716.0,5499961.0,25929716.0,-1162197.0,55359106.0,-44613566.0,1315731.0,149121.0,13298523.0,1283984.0,2144129.0,56218419.0,3239214.0,29638624.0,23077486.0,2171692.0,89951018.0,126327027.0,1496237.0,3447702.0,13623220.0,22873672.0,3164172.0,3164172.0,26037844.0,2451600.0,298413316.0,80011124.0,7906817.0,40937.0,17.45422408793394,16.303099885189436,Profit,142,Q1,9800527.260849781,-1893710.2608497813
500039,WA,R,STH,1,2,2019-07-01,2020-06-30,1586.09,29632.0,3281.0,65066.0,288.0,105408.0,5232.0,392.0,14283.0,288.0,27534.0,1432.0,57344.0,268.0,98088.0,5232.0,392.0,14283.0,9232947.0,134294762.0,42972422.0,151677672.0,146148440.0,303956612.0,-228640205.0,11081707.0,556804.0,236446516.0,6695719.0,2153149.0,536577499.0,4214109.0,119212841.0,496532779.0,46438113.0,381763470.0,1114742765.0,40481275.0,17161749.0,113013162.0,178609788.0,11248818.0,105019522.0,283629310.0,48933057.0,1987689708.0,480984684.0,125838483.0,268945.0,8.201654800846642,17.870940155050288,Profit,221,Q3,75680497.47401032,50157985.52598968
440033,TN,U,STH,1,4,2018-10-01,2019-09-30,192.51,2452.0,1574.0,7873.0,48.0,17520.0,462.0,201.0,1450.0,156.0,1976.0,1574.0,6258.0,42.0,15330.0,462.0,201.0,1450.0,6036451.0,14364785.0,1828751.0,14364785.0,-168606.0,11614692.0,-6423853.0,734028.0,428646.0,6209787.0,1559000.0,1172147.0,10792997.0,125806.0,5807296.0,17213496.0,5325836.0,5325836.0,28749119.0,1127731.0,1252473.0,279943.0,4071575.0,536.0,215027.0,4286602.0,2917375.0,197102349.0,38737771.0,1182738.0,17735.0,24.1333178222429,23.07301945305892,Profit,240,Q1,6076531.985675018,-4893793.985675018
390195,PA,R,STH,1,2,2019-07-01,2020-06-30,1969.89,29534.0,2253.0,89525.0,370.0,135420.0,5730.0,469.0,18097.0,370.0,23386.0,1812.0,66153.0,302.0,110532.0,5730.0,469.0,18097.0,17970138.0,161618854.0,34274533.0,161211723.0,37408197.0,173685560.0,-107513314.0,13428132.0,5201919.0,244170142.0,44966492.0,14846320.0,725842630.0,10862351.0,291507917.0,514376485.0,359201047.0,569927590.0,1328474217.0,16618027.0,23564537.0,89732913.0,131313987.0,114231511.0,188813339.0,320127326.0,57213336.0,1908845842.0,577555123.0,-4730493.0,827180.0,5.784590400442992,17.75925433400227,Loss,221,Q0,-21047999.922103044,16317506.922103044
330055,NY,R,STH,1,2,2019-01-01,2019-12-31,3809.9,47499.0,11320.0,161543.0,476.0,173740.0,7675.0,1891.0,29844.0,492.0,44072.0,9897.0,137667.0,420.0,153300.0,7675.0,1891.0,29844.0,8015942.0,329977792.0,38965762.0,329165263.0,17253264.0,310178517.0,-190796372.0,16915383.0,4676831.0,253697027.0,528519.0,936702.0,477110967.0,39305740.0,218381164.0,266279762.0,186623498.0,210886211.0,730863000.0,66583740.0,25663326.0,111001861.0,213584266.0,280803099.0,449769734.0,663354000.0,23939946.0,2048449059.0,975621768.0,-29340681.0,80987.0,21.759167246348007,18.311580871003983,Loss,235,Q0,-20768184.242578283,-8572496.757421717
360096,OH,U,STH,1,2,2019-01-01,2019-12-31,442.32,6143.0,404.0,18311.0,116.0,42340.0,1806.0,117.0,5892.0,130.0,5757.0,364.0,16590.0,106.0,38690.0,1806.0,117.0,5892.0,12095349.0,25086263.0,3668414.0,25086263.0,11341442.0,225924332.0,-217803782.0,897964.0,332378.0,83271477.0,918703.0,462847.0,8652762.0,847817.0,7524548.0,7671769.0,2411205.0,2411205.0,93354451.0,1462729.0,2351780.0,6701343.0,12582830.0,2830684.0,4057286.0,16640116.0,3108182.0,291937853.0,67374225.0,8291980.0,22215.0,18.81070185083379,17.94283142021157,Profit,235,Q1,10932133.4480712,-2640153.4480712004
190027,LA,U,STH,1,1,2019-07-01,2020-06-30,613.24,11372.0,230.0,24066.0,100.0,36600.0,2654.0,47.0,5678.0,148.0,9303.0,193.0,19894.0,83.0,30378.0,2654.0,47.0,5678.0,6732706.0,42936236.0,5388897.0,42936236.0,77798821.0,26535414.0,-7734705.0,4317818.0,885677.0,101991830.0,10723544.0,1359587.0,110370921.0,12244646.0,50057427.0,48774320.0,5575793.0,23504589.0,174270739.0,-19337855.0,4056508.0,135459.0,33054993.0,1936565.0,1936565.0,34991558.0,19892956.0,670377701.0,155491491.0,4419759.0,202858.0,16.743030831092483,14.744303897307477,Profit,221,Q1,17961517.482976824,-13541758.482976824
330226,NY,U,STH,1,2,2016-01-01,2016-12-31,3330.0,17657.0,4879.0,82351.0,283.0,103578.0,2835.0,533.0,15476.0,468.0,16208.0,4334.0,76863.0,256.0,93696.0,2835.0,533.0,15476.0,9895968.0,233708782.0,21254569.0,233542395.0,35073652.0,47037245.0,-7811000.0,6053852.0,3182544.0,139604454.0,630456.0,3876265.0,296701609.0,14432520.0,160952154.0,256002150.0,40121273.0,40121273.0,435727877.0,10589217.0,16133736.0,37188805.0,63911758.0,144047576.0,364310569.0,428222327.0,5879481.0,442860236.0,475055253.0,1802929.0,30500.0,7.422741876718228,22.40983606557377,Profit,152,Q1,23866528.061804477,-22063599.061804477
520177,WI,U,STH,1,2,2016-07-01,2017-06-30,4809.84,45401.0,18155.0,158126.0,525.0,190140.0,7703.0,3231.0,28559.0,553.0,38474.0,14197.0,129977.0,439.0,158253.0,7703.0,3231.0,28559.0,47745174.0,343464154.0,21511622.0,343464154.0,24571921.0,307315343.0,-119198733.0,16029754.0,5657247.0,240759248.0,2313.0,5059808.0,622754841.0,81654538.0,298925954.0,674093424.0,7238532.0,10775404.0,925628076.0,30757183.0,10172497.0,39918347.0,80848027.0,13490005.0,13784801.0,94632828.0,62665460.0,2462639414.0,1426520044.0,120794696.0,19137.0,7.626103061335658,18.477295291843028,Profit,131,Q3,59042002.53147704,61752693.46852296
60014,CO,U,STH,1,4,2019-09-01,2020-08-31,1400.26,10281.0,34581.0,79869.0,317.0,116022.0,1509.0,2600.0,9779.0,317.0,9250.0,20197.0,38215.0,175.0,67418.0,1509.0,2600.0,9779.0,7392482.0,112473306.0,30375933.0,112984668.0,126289.0,134368682.0,-10748966.0,18807775.0,2275066.0,136890503.0,14590000.0,573564.0,76699969.0,150948623.0,118431581.0,248140733.0,396532605.0,396532605.0,781563841.0,20414691.0,9331779.0,29414160.0,66598462.0,2765951.0,-152930477.0,-86332015.0,21395231.0,2950723864.0,425986179.0,143462011.0,715878.0,11.85961474286607,11.76219970441891,Profit,220,Q3,79035297.63204804,64426713.36795196
100206,FL,U,STH,1,4,2015-11-01,2016-10-31,346.51,6932.0,333.0,16842.0,147.0,53802.0,1416.0,63.0,3862.0,183.0,6168.0,276.0,14970.0,135.0,49410.0,1416.0,63.0,3862.0,4732287.0,24976354.0,4391077.0,25028618.0,62376.0,17722725.0,-8154925.0,2818359.0,267873.0,12706705.0,18430000.0,331200.0,15936257.0,2704838.0,17293835.0,51163478.0,-40001764.0,-40001764.0,23868419.0,2264290.0,1928574.0,-49665.0,6388335.0,68001.0,16721218.0,23109553.0,780547.0,591869329.0,80698090.0,3487595.0,17187.0,13.650387100529718,15.017164135683949,Profit,218,Q1,11732352.443133118,-8244757.443133118
250095,MS,R,STH,1,9,2015-10-01,2016-09-30,159.24,3431.0,1211.0,4984.0,48.0,17568.0,408.0,363.0,956.0,48.0,1775.0,837.0,2898.0,48.0,17568.0,408.0,363.0,956.0,4246565.0,10542914.0,452545.0,10542914.0,4559479.0,6881980.0,-3147004.0,442310.0,99567.0,10760796.0,155336.0,519047.0,14304776.0,197396.0,13424581.0,8669823.0,3434888.0,12972955.0,32403574.0,664469.0,583627.0,2631272.0,4160267.0,22502460.0,22502460.0,26662727.0,1990491.0,16066658.0,25769802.0,157258.0,11074.0,30.076434294133897,13.770995123713202,Profit,213,Q1,1999696.2252220972,-1842438.2252220972
490011,VA,U,STH,1,1,2019-09-01,2020-08-31,458.92,5490.0,608.0,16332.0,138.0,52573.0,1059.0,155.0,3515.0,138.0,4429.0,420.0,12536.0,115.0,44267.0,1059.0,155.0,3515.0,5082884.0,35644729.0,-1196624.0,35860569.0,-174533868.0,24862224.0,-16878836.0,4926487.0,458846.0,-151748145.0,3750384.0,3950490.0,36266384.0,5135175.0,96673446.0,26285493.0,64107074.0,82934426.0,-42528226.0,5708056.0,717868.0,15107115.0,32801359.0,9488989.0,56228190.0,89029549.0,9027172.0,339918792.0,139580942.0,-16851802.0,244300.0,17.774646723790553,11.194842406876791,Loss,220,Q0,-10736928.537468653,-6114873.462531347
170146,KS,U,STH,1,4,2016-01-01,2016-12-31,766.52,14939.0,1226.0,36000.0,171.0,62586.0,3690.0,361.0,9806.0,171.0,13427.0,1154.0,30616.0,148.0,54168.0,3690.0,361.0,9806.0,16381582.0,45300094.0,6667228.0,45300094.0,1307540.0,158574354.0,-140025872.0,3263430.0,1216280.0,24956845.0,1846000.0,2006830.0,33543411.0,6950019.0,29503834.0,46012585.0,3385047.0,44061579.0,115031009.0,5969742.0,5924967.0,3993461.0,19373555.0,35857516.0,35857516.0,55231071.0,7911701.0,539508211.0,137538696.0,-3838735.0,13025.0,14.97296873775758,14.863723608445298,Loss,152,Q0,-7926676.1805694215,4087941.1805694215
50118,CA,U,STH,1,4,2019-06-01,2020-05-31,335.0,6550.0,1609.0,15762.0,73.0,26718.0,1194.0,218.0,3585.0,73.0,5442.0,1234.0,12817.0,65.0,23790.0,1194.0,218.0,3585.0,7214700.0,41110826.0,3487773.0,41110826.0,172080.0,53335934.0,-38008697.0,1652941.0,566523.0,39826204.0,1662782.0,1116425.0,34280881.0,10414968.0,26887305.0,29077855.0,7926804.0,7926804.0,76830863.0,2567396.0,634097.0,10295291.0,27393064.0,3211060.0,3716574.0,31109638.0,9008145.0,1026084305.0,105709682.0,3867489.0,751615.0,13.70656843687211,12.76571116861691,Profit,220,Q1,19838384.39265398,-15970895.39265398
520095,WI,U,STH,1,2,2018-01-01,2018-12-31,443.99,1793.0,242.0,3763.0,36.0,13140.0,817.0,25.0,1898.0,36.0,1780.0,76.0,3064.0,36.0,13140.0,817.0,25.0,1898.0,1142831.0,42410550.0,6003448.0,42410550.0,14897371.0,24444414.0,-13532714.0,1019233.0,982313.0,37152851.0,7338643.0,7855859.0,57098418.0,30811138.0,26810197.0,78350557.0,4904729.0,31684551.0,147187959.0,2425998.0,6012632.0,1084655.0,12526678.0,1854146.0,61269945.0,73796623.0,2198552.0,118795496.0,91645388.0,1891990.0,6275.0,5.561752988047808,17.67330677290837,Profit,185,Q1,5340200.1975976415,-3448210.1975976415
360163,OH,U,STH,1,2,2016-07-01,2017-06-30,3549.08,32885.0,2812.0,94517.0,431.0,157267.0,7347.0,289.0,22839.0,498.0,28641.0,1129.0,76639.0,368.0,134272.0,7347.0,289.0,22839.0,28777456.0,228759011.0,50200968.0,228759011.0,43283232.0,343129367.0,-246993887.0,16953189.0,12415678.0,612420548.0,48801834.0,10175268.0,331060796.0,307013893.0,217175608.0,561986502.0,3738229.0,329167102.0,1503574152.0,40178642.0,23222744.0,14032204.0,78540611.0,107790604.0,513572419.0,592113030.0,61977858.0,1873648909.0,658857611.0,78005963.0,18009.0,47.620092125466115,4.464434449441946,Profit,131,Q3,73190843.55968603,4815119.440313965
370215,OK,U,STH,1,5,2018-01-01,2018-12-31,1585.88,15301.0,850.0,25781.0,99.0,36135.0,3692.0,198.0,8550.0,99.0,15301.0,850.0,25781.0,99.0,36135.0,3692.0,198.0,8550.0,17189966.0,134240626.0,12174486.0,134240626.0,17110394.0,141272136.0,-99966685.0,4864862.0,7057325.0,72535993.0,4120350.0,950624.0,109926667.0,2051984.0,53816588.0,117245669.0,26104095.0,39002576.0,228784238.0,14592496.0,45840452.0,2959064.0,68173029.0,-2537431.0,76408885.0,144581914.0,11619949.0,776277513.0,313121826.0,20177303.0,35771.0,11.02699974766591,17.26258701182522,Profit,185,Q2,22619118.136008933,-2441815.136008933
320085,NM,U,STH,1,4,2018-04-01,2019-03-31,876.44,17002.0,1787.0,45628.0,180.0,65700.0,3313.0,2600.0,9795.0,180.0,13863.0,162.0,35591.0,145.0,52925.0,3313.0,2600.0,9795.0,11372319.0,60723803.0,7236891.0,60723803.0,85306.0,61674019.0,-12646778.0,6035779.0,1486450.0,57335115.0,10512134.0,2389731.0,71403887.0,2120974.0,38047606.0,85184929.0,12903117.0,12903117.0,155423161.0,8489160.0,6121118.0,1340299.0,-330985652.0,275992.0,8043803.0,-322941849.0,16171782.0,989698611.0,182727673.0,67854047.0,30308.0,10.96825766912034,22.34063613567375,Profit,197,Q3,35366667.762057416,32487379.237942584
360091,OH,U,STH,1,2,2019-01-01,2019-12-31,640.7,10472.0,345.0,25293.0,143.0,52195.0,2691.0,72.0,6417.0,143.0,9482.0,293.0,22743.0,131.0,47815.0,2691.0,72.0,6417.0,4058211.0,42415704.0,9095132.0,42415704.0,784918.0,20859262.0,-6001604.0,2251471.0,74932.0,23298570.0,2105769.0,2820646.0,128884355.0,3000338.0,33449204.0,65086990.0,1222359.0,76758143.0,165143703.0,2808895.0,2653520.0,4971511.0,10509604.0,1166846.0,1166846.0,11676450.0,5238406.0,289392157.0,117862863.0,18516287.0,63497.0,5.91162071220119,16.66535426870561,Profit,235,Q2,11652261.873756636,6864025.126243364
50104,CA,U,STH,1,2,2016-07-01,2017-06-30,1528.98,14433.0,42444.0,104549.0,339.0,123735.0,2568.0,5620.0,20757.0,369.0,12556.0,35571.0,76896.0,274.0,100010.0,2568.0,5620.0,20757.0,20407306.0,145829727.0,10993784.0,145862292.0,27888300.0,541753923.0,-454538130.0,6476567.0,2024716.0,476006797.0,1819699.0,5175559.0,172714109.0,18740654.0,122793504.0,93110629.0,1960262.0,1960262.0,571077688.0,11334740.0,14420998.0,55477593.0,87180620.0,103970431.0,172154637.0,259335257.0,20436656.0,1231453069.0,448748535.0,67374409.0,71306.0,22.65643172830891,6.927888256247722,Profit,131,Q3,41334065.644682005,26040343.355317995
440109,TN,R,STH,1,9,2018-07-01,2019-06-30,289.95,2360.0,1147.0,4827.0,49.0,17885.0,493.0,396.0,1249.0,122.0,2009.0,564.0,3687.0,49.0,17885.0,493.0,396.0,1249.0,5632477.0,17024534.0,1511530.0,17024534.0,2663942.0,15489863.0,-12475930.0,1100470.0,293256.0,37261553.0,301033.0,187257.0,19677597.0,632007.0,10505636.0,12731230.0,1523270.0,1523270.0,51516053.0,2938926.0,1814826.0,3496419.0,8278500.0,5850838.0,5850838.0,14129338.0,2017592.0,133547813.0,39368352.0,3426349.0,17266.0,21.35593220338983,21.417815359666395,Profit,212,Q1,10148772.11858132,-6722423.118581319
360197,OH,R,STH,1,2,2018-01-01,2018-12-31,580.86,1740.0,510.0,4266.0,39.0,14235.0,618.0,36.0,1389.0,39.0,1439.0,49.0,2762.0,33.0,12045.0,618.0,36.0,1389.0,3680954.0,40572079.0,4394401.0,40572079.0,17881831.0,25843678.0,-14788240.0,761939.0,4638537.0,34555240.0,5152399.0,4953644.0,43231076.0,21065743.0,42279564.0,51444270.0,54299452.0,54501675.0,140501185.0,3867576.0,7449711.0,621100.0,13968962.0,25150688.0,25550688.0,39519650.0,1112540.0,132538924.0,99531958.0,598215.0,18946.0,14.472415640064272,14.24575108202259,Profit,185,Q1,4946173.599729683,-4347958.599729683
210001,MD,U,STH,1,2,2016-07-01,2017-06-30,1536.27,35605.0,2221.0,72346.0,247.0,90155.0,7149.0,487.0,17557.0,247.0,29412.0,1557.0,53717.0,196.0,71540.0,7149.0,487.0,17557.0,14301895.0,103650589.0,19484038.0,103650588.0,43847621.0,61765810.0,-16930707.0,4552964.0,13544246.0,160064506.0,6670317.0,19189330.0,208729635.0,54742316.0,112883372.0,228944865.0,39763322.0,201723022.0,590732393.0,20191372.0,8786978.0,14313919.0,58933144.0,266995309.0,266995309.0,325928453.0,40302917.0,80942246.0,309163915.0,38261486.0,33228.0,9.265078251319444,16.859275309979534,Profit,131,Q3,29018932.85362125,9242553.146378752
220008,MA,U,STH,1,2,2018-10-01,2019-09-30,1122.96,15415.0,2352.0,28450.0,131.0,47815.0,3458.0,1282.0,7175.0,131.0,13836.0,1634.0,24062.0,117.0,42705.0,3458.0,1282.0,7175.0,5342491.0,90604462.0,7993918.0,90743516.0,4689276.0,26042668.0,-7397202.0,4227154.0,4902822.0,294085749.0,1672420.0,1681499.0,107292207.0,4416708.0,39792668.0,52477221.0,2173805.0,4302609.0,350865579.0,8085926.0,12160536.0,35000.0,20699075.0,-14542342.0,-14542342.0,6156733.0,30628982.0,174538771.0,205718966.0,26458986.0,44789.0,8.558833502882333,16.876911741722296,Profit,240,Q2,24365740.30483619,2093245.6951638088
50230,CA,U,STH,1,4,2016-01-01,2016-12-31,477.18,6883.0,3289.0,22569.0,167.0,60955.0,1415.0,784.0,5625.0,167.0,5496.0,1992.0,16447.0,143.0,52195.0,1415.0,784.0,5625.0,9154602.0,34737086.0,2423532.0,34737086.0,7943390.0,105295086.0,-93952284.0,1026972.0,389758.0,52510805.0,6406010.0,103405.0,21042991.0,3247632.0,16566271.0,27566855.0,13746825.0,13746825.0,93824485.0,4139533.0,3532225.0,10605296.0,19560762.0,1300366.0,26300366.0,45861128.0,3252007.0,278449328.0,89184142.0,13822085.0,3132211.0,12.457813565767864,13.176028051750023,Profit,152,Q2,8947042.080945395,4875042.919054605
200008,ME,U,STH,1,2,2016-10-01,2017-09-30,1159.47,6207.0,2001.0,17186.0,103.0,40121.0,1760.0,622.0,5722.0,103.0,5771.0,1520.0,14485.0,96.0,37566.0,1760.0,622.0,5722.0,13241888.0,85169959.0,14251882.0,84860452.0,-8364781.0,37249129.0,-12332315.0,4353525.0,1195842.0,24352570.0,10842229.0,1293212.0,80355323.0,4290257.0,43466249.0,99264588.0,18997711.0,19008780.0,142625938.0,8029478.0,13130705.0,12750427.0,34059373.0,11134450.0,74316649.0,108376022.0,16823722.0,302058124.0,216097466.0,-3860047.0,17156.0,28.606211770295147,13.085800885987409,Loss,131,Q0,-11009442.7371416,7149395.7371416
490094,VA,U,STH,1,1,2019-09-01,2020-08-31,321.32,2580.0,349.0,11765.0,101.0,36966.0,253.0,115.0,1569.0,101.0,2580.0,349.0,11765.0,101.0,36966.0,253.0,115.0,1569.0,5077481.0,23088303.0,3438749.0,23240561.0,367512725.0,71049205.0,-35880426.0,72478.0,369548.0,413055916.0,1001433.0,832585.0,17875654.0,4924572.0,23510042.0,14592314.0,2293624.0,2293624.0,429941854.0,3845983.0,748254.0,4863044.0,45578554.0,2377425.0,4961854.0,50540408.0,1410455.0,669537651.0,141238674.0,92697850.0,229233.0,20.898200312274582,13.148194195425614,Profit,220,Q3,38985880.69010444,53711969.30989556
380020,OR,U,STH,1,4,2018-01-01,2018-12-31,781.56,7291.0,2396.0,29709.0,113.0,41245.0,2044.0,2152.0,9199.0,113.0,6503.0,699.0,24265.0,88.0,32120.0,2044.0,2152.0,9199.0,5931111.0,71697318.0,8024774.0,71697318.0,-1286361.0,38082294.0,-3863364.0,4346967.0,774995.0,38506380.0,3664838.0,745884.0,65696835.0,7075525.0,31682529.0,104289567.0,3209023.0,3209023.0,146004970.0,4625670.0,7649099.0,28000.0,-31262344.0,14947275.0,14963246.0,-16299098.0,7136717.0,591449142.0,201789872.0,26430161.0,37031.0,21.633421562474417,16.083821662931058,Profit,185,Q2,18999504.74690266,7430656.25309734
10083,AL,U,STH,1,4,2016-10-01,2017-09-30,619.8,9367.0,4118.0,27467.0,112.0,40880.0,2169.0,991.0,6926.0,112.0,6994.0,2831.0,19715.0,82.0,29930.0,2169.0,991.0,6926.0,45072657.0,32530669.0,4650156.0,32537210.0,-211812.0,85218959.0,-63751798.0,2966909.0,595945.0,25344835.0,2679698.0,431337.0,28833670.0,2859851.0,23786094.0,31809135.0,3130787.0,3130787.0,60284757.0,3259001.0,2807924.0,451927.0,-80993290.0,18618.0,66535.0,-80926755.0,14148325.0,992047027.0,85462517.0,22263505.0,28793.0,13.566081298537746,21.637203486958636,Profit,131,Q2,20687532.17171035,1575972.8282896504
520113,WI,R,STH,1,2,2016-01-01,2016-12-31,543.48,4946.0,400.0,10683.0,99.0,36234.0,1268.0,146.0,3191.0,99.0,3850.0,278.0,7944.0,88.0,32208.0,1268.0,146.0,3191.0,3646451.0,45401839.0,15364710.0,45401839.0,14606600.0,39275652.0,-26705516.0,2825244.0,1673388.0,34496583.0,4314408.0,1535045.0,73835448.0,3816449.0,44137957.0,66029669.0,96666542.0,96666542.0,197192794.0,4154625.0,5118337.0,1096493.0,10434143.0,10767790.0,50462671.0,60896814.0,2250710.0,171863445.0,115861173.0,-4144592.0,14946.0,14.428031604259706,20.2328382175833,Loss,152,Q0,-5472784.262888747,1328192.2628887473
260193,MO,U,STH,1,4,2016-01-01,2016-12-31,439.93,7550.0,853.0,18217.0,73.0,26645.0,2072.0,234.0,5456.0,88.0,6850.0,708.0,16287.0,65.0,23725.0,2072.0,234.0,5456.0,15092391.0,29377164.0,3292565.0,29377164.0,2236334.0,88580211.0,-75654269.0,1312395.0,933316.0,18961906.0,3100000.0,1903735.0,12730001.0,3076677.0,10894392.0,26731502.0,70324670.0,75092103.0,120785511.0,1972059.0,2622995.0,1924386.0,7180153.0,30226171.0,71020136.0,78200289.0,4151127.0,265824263.0,85881477.0,2038134.0,24788.0,6.655423470856814,11.223172502823948,Profit,152,Q1,10207157.368995959,-8169023.368995959
310086,NJ,U,STH,1,2,2017-01-01,2017-12-31,3025.22,53493.0,12813.0,120982.0,526.0,191990.0,10778.0,1628.0,25930.0,526.0,47306.0,11963.0,106185.0,464.0,169360.0,10778.0,1628.0,25930.0,27891514.0,224161851.0,26375231.0,224161851.0,56254879.0,89364097.0,-20776430.0,10249585.0,5821711.0,150670910.0,4379016.0,4060084.0,309939834.0,116479402.0,274750479.0,292626210.0,5858800.0,209707046.0,653004166.0,40733245.0,24829287.0,7844945.0,76546954.0,50999624.0,189868613.0,266415567.0,23571164.0,2534860304.0,528912412.0,32994701.0,18508.0,5.181918412348401,18.34341906202723,Profit,142,Q2,56316771.22614936,-23322070.226149358
110064,GA,U,STH,1,2,2017-07-01,2018-06-30,1683.92,17112.0,8132.0,81877.0,304.0,111028.0,3378.0,1384.0,22942.0,304.0,15059.0,5685.0,57508.0,237.0,86573.0,3378.0,1384.0,22942.0,54711725.0,102849061.0,13384367.0,102849061.0,202953.0,148916209.0,-100608975.0,6266053.0,2092681.0,64561144.0,12680670.0,3828468.0,94510741.0,20647228.0,146291780.0,137622269.0,14450368.0,141308638.0,343492051.0,115263776.0,9837683.0,19815665.0,148413200.0,-110037332.0,9800499.0,158213699.0,22488083.0,716622162.0,302364229.0,50006773.0,196670.0,21.147738184427396,12.565210759139674,Profit,149,Q3,25538972.12870338,24467800.87129662
10040,AL,U,STH,1,4,2015-10-01,2016-09-30,1105.02,28647.0,12025.0,70009.0,225.0,82350.0,4989.0,2278.0,14190.0,274.0,22151.0,9733.0,55040.0,187.0,68442.0,4989.0,2278.0,14190.0,111727027.0,57070907.0,8071255.0,57120673.0,-606122.0,72498607.0,-24597585.0,5856348.0,842153.0,54050875.0,3598476.0,1831443.0,93682580.0,4761314.0,34578194.0,105194279.0,13957456.0,13957456.0,173202610.0,9544044.0,4664200.0,2303620.0,132953623.0,39551.0,797411.0,133751034.0,40463992.0,2170902157.0,183038268.0,8461922.0,103363.0,18.376886741498,17.36307963197663,Profit,213,Q1,44004044.16770425,-35542122.16770425
310075,NJ,U,STH,1,2,2016-01-01,2016-12-31,1816.19,17321.0,10916.0,63635.0,295.0,107970.0,3692.0,1650.0,14170.0,358.0,16030.0,8224.0,43664.0,241.0,88206.0,3692.0,1650.0,14170.0,53543574.0,137252921.0,14412169.0,140519395.0,23456.0,48723109.0,-12956666.0,6524606.0,1272053.0,307098512.0,1156755.0,1915639.0,178137896.0,21234073.0,104344967.0,86275747.0,2883857.0,28667367.0,422041626.0,13252136.0,18394353.0,24643135.0,56797265.0,166441050.0,166441050.0,223238315.0,10092447.0,1023761110.0,372242164.0,46110844.0,586166.0,11.190297250369294,21.91290521797579,Profit,152,Q3,26674575.50654965,19436268.49345035
150084,IN,U,STH,1,2,2017-07-01,2018-06-30,4480.4,55472.0,11750.0,184093.0,745.0,272017.0,9377.0,1046.0,30849.0,822.0,46252.0,5101.0,123670.0,563.0,205830.0,9377.0,1046.0,30849.0,18068497.0,359633428.0,29076267.0,359633428.0,7764445.0,479234912.0,-254170021.0,23170250.0,2504923.0,294177598.0,9137236.0,11233128.0,506221226.0,27652551.0,274211696.0,234407314.0,62411078.0,140751293.0,669336205.0,41925974.0,29151767.0,206705651.0,278721282.0,168229721.0,168229721.0,446951003.0,83322367.0,2737818393.0,1147319141.0,232399022.0,33215.0,18.75633971659546,15.517085654071956,Profit,149,Q3,155224405.0916943,77174616.9083057
100072,FL,U,STH,1,1,2019-01-01,2019-12-31,767.76,14866.0,1282.0,44449.0,179.0,65335.0,3222.0,216.0,10064.0,179.0,12046.0,971.0,36268.0,156.0,56940.0,3222.0,216.0,10064.0,14340074.0,64796221.0,9664366.0,52386818.0,117092987.0,6358476.0,-8206500.0,3405649.0,1750537.0,145439589.0,20134565.0,9252255.0,97234888.0,1393417.0,59919587.0,73675439.0,42060965.0,42122041.0,261237069.0,18769391.0,6616404.0,14298611.0,40495552.0,2445796.0,48851004.0,89346556.0,6823819.0,676165964.0,162717963.0,39012211.0,536487.0,14.251625332000897,24.15025899975209,Profit,235,Q3,19396114.171029843,19616096.828970157
450659,TX,U,STH,1,4,2018-08-01,2019-07-31,375.24,4637.0,260.0,18092.0,133.0,48545.0,819.0,31.0,3166.0,133.0,4131.0,188.0,15335.0,119.0,43435.0,819.0,31.0,3166.0,3208135.0,29117634.0,9462069.0,29201152.0,17977.0,20026308.0,-9130772.0,3459275.0,356266.0,15130459.0,14930000.0,830382.0,12306082.0,11026358.0,12163649.0,51359526.0,1409846.0,1409846.0,67899831.0,2309961.0,2841814.0,1401435.0,8095507.0,164867.0,96398446.0,104493953.0,6588951.0,651182999.0,101893844.0,-31369013.0,37294.0,25.021899856336944,8.738671099908832,Loss,226,Q0,-8400915.69248633,-22968097.30751367
110064,GA,U,STH,1,2,2016-07-01,2017-06-30,1656.88,18058.0,8382.0,83313.0,326.0,119050.0,3170.0,1356.0,16662.0,326.0,15750.0,5670.0,57846.0,261.0,95325.0,3170.0,1356.0,16662.0,37780999.0,98946045.0,16842103.0,98946045.0,192557.0,181959086.0,-125266126.0,5630250.0,1841557.0,73971638.0,12680670.0,3828468.0,94510741.0,20630307.0,143151992.0,115997696.0,8646759.0,119420151.0,309389485.0,18008133.0,9782135.0,5785431.0,40803566.0,-104450689.0,95295086.0,136098652.0,21804314.0,703738981.0,304841460.0,-13884487.0,198647.0,21.657383806916517,12.216142201996506,Loss,131,Q0,-17632001.440312978,3747514.440312978
310011,NJ,U,STH,1,2,2016-01-01,2016-12-31,768.16,15476.0,1375.0,26534.0,149.0,54534.0,3520.0,324.0,7144.0,149.0,13179.0,1034.0,21788.0,133.0,48678.0,3520.0,324.0,7144.0,5051555.0,50959327.0,7886420.0,50959327.0,4318685.0,24305236.0,-12364406.0,1922890.0,3233784.0,24044989.0,475499.0,2216312.0,65373819.0,28971749.0,78733240.0,43586400.0,5111990.0,89046522.0,156677911.0,4023749.0,3769568.0,9194565.0,34385008.0,31302612.0,31302612.0,65687620.0,6808413.0,584120229.0,123576995.0,7731243.0,17134.0,6.527511887852776,20.479747869732694,Profit,152,Q1,13322364.702661779,-5591121.702661779
100173,FL,U,STH,1,1,2017-01-01,2017-12-31,2553.33,31511.0,12083.0,120806.0,506.0,182331.0,5464.0,616.0,22271.0,536.0,27908.0,10520.0,99371.0,406.0,145831.0,5464.0,616.0,22271.0,31226747.0,167202283.0,32431476.0,167202283.0,224617291.0,195794241.0,-197872229.0,17404123.0,7175906.0,292843443.0,12757926.0,8069084.0,397698061.0,15608919.0,166241940.0,418178885.0,18666886.0,31979640.0,743001968.0,11561416.0,15148692.0,11824261.0,51316537.0,15725711.0,158996863.0,210313400.0,13565581.0,2358149925.0,475021287.0,56172019.0,34500.0,32.831262786491536,12.13913043478261,Profit,142,Q3,69090231.3040173,-12918212.304017305
360145,OH,U,STH,1,2,2018-01-01,2018-12-31,1049.54,13700.0,824.0,40654.0,206.0,75190.0,3105.0,210.0,9793.0,206.0,9436.0,488.0,27977.0,159.0,58035.0,3105.0,210.0,9793.0,9153448.0,63491047.0,19651136.0,63475929.0,28051.0,71794287.0,-50862541.0,4231008.0,495832.0,28381007.0,3381000.0,2304773.0,45868451.0,299238.0,48207688.0,59053090.0,22299254.0,22799254.0,110233351.0,4697736.0,4759248.0,814132.0,10648681.0,41814.0,41814.0,10690495.0,5898338.0,590950437.0,195790921.0,11932233.0,63318.0,20.53331628085433,16.04599008180928,Profit,185,Q2,14993725.292664988,-3061492.292664988
420101,SC,U,STH,1,4,2019-01-01,2019-12-31,218.3,3094.0,970.0,9106.0,41.0,14965.0,981.0,83.0,2965.0,41.0,2674.0,661.0,6626.0,37.0,13505.0,981.0,83.0,2965.0,18861080.0,18554411.0,3182965.0,18554411.0,550.0,34781250.0,-23483346.0,1985475.0,294180.0,16885489.0,8769367.0,683456.0,23972519.0,2004868.0,20927648.0,47330548.0,13618219.0,13618219.0,77834256.0,2835703.0,622086.0,2222011.0,7131101.0,7814.0,17366174.0,24497275.0,1745240.0,401608629.0,59367347.0,11839775.0,9829.0,25.074047594729855,12.890426289551328,Profit,235,Q2,11037225.715296276,802549.2847037241
390139,PA,R,STH,1,2,2019-07-01,2020-06-30,1326.36,18779.0,805.0,47642.0,248.0,91439.0,4397.0,118.0,12575.0,268.0,16346.0,408.0,34109.0,194.0,71675.0,4397.0,118.0,12575.0,9282475.0,107642557.0,26581745.0,107338863.0,653141.0,88595843.0,-59398767.0,13118146.0,4361427.0,179653926.0,1574115.0,11785146.0,489327498.0,25880049.0,206902274.0,402677621.0,140417543.0,347801367.0,930132914.0,20163888.0,16913921.0,59444729.0,110117608.0,170158095.0,271758615.0,381876223.0,34629433.0,1068965128.0,358722395.0,-15025626.0,827180.0,5.784590400442992,17.75925433400227,Loss,221,Q0,-17308752.573626217,2283126.5736262165
340010,NC,R,STH,1,9,2015-10-01,2016-06-30,1509.25,17724.0,7542.0,38022.0,261.0,71514.0,3299.0,2189.0,7841.0,261.0,15844.0,5624.0,32624.0,245.0,67130.0,3299.0,2189.0,7841.0,16758593.0,64276685.0,8870013.0,64276685.0,20265197.0,42162978.0,-19046000.0,5554953.0,2917089.0,90901728.0,225000.0,8034143.0,137860948.0,54112806.0,63379143.0,116973836.0,141473591.0,144566157.0,352441721.0,6038003.0,13719892.0,60037723.0,79795618.0,126701997.0,126701997.0,206497615.0,26282023.0,256219936.0,166456659.0,8385267.0,124447.0,21.813283238994487,14.361937210218004,Profit,199,Q1,20630588.232798636,-12245321.232798636
50043,CA,U,STH,1,2,2019-01-01,2019-12-31,1647.01,25645.0,2624.0,52069.0,403.0,152263.0,5035.0,493.0,11660.0,461.0,22825.0,2336.0,46258.0,367.0,139123.0,5035.0,493.0,11660.0,8245357.0,243604229.0,38539056.0,241724961.0,30757048.0,235847202.0,-177234025.0,9354207.0,1331433.0,296757016.0,19771937.0,3181313.0,792660770.0,67564206.0,122890099.0,473264909.0,119823335.0,120705881.0,890727806.0,10605593.0,354712461.0,48022968.0,427504649.0,19983367.0,400444789.0,827949438.0,20254522.0,1231386531.0,562726972.0,76792709.0,23726.0,15.287277701778384,8.829975554244289,Profit,235,Q3,63093359.45402785,13699349.545972154
410013,RI,U,STH,1,2,2016-10-01,2017-09-30,415.0,4921.0,398.0,10071.0,75.0,27375.0,1194.0,98.0,2497.0,75.0,4090.0,250.0,8246.0,66.0,24090.0,1194.0,98.0,2497.0,3973550.0,27295023.0,4358893.0,27295023.0,8869130.0,11099201.0,-5815934.0,1166404.0,134763.0,17244987.0,7742000.0,758000.0,22213537.0,7526527.0,9458669.0,44056763.0,2813000.0,16669175.0,77970925.0,1429213.0,2474691.0,1083736.0,5362063.0,31136000.0,31136000.0,36498063.0,9876005.0,139667529.0,70580557.0,-4411000.0,21031.0,10.600876981641209,21.82967999619609,Loss,131,Q0,-2842982.187473165,-1568017.8125268351
670043,TX,U,STH,1,4,2015-12-01,2016-11-30,524.65,4991.0,481.0,18217.0,93.0,34038.0,1319.0,418.0,4832.0,93.0,4616.0,301.0,14634.0,73.0,26718.0,1319.0,418.0,4832.0,38123660.0,39317340.0,6213876.0,39317340.0,-494181.0,31960222.0,-8360978.0,4099660.0,512217.0,28225591.0,10154011.0,3383115.0,86542356.0,4515357.0,30189255.0,101950737.0,4527609.0,4527609.0,134703937.0,3388059.0,3464446.0,3932638.0,71821389.0,25710811.0,25710811.0,97532200.0,1769699.0,487473763.0,106026681.0,1297635.0,75279.0,4.416525666475706,7.733896571420981,Profit,155,Q1,20435599.32329665,-19137964.32329665
150065,IN,R,STH,1,8,2018-01-01,2018-12-31,838.68,3637.0,2382.0,10213.0,91.0,33215.0,886.0,486.0,2607.0,93.0,3097.0,1589.0,7610.0,84.0,30660.0,886.0,486.0,2607.0,12429674.0,64499578.0,8667820.0,64442640.0,50750399.0,57888564.0,-42218108.0,4107699.0,2790424.0,106726210.0,9815404.0,4523059.0,95724254.0,6310242.0,50234730.0,79946915.0,181792762.0,191988129.0,378661254.0,4590897.0,10715541.0,1082.0,16511748.0,8725706.0,36506618.0,53018366.0,1952638.0,233895795.0,144098160.0,908445.0,30970.0,15.434295505469883,15.524701323861803,Profit,185,Q1,20156667.22889512,-19248222.22889512
510008,WV,U,STH,1,2,2016-01-01,2016-12-31,970.54,14139.0,3292.0,35147.0,154.0,57117.0,2883.0,614.0,7974.0,177.0,11254.0,2557.0,27016.0,130.0,48333.0,2883.0,614.0,7974.0,7251253.0,60546976.0,10263190.0,60546976.0,24989000.0,36046000.0,-19503000.0,2082000.0,258000.0,54223000.0,78000.0,1060000.0,66025000.0,14555000.0,50690000.0,58007000.0,20133000.0,21489000.0,133719000.0,9340000.0,10049000.0,7036000.0,26425000.0,7329000.0,56114000.0,82539000.0,5242203.0,232596306.0,178836214.0,12832000.0,13934.0,31.340646396230586,14.561504234247169,Profit,152,Q2,8330580.5052550845,4501419.4947449155
180043,KY,R,STH,1,1,2017-10-01,2018-09-30,376.6,2188.0,188.0,5566.0,49.0,17885.0,660.0,32.0,1642.0,49.0,1775.0,177.0,4438.0,43.0,15695.0,660.0,32.0,1642.0,1687422.0,28557171.0,1634751.0,28557171.0,3073389.0,8451095.0,-2260163.0,663625.0,289939.0,11208636.0,91795.0,763450.0,19353559.0,4917329.0,12029877.0,14488226.0,10401835.0,10408036.0,36104898.0,4230654.0,2866890.0,3041510.0,10429965.0,295407.0,8490302.0,18920267.0,3934357.0,141627602.0,61332882.0,-3608134.0,18220.0,38.46611885197094,13.792535675082329,Loss,171,Q0,-3758674.69647003,150540.69647003012
110075,GA,R,STH,1,5,2015-10-01,2016-09-30,642.96,11247.0,2394.0,32423.0,149.0,54534.0,2531.0,1957.0,8132.0,149.0,7841.0,1010.0,21219.0,125.0,45750.0,2531.0,1957.0,8132.0,68435773.0,33101906.0,3775040.0,33207371.0,-2203226.0,93190791.0,-53077586.0,3330377.0,562585.0,41665256.0,5950000.0,390000.0,36836583.0,1166643.0,10254963.0,56829188.0,13398587.0,13398587.0,111893031.0,3097008.0,2176322.0,790275.0,-89114757.0,27572856.0,27818769.0,-61295988.0,19228857.0,716835375.0,107796598.0,66436128.0,73141.0,31.549423207419135,10.187172721182373,Profit,213,Q3,21209854.596127577,45226273.40387242
360364,OH,U,STH,1,2,2019-01-01,2019-12-31,616.55,9980.0,328.0,23931.0,126.0,45990.0,2789.0,90.0,6993.0,126.0,9042.0,267.0,21680.0,114.0,41610.0,2789.0,90.0,6993.0,5234649.0,42495484.0,16842948.0,42495484.0,19738371.0,22464316.0,-5109957.0,1975928.0,118480.0,39222867.0,18708028.0,6358925.0,206034665.0,629889.0,31779378.0,186631876.0,575368.0,747411.0,226602154.0,3399840.0,2680293.0,2666798.0,8747159.0,317202.0,317202.0,9064361.0,5597929.0,353147599.0,120396661.0,34384453.0,22999.0,2.785221631595132,15.283273185790684,Profit,235,Q2,14507036.048814356,19877416.951185644
80003,DE,U,STH,1,2,2016-07-01,2017-06-30,870.41,6378.0,950.0,19663.0,146.0,53290.0,1338.0,212.0,5118.0,146.0,5542.0,762.0,15719.0,127.0,46355.0,1338.0,212.0,5118.0,8843939.0,66104945.0,1.0,66104945.0,186885.0,75510039.0,-53175990.0,3723497.0,301380.0,36620280.0,682112.0,201642.0,19146770.0,817966.0,59214755.0,25432602.0,5491404.0,5491404.0,67544286.0,20340445.0,6255710.0,3485770.0,33953988.0,84873.0,113147859.0,147101847.0,9381174.0,264641904.0,154212539.0,-6988358.0,39697.0,23.30320796743388,10.77159483084364,Loss,131,Q0,-9103340.083835391,2114982.0838353913
330046,NY,R,STH,1,2,2017-01-01,2017-12-31,5565.89,39932.0,14115.0,176781.0,621.0,221217.0,6741.0,2206.0,31729.0,771.0,34286.0,11525.0,139112.0,508.0,182062.0,6741.0,2206.0,31729.0,18754964.0,466051434.0,49897244.0,466051434.0,66785046.0,122238128.0,-14602000.0,16396327.0,1350343.0,293874179.0,5285727.0,232088.0,932952142.0,10563277.0,512586338.0,545895031.0,126888431.0,327310605.0,1167079815.0,123573191.0,60800272.0,61044835.0,297602918.0,509377855.0,842841251.0,1140444169.0,21062472.0,2392787143.0,1146060074.0,12928421.0,41592.0,11.981555695041282,15.93816118484324,Profit,142,Q2,102952815.1360554,-90024394.1360554
50245,CA,U,STH,1,9,2017-07-01,2018-06-30,3035.76,10806.0,28993.0,94829.0,366.0,133590.0,1764.0,5771.0,19884.0,456.0,8936.0,18824.0,71588.0,274.0,100010.0,1764.0,5771.0,19884.0,4688005.0,206686798.0,22655160.0,206686798.0,316387778.0,158108192.0,-122902701.0,2663330.0,3951331.0,413456336.0,22074112.0,3365638.0,552996363.0,29471253.0,124807329.0,345279284.0,123327439.0,145871569.0,904607189.0,3994096.0,37833577.0,42705052.0,169711553.0,241578857.0,583731869.0,753443422.0,12769318.0,1096128838.0,715607847.0,40334868.0,59409.0,14.93945295960708,10.245922334999747,Profit,149,Q3,51196851.81295944,-10861983.81295944
50042,CA,R,STH,1,1,2018-07-01,2019-06-30,374.83,5464.0,754.0,10864.0,49.0,17885.0,1477.0,256.0,3191.0,49.0,4584.0,504.0,8470.0,41.0,14965.0,1477.0,256.0,3191.0,7120538.0,43597970.0,5810966.0,43597970.0,6518960.0,83617614.0,-57379585.0,1319249.0,463319.0,185582841.0,6269329.0,1642996.0,30679664.0,6390060.0,32705703.0,24996272.0,6760991.0,18097473.0,228676586.0,4280154.0,5302004.0,-582020.0,8276658.0,5385070.0,5385070.0,13661728.0,10642675.0,371592502.0,124260084.0,14847428.0,29139.0,21.198738170347003,20.31984625416109,Profit,212,Q2,25175501.38231848,-10328073.382318482
10083,AL,U,STH,1,4,2015-10-01,2016-09-30,601.64,9676.0,2752.0,26402.0,112.0,40992.0,2155.0,924.0,6505.0,112.0,7207.0,2567.0,19118.0,82.0,30012.0,2155.0,924.0,6505.0,64334496.0,31519930.0,3946696.0,31525884.0,-212768.0,37425845.0,-14337752.0,2746066.0,670778.0,26289167.0,2679698.0,454650.0,28772719.0,2927814.0,23703232.0,34141342.0,3670310.0,3670310.0,64100819.0,3780727.0,2947511.0,127918.0,-55072291.0,11527.0,110972.0,-54961319.0,13563995.0,863636910.0,82268241.0,24328468.0,27899.0,14.94281900501461,21.545575110219005,Profit,213,Q2,17844784.762834914,6483683.237165086
380021,OR,U,STH,1,2,2015-10-01,2016-06-30,689.46,2624.0,3292.0,10780.0,194.0,53156.0,662.0,815.0,2866.0,215.0,1590.0,3292.0,6665.0,165.0,45210.0,662.0,815.0,2866.0,7683900.0,66750727.0,4668387.0,66750727.0,9519100.0,27226200.0,-4666600.0,3087100.0,2779400.0,48385400.0,2407625.0,877689.0,62658984.0,17057892.0,92255704.0,35972388.0,17937512.0,57011512.0,141369300.0,10662000.0,13262800.0,1009500.0,26050400.0,54706200.0,74047100.0,100097500.0,6331107.0,195000171.0,138356914.0,-11557969.0,47729.0,15.306840724387277,10.78589536759622,Loss,199,Q0,-8337132.309654691,-3220836.6903453087
490116,VA,R,STH,1,4,2018-09-01,2019-08-31,208.04,3249.0,176.0,5485.0,92.0,33580.0,865.0,40.0,1466.0,92.0,2748.0,176.0,4415.0,84.0,30660.0,865.0,40.0,1466.0,4187231.0,13962374.0,2286560.0,13992449.0,23814.0,10108658.0,-3885323.0,1718821.0,393523.0,8348353.0,321180.0,839822.0,12584340.0,14689342.0,22465011.0,18462819.0,186733.0,186733.0,26997905.0,1455853.0,1508422.0,-754922.0,2899608.0,114619.0,65516872.0,68416480.0,4756501.0,272565573.0,49170537.0,-3803542.0,14164.0,18.146690518783544,20.439141485456087,Loss,235,Q0,-4528567.941570883,725025.9415708827
240104,MN,U,STH,1,2,2019-01-01,2019-12-31,689.54,5491.0,1471.0,18446.0,89.0,32485.0,1449.0,280.0,5672.0,89.0,5491.0,555.0,16282.0,89.0,32485.0,1449.0,280.0,5672.0,8383846.0,62281173.0,4842588.0,61996112.0,450412.0,60991321.0,-34124041.0,2141857.0,49003.0,224834758.0,220940.0,3003180.0,103271727.0,4774226.0,44035875.0,73121557.0,1478612.0,84362252.0,382318567.0,907886.0,5023257.0,190689624.0,198600703.0,44909050.0,44909050.0,243509753.0,3209465.0,211090412.0,174319272.0,19688077.0,45062.0,5.529481454479177,8.989836225644668,Profit,235,Q2,17376510.791299827,2311566.2087001726
340023,NC,U,STH,1,1,2018-01-01,2018-12-31,885.53,5139.0,1782.0,14009.0,73.0,26645.0,1249.0,745.0,3375.0,98.0,4836.0,1087.0,12047.0,59.0,21535.0,1249.0,745.0,3375.0,8304094.0,77109989.0,7545755.0,76963439.0,98052541.0,30715622.0,-7486522.0,3491915.0,1480591.0,127831275.0,6623961.0,994794.0,62038984.0,14768187.0,23178455.0,53535488.0,4187855.0,4211417.0,185578180.0,6315114.0,5503053.0,8248416.0,20998519.0,114143.0,27881043.0,48879562.0,2564484.0,386411702.0,181007722.0,11774689.0,34945.0,15.805833139669998,22.223494062097583,Profit,185,Q2,24607033.780316196,-12832344.780316196
670041,TX,U,STH,1,2,2017-07-01,2018-06-30,502.46,11641.0,404.0,34000.0,137.0,50005.0,2292.0,81.0,7309.0,137.0,8696.0,291.0,26047.0,109.0,39785.0,2292.0,81.0,7309.0,34332293.0,38794435.0,7730219.0,38125546.0,5704.0,109081190.0,-88899006.0,3455627.0,3107244.0,58854996.0,7659149.0,7716884.0,108745684.0,583977.0,50603131.0,100168659.0,-68383747.0,-68383747.0,90639908.0,6310129.0,2872910.0,29105966.0,39036805.0,17125155.0,17125155.0,56161960.0,16937052.0,794644788.0,136800440.0,4337896.0,48362.0,6.102186755104156,7.551383317480667,Profit,149,Q1,16696780.995602543,-12358884.995602543
390228,PA,U,STH,1,2,2019-07-01,2020-06-30,1636.48,12644.0,602.0,56710.0,289.0,105741.0,3077.0,121.0,13791.0,315.0,10983.0,475.0,46291.0,250.0,91467.0,3077.0,121.0,13791.0,5390286.0,99650602.0,17772328.0,99650602.0,52376556.0,34269820.0,-4200362.0,7601860.0,5846627.0,122362187.0,9810635.0,9614418.0,159508445.0,94807545.0,135263146.0,199096596.0,86759698.0,352839475.0,674298258.0,33532633.0,14386402.0,30382367.0,86841257.0,34954634.0,152151500.0,238992757.0,18420330.0,837089264.0,292987012.0,31235691.0,1218380.0,11.299469310255027,18.93867266370098,Profit,221,Q2,31325755.00572687,-90064.00572687015
70010,CT,U,STH,1,2,2017-10-01,2018-09-30,2250.91,31849.0,23832.0,91550.0,332.0,121180.0,5694.0,6239.0,20234.0,371.0,27801.0,19463.0,80147.0,300.0,109500.0,5694.0,6239.0,20234.0,15435787.0,173511071.0,29799901.0,173511071.0,78566170.0,80371275.0,-24058971.0,6104697.0,2531209.0,204460691.0,1654817.0,33753496.0,293190775.0,127298633.0,155555968.0,290862992.0,60462092.0,176752132.0,672075815.0,22060564.0,21486321.0,50778997.0,101226068.0,221404767.0,241723512.0,342949580.0,64635139.0,1337554541.0,528591531.0,72797140.0,23275.0,16.345514950166113,13.697099892588616,Profit,171,Q3,33102953.640332364,39694186.35966764
330140,NY,U,STH,1,1,2016-07-01,2017-06-30,3328.39,48038.0,4558.0,126562.0,451.0,164615.0,8314.0,655.0,24933.0,451.0,42063.0,3140.0,108767.0,395.0,144175.0,8314.0,655.0,24933.0,3172724.0,252118329.0,37347817.0,252118329.0,7655095.0,83754586.0,-11034419.0,6619367.0,1840780.0,141332249.0,3925693.0,797888.0,161504928.0,1759136.0,117982170.0,230950806.0,6052317.0,44653636.0,416936691.0,47824315.0,41258829.0,8133495.0,107788472.0,35889132.0,265875227.0,373663699.0,87136972.0,835410398.0,598413077.0,16448352.0,17027.0,33.253412025082994,15.299230633699418,Profit,131,Q2,49963466.22480243,-33515114.224802427
340023,NC,U,STH,1,1,2017-01-01,2017-12-31,907.14,4943.0,1817.0,14003.0,73.0,26645.0,1257.0,897.0,3375.0,98.0,4595.0,979.0,11965.0,59.0,21535.0,1257.0,897.0,3375.0,5821360.0,73882756.0,6924176.0,73762853.0,96330009.0,10423110.0,-6484721.0,2556076.0,1831549.0,116546724.0,6623961.0,908919.0,59642017.0,14829199.0,19822056.0,53025665.0,2942749.0,2965178.0,172537567.0,6600569.0,4798542.0,9559312.0,21840366.0,126636.0,24278280.0,46118646.0,2539060.0,355760220.0,165619555.0,17986510.0,33643.0,16.710419118312664,22.741729334482656,Profit,142,Q2,19656027.20726777,-1669517.2072677687
370106,OK,U,STH,1,2,2016-07-01,2017-06-30,905.03,19284.0,10706.0,50563.0,195.0,71234.0,3668.0,2025.0,10075.0,281.0,13658.0,8578.0,41697.0,175.0,63934.0,3668.0,2025.0,10075.0,26320635.0,64624577.0,14721023.0,64460632.0,42603736.0,161232167.0,-134140864.0,2996447.0,59451.0,109572969.0,6247892.0,2152922.0,22029226.0,20778486.0,73302390.0,58629955.0,4404009.0,94282510.0,262485434.0,78283.0,4760759.0,9476231.0,14315273.0,1.0,281671.0,14596944.0,24151622.0,888177551.0,231902470.0,10579357.0,22462.0,28.4872475372228,10.114860653548217,Profit,131,Q1,22425682.01855416,-11846325.018554159
510006,WV,R,STH,1,2,2019-01-01,2019-12-31,1652.41,23913.0,3694.0,59768.0,232.0,84680.0,5098.0,668.0,13039.0,264.0,21554.0,3072.0,51745.0,212.0,77380.0,5098.0,668.0,13039.0,17717402.0,136714603.0,21093982.0,136556941.0,49558000.0,119760000.0,-59909000.0,5649000.0,3193000.0,157789000.0,9758000.0,15021000.0,293289000.0,40264000.0,162149000.0,278938000.0,2648000.0,288264000.0,724991000.0,15301000.0,23582000.0,2950000.0,45475000.0,25470000.0,226636000.0,272111000.0,10201873.0,700672035.0,375447702.0,87321000.0,14760.0,7.78587135788895,19.42411924119241,Profit,235,Q3,30628921.231602963,56692078.76839703
50526,CA,U,STH,1,4,2016-01-01,2016-12-31,251.69,4656.0,752.0,11070.0,106.0,38690.0,1003.0,241.0,3106.0,131.0,3877.0,624.0,9128.0,94.0,34310.0,1003.0,241.0,3106.0,5280426.0,20550817.0,3427398.0,20550817.0,6149448.0,79646380.0,-70678097.0,765535.0,239340.0,23963873.0,19545450.0,66600.0,44649745.0,593039.0,7483373.0,57799408.0,9326369.0,9326369.0,91089650.0,3303319.0,2070937.0,3213493.0,9214105.0,718683.0,723919.0,9938024.0,2153804.0,156707199.0,52642012.0,-1285239.0,61285.0,14.121392120506046,12.544668352778004,Loss,152,Q0,-6614287.31412135,5329048.31412135
500011,WA,U,STH,1,2,2018-07-01,2019-06-30,672.28,9238.0,2053.0,28583.0,129.0,47085.0,1670.0,250.0,9118.0,129.0,8443.0,994.0,24899.0,119.0,43435.0,1670.0,250.0,9118.0,12205947.0,55761163.0,16671789.0,65656905.0,8530400.0,125829326.0,-100691182.0,4138758.0,222535.0,39523124.0,7414346.0,1128574.0,130032225.0,2257412.0,66107880.0,139998686.0,17219320.0,51436721.0,230958531.0,7712984.0,6290875.0,6498737.0,24741620.0,2792410.0,101726903.0,126468523.0,13368422.0,770730170.0,197243350.0,1006812.0,21452.0,9.78448880370249,17.853813164273728,Profit,212,Q1,20799008.852574695,-19792196.852574695
310110,NJ,U,STH,1,2,2017-01-01,2017-12-31,882.61,16874.0,750.0,37819.0,164.0,59860.0,3153.0,115.0,7949.0,164.0,15363.0,173.0,34428.0,144.0,52560.0,3153.0,115.0,7949.0,7919742.0,64180839.0,8864722.0,64411760.0,1222321.0,24000378.0,-9077566.0,3973407.0,889699.0,110861867.0,87255.0,5332991.0,134635289.0,22794304.0,74967025.0,88745089.0,3726518.0,4134198.0,203741154.0,12146954.0,3975305.0,11487978.0,27629025.0,97356836.0,97356836.0,124985861.0,6665925.0,1136664737.0,180923501.0,447940.0,18967.0,1.9934259357438235,19.312490114409236,Profit,142,Q1,14969709.802867744,-14521769.802867744
320085,NM,U,STH,1,4,2016-04-01,2017-03-31,800.88,18310.0,2834.0,47319.0,182.0,62304.0,3489.0,2489.0,9917.0,182.0,15211.0,99.0,37198.0,147.0,49529.0,3489.0,2489.0,9917.0,14107395.0,51163718.0,6612373.0,51163718.0,-1290869.0,51766138.0,-5206404.0,5385493.0,1688217.0,52738538.0,10512134.0,2422704.0,65350142.0,2101219.0,33833579.0,82032897.0,4161835.0,4161835.0,138933270.0,6266890.0,5968763.0,955401.0,-203626319.0,122525.0,122525.0,-203503794.0,17028120.0,811947749.0,147838814.0,74234194.0,30310.0,17.61335243362095,21.16133289343451,Profit,139,Q3,26560276.956727248,47673917.04327275
520013,WI,U,STH,1,2,2019-07-01,2020-06-30,751.11,11879.0,2063.0,29604.0,168.0,61488.0,2300.0,551.0,6875.0,192.0,9497.0,1627.0,23343.0,146.0,53436.0,2300.0,551.0,6875.0,6946228.0,52443053.0,10663314.0,52443053.0,13103705.0,59359248.0,-34082623.0,5207590.0,1114925.0,73007483.0,3005334.0,3779993.0,109666392.0,56679833.0,146489823.0,136085245.0,9684217.0,494548054.0,703640782.0,36507037.0,8904972.0,1439359.0,73013568.0,52251853.0,70934807.0,143948375.0,18965166.0,243636495.0,212186676.0,-38885479.0,104132.0,13.074176675900832,15.420812046248992,Loss,221,Q0,-17011153.850074776,-21874325.149925224
450674,TX,U,STH,1,4,2017-03-01,2018-02-28,1210.19,412.0,7874.0,112965.0,257.0,93805.0,94.0,970.0,14025.0,257.0,330.0,2134.0,46509.0,253.0,92345.0,94.0,970.0,14025.0,8746308.0,99939210.0,-35823154.0,99451728.0,78556.0,117339557.0,-17582171.0,3335498.0,1448445.0,105713063.0,9050708.0,2814797.0,86018959.0,85950463.0,98472667.0,133249178.0,13103548.0,13709122.0,252671363.0,7970202.0,8948594.0,668814.0,19360699.0,320966.0,-1450429335.0,-1431068636.0,239462.0,1535197156.0,198205002.0,215720131.0,22704.0,20.344384932052588,5.31183932346723,Profit,144,Q3,81448243.1416722,134271887.8583278
120001,HI,U,STH,1,2,2017-07-01,2018-06-30,3940.6,41843.0,1798.0,179592.0,615.0,231885.0,6314.0,261.0,28110.0,615.0,38188.0,1397.0,161107.0,557.0,210715.0,6314.0,261.0,28110.0,41492327.0,416618289.0,42735806.0,411234028.0,23978287.0,372509083.0,-194924775.0,14988746.0,9056973.0,1174958388.0,36716768.0,15779952.0,278045285.0,14156221.0,252392040.0,358035631.0,80103362.0,80103362.0,1613097381.0,46681382.0,56210687.0,97207457.0,200099526.0,284621173.0,542222678.0,742322204.0,47648038.0,1889149043.0,1102062091.0,69497967.0,25219.0,9.280318091451292,20.01665410999643,Profit,149,Q3,87959824.24436165,-18461857.244361654
220074,MA,U,STH,1,2,2017-10-01,2018-09-30,4427.99,66566.0,17248.0,148836.0,835.0,304775.0,13681.0,7874.0,32582.0,867.0,60148.0,13051.0,124444.0,761.0,277765.0,13681.0,7874.0,32582.0,25729639.0,326675929.0,48942188.0,326675929.0,28859306.0,94424191.0,-12473706.0,12556773.0,10219171.0,196712714.0,9859862.0,3368830.0,235664287.0,34846510.0,369650726.0,358767585.0,312049448.0,402708457.0,958188756.0,33384750.0,18807323.0,74448347.0,137325806.0,48359394.0,264418405.0,401744211.0,140555726.0,1224699745.0,777456709.0,71755273.0,30699.0,17.2335982756298,17.919150460927067,Profit,171,Q3,65669906.68625958,6085366.313740417
450558,TX,U,STH,1,4,2016-09-01,2017-08-31,659.71,10583.0,573.0,28413.0,184.0,67160.0,2183.0,970.0,6133.0,203.0,8896.0,235.0,21272.0,148.0,54020.0,2183.0,970.0,6133.0,21711618.0,45661381.0,5746151.0,45661381.0,39691.0,54107372.0,-32854532.0,3954678.0,734918.0,26085168.0,4372236.0,2055456.0,64645594.0,6146481.0,24666290.0,73712296.0,24696781.0,24696781.0,124494245.0,3302337.0,3769052.0,1725030.0,59715719.0,5108190.0,5108190.0,64823909.0,18219272.0,829450081.0,124402191.0,3502201.0,23929.0,11.1384042012536,15.278532324794185,Profit,128,Q1,17681595.00344588,-14179394.003445879
490110,VA,U,STH,1,4,2018-10-01,2019-09-30,385.71,6394.0,443.0,13935.0,92.0,33580.0,1722.0,114.0,3891.0,92.0,5643.0,314.0,10949.0,82.0,29930.0,1722.0,114.0,3891.0,5878077.0,25798670.0,3956579.0,25788615.0,6236.0,23373640.0,-8626865.0,3392387.0,743318.0,18765157.0,4201759.0,2413681.0,27410963.0,27416887.0,28104685.0,31862195.0,7032912.0,7032912.0,57660264.0,3581623.0,2837205.0,10221346.0,18291496.0,3604252.0,-216222111.0,-197930615.0,13237891.0,505992555.0,78711805.0,32754080.0,55676.0,34.63691944653009,9.390042388102591,Profit,240,Q2,27116918.585363682,5637161.414636318
90005,DC,U,STH,1,2,2017-07-01,2018-06-30,1594.82,16353.0,742.0,49474.0,185.0,67585.0,3531.0,141.0,10871.0,251.0,12501.0,508.0,32037.0,150.0,54750.0,3531.0,141.0,10871.0,12580941.0,128758410.0,36527079.0,128758410.0,28691713.0,86892113.0,-63607002.0,7078152.0,4241460.0,519915368.0,50833065.0,3339868.0,401481902.0,128282406.0,92834879.0,530374125.0,4930310.0,414245889.0,1464535382.0,23357613.0,16357360.0,17874095.0,60698809.0,14695373.0,314570466.0,375269275.0,25218399.0,550071834.0,361483408.0,87576345.0,34783.0,9.26595234287542,17.7730500531869,Profit,149,Q3,57983861.685131624,29592483.314868376
360163,OH,U,STH,1,2,2018-07-01,2019-06-30,3962.88,32574.0,3196.0,101860.0,471.0,172489.0,6606.0,282.0,22185.0,538.0,28626.0,1318.0,81695.0,403.0,147669.0,6606.0,282.0,22185.0,29388229.0,266703536.0,53488339.0,266703536.0,85693500.0,402504225.0,-294765690.0,20599830.0,11241237.0,816345156.0,48801834.0,14715381.0,479544000.0,307593141.0,259889108.0,522194634.0,40586736.0,391766999.0,1730306789.0,46146726.0,30549894.0,16408169.0,94048517.0,97870377.0,483415643.0,577464160.0,60206155.0,2007894276.0,725013266.0,99611604.0,18766.0,48.25733572117372,4.369604604071193,Profit,212,Q3,89836656.84309494,9774947.156905055
390228,PA,U,STH,1,2,2017-07-01,2018-06-30,1669.26,12535.0,816.0,58369.0,295.0,107648.0,2981.0,166.0,14744.0,321.0,10820.0,648.0,47096.0,256.0,93413.0,2981.0,166.0,14744.0,5330525.0,99235583.0,18746124.0,99235583.0,19022369.0,31049414.0,-4001561.0,7277298.0,6312205.0,78947746.0,9810635.0,7876124.0,113282155.0,74605343.0,129192608.0,125825515.0,36412453.0,264390586.0,469163847.0,14242656.0,10934018.0,3241052.0,31784742.0,22791936.0,62826924.0,94611666.0,18256682.0,820592728.0,274969232.0,51852338.0,13112.0,4.2667509481668775,28.07352043929225,Profit,149,Q3,37013231.647837654,14839106.352162346
300023,NH,R,STH,1,2,2016-10-01,2017-09-30,1119.58,11758.0,511.0,22293.0,97.0,35405.0,2741.0,78.0,5336.0,97.0,9425.0,414.0,16456.0,78.0,28470.0,2741.0,78.0,5336.0,8375558.0,77315713.0,12528277.0,77315713.0,37984098.0,61274736.0,-42168298.0,3663197.0,2504263.0,79982944.0,142400.0,2430041.0,75023983.0,10997858.0,43697796.0,56455358.0,5161806.0,147925933.0,284364235.0,9492009.0,7738285.0,4510264.0,25268368.0,25869591.0,75031442.0,100299810.0,23098651.0,339971141.0,210058798.0,40375077.0,21679.0,5.023370001416364,19.35513630702523,Profit,131,Q3,23547541.261472665,16827535.738527335
210040,MD,U,STH,1,2,2016-07-01,2017-06-30,1184.04,27159.0,2724.0,50554.0,185.0,67350.0,5544.0,741.0,13751.0,221.0,26158.0,2621.0,48640.0,171.0,62240.0,5544.0,741.0,13751.0,9995774.0,91855867.0,11339225.0,92047855.0,55684000.0,32995000.0,-9561000.0,5088000.0,782000.0,106726000.0,230352.0,7713124.0,160071652.0,33048318.0,90948765.0,106812000.0,2709000.0,100097000.0,313635000.0,23432000.0,9785000.0,327000.0,41557000.0,10587000.0,100586000.0,142143000.0,45524145.0,63561910.0,240548000.0,29016000.0,33156.0,8.450401815839518,15.357702979852816,Profit,131,Q2,14321565.489377923,14694434.510622077
360197,OH,R,STH,1,2,2016-01-01,2016-12-31,553.2,2149.0,563.0,5197.0,39.0,14274.0,706.0,58.0,1617.0,39.0,1787.0,80.0,3911.0,33.0,12078.0,706.0,58.0,1617.0,1796190.0,35550898.0,5505926.0,35550898.0,22324206.0,22188826.0,-12351006.0,744099.0,5695470.0,40165257.0,4070434.0,2994174.0,27445148.0,19511057.0,37686358.0,30548122.0,45795268.0,47171819.0,117885198.0,3545406.0,6295156.0,1199535.0,12583797.0,14650326.0,14650326.0,27234123.0,1059923.0,117823551.0,91401575.0,8644209.0,19108.0,16.156742139031763,14.716349173121207,Profit,152,Q1,4637963.5219775895,4006245.4780224105
100126,FL,U,STH,1,4,2018-10-01,2019-09-30,406.43,11055.0,523.0,25996.0,167.0,60955.0,2176.0,65.0,5180.0,187.0,9857.0,486.0,22522.0,149.0,54385.0,2176.0,65.0,5180.0,6323859.0,31588925.0,3789453.0,31536512.0,-3955.0,22730704.0,-11778711.0,2340814.0,220986.0,13613987.0,12840000.0,176907.0,12343767.0,15428029.0,19114263.0,39591642.0,118346893.0,118346893.0,171552522.0,1550856.0,2296250.0,182017.0,6998164.0,44353.0,162283072.0,169281236.0,17199971.0,987388008.0,100622049.0,-1847285.0,24767.0,10.920533070088844,33.58501231477369,Loss,240,Q0,-14664721.219856853,12817436.219856853
260065,MO,U,STH,1,1,2019-07-01,2020-06-30,4613.85,38179.0,20177.0,157585.0,672.0,245952.0,8151.0,3568.0,32887.0,672.0,33641.0,13551.0,128238.0,537.0,196542.0,8151.0,3568.0,32887.0,66633817.0,315774018.0,73219248.0,303785119.0,22325956.0,293256318.0,-184902727.0,16466946.0,527394.0,191817304.0,12636100.0,9421927.0,491865743.0,120595228.0,323599147.0,347880995.0,2016466.0,40302175.0,580000474.0,14557281.0,1815244.0,3143517.0,51045403.0,132450.0,132450.0,51177853.0,62241710.0,2823441322.0,811105065.0,123341640.0,291574.0,15.286319041217356,16.45482793390357,Profit,221,Q3,106069594.62101635,17272045.378983647
500151,WA,U,STH,1,1,2019-07-01,2020-06-30,534.88,11707.0,341.0,25037.0,112.0,40992.0,2195.0,61.0,5000.0,112.0,11278.0,341.0,21764.0,96.0,35136.0,2195.0,61.0,5000.0,2838964.0,46091958.0,10633058.0,54078560.0,-296300.0,107180129.0,-86642314.0,3874890.0,64797.0,25977763.0,3531776.0,2067270.0,134516969.0,967485.0,68651358.0,105387974.0,3126709.0,3971747.0,135337484.0,1908022.0,5164952.0,21613823.0,30306005.0,2519852.0,2519852.0,32825857.0,16859378.0,720198470.0,152865270.0,19354847.0,891862.0,9.525269079759232,13.75683682004615,Profit,221,Q2,18441727.9055441,913119.0944559015
100316,FL,U,STH,1,2,2015-10-01,2016-09-30,505.11,10120.0,849.0,25506.0,152.0,55632.0,2247.0,281.0,5870.0,152.0,9108.0,701.0,22820.0,140.0,51240.0,2247.0,281.0,5870.0,14811616.0,37780319.0,10452321.0,29054728.0,32951636.0,21127517.0,-11408620.0,1722810.0,291481.0,45814857.0,2558775.0,5635172.0,49381029.0,1130852.0,33484573.0,70539408.0,165332.0,166182.0,116520447.0,900912.0,3021431.0,2856011.0,20098142.0,57979443.0,58480908.0,78579050.0,16213528.0,423109413.0,88385745.0,5038390.0,43141.0,15.526051753505843,17.030203286896455,Profit,213,Q1,10637957.871882014,-5599567.871882014
110031,GA,U,STH,1,2,2018-07-01,2019-06-30,681.77,10431.0,3671.0,36482.0,160.0,58400.0,2110.0,709.0,8337.0,160.0,9178.0,2149.0,29289.0,138.0,50370.0,2110.0,709.0,8337.0,11123840.0,48298480.0,8350326.0,48298480.0,91157.0,89049867.0,-64854347.0,2380718.0,540696.0,27208091.0,2835000.0,1988552.0,58220209.0,8686710.0,4656215.0,70158889.0,142371244.0,142371244.0,239738224.0,4769752.0,2037522.0,4439092.0,13371366.0,-49194.0,212569830.0,225941196.0,12186007.0,670570799.0,138430564.0,2331222.0,26453.0,11.496907539340798,15.84697387819907,Profit,212,Q1,18230157.943506677,-15898935.943506677
380027,OR,R,STH,1,1,2018-07-01,2019-06-30,816.77,9609.0,6122.0,27215.0,140.0,51100.0,2107.0,1985.0,7301.0,140.0,7070.0,3925.0,21571.0,108.0,39420.0,2107.0,1985.0,7301.0,7651196.0,68531559.0,6240066.0,68531559.0,19061192.0,57099978.0,-28071106.0,5077177.0,886669.0,141455481.0,915514.0,4174385.0,63194680.0,6579002.0,76610051.0,58460087.0,914093.0,206832103.0,406747671.0,7119870.0,8338510.0,10241376.0,28768432.0,16858889.0,16858889.0,45627321.0,15743145.0,456345391.0,194639430.0,30072313.0,31035.0,9.331891608506176,27.082326405671015,Profit,212,Q2,35921255.42952245,-5848942.429522447
520095,WI,U,STH,1,2,2017-01-01,2017-12-31,435.99,1882.0,232.0,3780.0,36.0,13140.0,800.0,38.0,1864.0,36.0,1836.0,53.0,3010.0,36.0,13140.0,800.0,38.0,1864.0,1003742.0,40374009.0,6069961.0,40374009.0,9654338.0,22912755.0,-12764452.0,1076333.0,887588.0,31033085.0,7338643.0,7813309.0,57121521.0,30983763.0,26350316.0,82810365.0,4844109.0,32241055.0,146084505.0,2240352.0,5659473.0,1067804.0,12052497.0,1948421.0,62921578.0,74974075.0,2107815.0,109185489.0,89476576.0,-536328.0,6418.0,4.222499220941104,15.565596759114989,Loss,142,Q0,-3959878.988819654,3423550.988819654
100183,FL,U,STH,1,4,2017-01-01,2017-12-31,550.7,10963.0,1292.0,36520.0,245.0,89425.0,2163.0,208.0,8610.0,245.0,9463.0,1058.0,31099.0,229.0,83585.0,2163.0,208.0,8610.0,11327586.0,39863560.0,4406978.0,39863214.0,75845.0,72153311.0,-50315712.0,2582147.0,678112.0,27117190.0,6490698.0,430947.0,72694904.0,4067671.0,32816377.0,60931785.0,4795555.0,4795555.0,92844530.0,3539760.0,1031077.0,2154761.0,8164458.0,374867.0,374867.0,8539325.0,3723418.0,956735879.0,110959349.0,9287846.0,42496.0,10.670537421227785,20.88667168674699,Profit,142,Q1,12761484.518219652,-3473638.5182196517
30013,AZ,U,STH,1,2,2016-10-01,2017-09-30,2057.89,27336.0,20284.0,65273.0,406.0,148190.0,5898.0,4372.0,16317.0,406.0,25106.0,16523.0,53172.0,344.0,125560.0,5898.0,4372.0,16317.0,24452185.0,157421361.0,34871450.0,157421361.0,37071387.0,122166197.0,-76053949.0,7502511.0,6833866.0,106320224.0,16165210.0,18123498.0,406831143.0,7938552.0,223013050.0,358883973.0,22239450.0,327921496.0,793125693.0,19900596.0,12683169.0,8276561.0,116143440.0,2643464.0,212519772.0,328663212.0,61915726.0,1258789773.0,422476672.0,50672587.0,74299.0,21.083111384279174,13.784842326276262,Profit,131,Q3,36090014.05383906,14582572.946160942
100131,FL,U,STH,1,4,2019-01-01,2019-12-31,1400.69,28046.0,4976.0,100909.0,351.0,128115.0,4711.0,490.0,17550.0,407.0,23832.0,3661.0,85847.0,274.0,100010.0,4711.0,490.0,17550.0,31196172.0,92196607.0,13456394.0,100541557.0,59996.0,83283877.0,-83514488.0,12973851.0,667422.0,13296126.0,5289363.0,5507604.0,93854702.0,99109938.0,87498144.0,158802601.0,1894153.0,1894153.0,173992880.0,10552748.0,7070847.0,649790.0,27628372.0,1192034.0,-691256481.0,-663628109.0,11068838.0,2670727794.0,254300092.0,118147279.0,32441.0,8.094084016902809,24.57075922443821,Profit,235,Q3,90353027.86085467,27794251.13914533
360137,OH,U,STH,1,2,2016-01-01,2016-12-31,7385.77,47451.0,7996.0,175255.0,579.0,211842.0,7621.0,1455.0,30443.0,670.0,40052.0,6073.0,141953.0,499.0,182499.0,7621.0,1455.0,30443.0,20210163.0,523505330.0,79818719.0,512617738.0,7029000.0,376482000.0,-78949000.0,34544000.0,4835000.0,404995000.0,15790000.0,23194000.0,968185000.0,37136000.0,473752000.0,591548000.0,183924000.0,184879000.0,1181422000.0,67200000.0,846000.0,24354000.0,104692000.0,51019000.0,51019000.0,155711000.0,21629326.0,3537973139.0,1502624543.0,245840034.0,25557.0,39.46874413365872,14.438314356145089,Profit,152,Q3,129632056.557381,116207977.442619
520017,WI,U,STH,1,1,2018-07-01,2019-06-30,288.57,2299.0,1074.0,12527.0,102.0,37230.0,647.0,349.0,2905.0,102.0,1534.0,958.0,11215.0,96.0,35040.0,647.0,349.0,2905.0,1378340.0,22772546.0,3279850.0,22772546.0,151925.0,17078726.0,-11289013.0,422624.0,252794.0,13720643.0,383686.0,2364228.0,21000869.0,21536534.0,23716781.0,24951422.0,102461477.0,102461477.0,141133542.0,2159549.0,2901465.0,1193150.0,12732881.0,17542787.0,23295931.0,36028812.0,3267785.0,73666211.0,64190763.0,-8079382.0,32714.0,9.867758186397984,17.25560921929449,Loss,212,Q0,-2822193.6407200783,-5257188.359279921
500051,WA,U,STH,1,2,2019-07-01,2020-06-30,2439.5,15711.0,1675.0,64006.0,286.0,104676.0,3260.0,345.0,15436.0,300.0,13356.0,1140.0,47288.0,237.0,86742.0,3260.0,345.0,15436.0,14908286.0,264285784.0,28416903.0,264285784.0,36635298.0,292881734.0,-216384860.0,9195643.0,11865485.0,140292527.0,2151141.0,4691709.0,252783926.0,47437910.0,213617339.0,178049609.0,252195367.0,751217805.0,1069559941.0,25725551.0,30392315.0,34770376.0,95970773.0,377461751.0,377461751.0,473432524.0,28248883.0,1144040797.0,599736519.0,3948833.0,2225064.0,8.424871037663245,13.178137797384704,Profit,221,Q1,43931064.54876164,-39982231.54876164
330185,NY,U,STH,1,2,2016-01-01,2016-12-31,1868.9,32295.0,889.0,54799.0,195.0,71354.0,5729.0,193.0,10720.0,248.0,28746.0,768.0,48885.0,175.0,64034.0,5729.0,193.0,10720.0,3180953.0,151301537.0,15538093.0,151301537.0,11031780.0,51687479.0,-10782939.0,8129088.0,9278333.0,96185599.0,72838.0,2420018.0,85348126.0,76754269.0,126374515.0,88388669.0,27463993.0,52832238.0,237406506.0,25564408.0,10442209.0,7537255.0,48223915.0,88523581.0,130368611.0,178592526.0,13062531.0,747806879.0,333493962.0,2528421.0,8958.0,5.529953917050691,21.790578254074568,Profit,152,Q1,28452588.317107093,-25924167.317107093
50225,CA,R,STH,1,1,2016-01-01,2016-12-31,700.64,9404.0,590.0,17469.0,100.0,36600.0,2564.0,189.0,4716.0,100.0,8166.0,247.0,13143.0,88.0,32208.0,2564.0,189.0,4716.0,4360573.0,70604464.0,4918307.0,70604464.0,7593327.0,116667043.0,-96607876.0,3067099.0,900252.0,76123647.0,2154440.0,12150155.0,80381435.0,11993415.0,42316236.0,59524676.0,5931726.0,5931726.0,141580049.0,5966368.0,5554109.0,25315.0,12892728.0,3587249.0,73895071.0,86787799.0,6288221.0,989583225.0,214701681.0,7149821.0,27850.0,13.890211301131576,26.08617594254937,Profit,152,Q1,18430494.494774092,-11280673.494774092
450669,TX,U,STH,1,4,2017-06-01,2018-05-31,594.0,7066.0,1998.0,29584.0,138.0,50370.0,1634.0,547.0,6456.0,156.0,6561.0,931.0,21184.0,114.0,41610.0,1634.0,547.0,6456.0,19728769.0,48269282.0,7062896.0,48286990.0,-9925.0,34724420.0,-18849230.0,4349223.0,637009.0,20898687.0,15361372.0,6449500.0,70373559.0,56146316.0,40429909.0,81817478.0,137500.0,390599.0,103106764.0,2999803.0,5296517.0,17955.0,10133706.0,84692.0,231796608.0,241930314.0,9409204.0,833216738.0,140264781.0,-4628257.0,67487.0,10.272371223064438,7.176196897180198,Loss,147,Q0,-19961111.806380652,15332854.806380652
110111,GA,U,STH,1,8,2018-01-01,2018-12-31,120.58,1985.0,254.0,5383.0,25.0,9125.0,179.0,68.0,540.0,25.0,662.0,254.0,1925.0,25.0,9125.0,179.0,68.0,540.0,4817072.0,5444389.0,1920996.0,5547163.0,3470492.0,8328998.0,-4133959.0,452578.0,196645.0,8315496.0,1314519.0,368679.0,25474113.0,25545.0,10643990.0,27691187.0,3797443.0,3797443.0,39804126.0,726669.0,433292.0,1889175.0,4231510.0,945330.0,26446768.0,30678278.0,286043.0,56567434.0,19359695.0,2496365.0,17025.0,25.487972303468037,16.540381791483114,Profit,185,Q1,2152973.185077585,343391.8149224152
330406,NY,U,STH,1,2,2016-07-01,2017-06-30,71.15,2899.0,25.0,4745.0,17.0,6205.0,331.0,3.0,549.0,115.0,2899.0,25.0,4745.0,17.0,6205.0,331.0,3.0,549.0,350000.0,30003561.0,1768228.0,30003561.0,2753033.0,16419299.0,-7984285.0,40858.0,119017.0,29320816.0,419624.0,1525557.0,20493786.0,12655762.0,9709193.0,12704746.0,12723872.0,12742872.0,54768434.0,2759586.0,3194833.0,221475.0,6555894.0,196586.0,8637366.0,15193260.0,1443444.0,60006044.0,53647728.0,4057071.0,15649.0,18.705492491010364,12.13496070036424,Profit,131,Q1,3872047.3945285864,185023.60547141358
220095,MA,U,STH,1,2,2016-10-01,2017-09-30,676.82,5574.0,1566.0,15540.0,114.0,41610.0,1334.0,237.0,3655.0,134.0,5181.0,1496.0,13434.0,103.0,37595.0,1334.0,237.0,3655.0,5064973.0,51315099.0,3791646.0,51315099.0,4104361.0,29278133.0,-18797520.0,1583424.0,741878.0,21192780.0,210871.0,1707956.0,67252738.0,6117759.0,29314945.0,45513130.0,2529257.0,29384216.0,96090126.0,8605159.0,5931374.0,4273966.0,18810499.0,22946068.0,22946068.0,41756567.0,10307566.0,149174627.0,112984362.0,339776.0,20496.0,16.65202336038038,15.651834504293522,Profit,131,Q1,5468929.789621336,-5129153.789621336
260034,MO,R,STH,1,9,2018-01-01,2018-12-31,185.27,2121.0,244.0,3327.0,44.0,16060.0,483.0,73.0,825.0,44.0,1823.0,244.0,2958.0,44.0,16060.0,483.0,73.0,825.0,6801026.0,15145674.0,2065996.0,15145674.0,3286527.0,12071949.0,-8699013.0,943951.0,516651.0,8120065.0,267048.0,680049.0,16670812.0,10908494.0,18606834.0,12480378.0,105910.0,22048358.0,42648801.0,862929.0,2029423.0,581752.0,3775796.0,589314.0,589314.0,4365110.0,742460.0,70700507.0,39546540.0,-3067520.0,6551.0,11.71514862501987,20.07327125629675,Loss,185,Q0,-4232432.80098811,1164912.8009881098
260050,MO,R,STH,1,2,2017-01-01,2017-12-31,374.95,1640.0,465.0,3192.0,38.0,14127.0,335.0,102.0,892.0,52.0,1110.0,352.0,2023.0,38.0,14127.0,335.0,102.0,892.0,3160000.0,26684384.0,1974956.0,26684384.0,4303622.0,13750036.0,-6561755.0,827453.0,626006.0,19577609.0,348530.0,2324935.0,14460200.0,16356493.0,14377098.0,13181410.0,831801.0,11362912.0,44121931.0,2308433.0,2504325.0,1547642.0,7646066.0,99005.0,595846.0,8241912.0,473506.0,54827078.0,65233489.0,-3806208.0,15800.0,25.61108516269656,12.651898734177216,Loss,142,Q0,-4008330.4616202093,202122.46162020927
230254,MI,R,STH,1,2,2018-07-01,2019-06-30,898.53,12634.0,848.0,32030.0,180.0,65189.0,2882.0,155.0,7868.0,224.0,10386.0,464.0,25353.0,154.0,55699.0,2882.0,155.0,7868.0,5173343.0,71536130.0,6449863.0,71498714.0,22033229.0,37697242.0,-11093256.0,4238099.0,321810.0,61687138.0,3780000.0,3074541.0,165536095.0,3065515.0,59577248.0,184941179.0,6994852.0,8692580.0,255320897.0,6021731.0,5903201.0,42660196.0,55267469.0,9310278.0,161499781.0,216767250.0,23249731.0,442982491.0,208750268.0,1743377.0,43674.0,6.8169718293558015,14.995191647204289,Profit,212,Q1,20027479.05792458,-18284102.05792458
150101,IN,U,STH,1,2,2018-01-01,2018-12-31,254.0,1137.0,69.0,5047.0,30.0,10950.0,426.0,23.0,1880.0,30.0,1137.0,47.0,4311.0,30.0,10950.0,426.0,23.0,1880.0,13372454.0,17683072.0,2638275.0,22427723.0,155780.0,25965034.0,-15299033.0,783796.0,2529110.0,14134687.0,260483.0,2492826.0,14801390.0,87962.0,15043487.0,24607199.0,1466022.0,54455090.0,93196976.0,1603498.0,956218.0,146135.0,2705851.0,9835915.0,9835915.0,12541766.0,591938.0,145454624.0,82367913.0,5893515.0,23361.0,9.751943401170408,18.368220538504342,Profit,185,Q1,11474819.013958445,-5581304.013958445
370018,OK,R,STH,1,2,2019-07-01,2020-06-30,424.52,6376.0,1559.0,12224.0,81.0,29646.0,1652.0,448.0,3288.0,114.0,5570.0,707.0,9516.0,73.0,26718.0,1652.0,448.0,3288.0,11803234.0,31970272.0,5071471.0,31817432.0,132389.0,51800260.0,-39217771.0,2494380.0,296786.0,17990543.0,3413253.0,572793.0,44368402.0,1573990.0,22964951.0,45348068.0,2379443.0,-14515422.0,48823189.0,2378345.0,5081413.0,28604446.0,36636435.0,2645800.0,2645800.0,39282235.0,11568407.0,265516740.0,106569225.0,10572443.0,51995.0,13.46225581623638,19.515338013270505,Profit,221,Q1,13192108.318944413,-2619665.318944413
230041,MI,U,STH,1,2,2016-10-01,2017-09-30,1508.2,35317.0,1676.0,65413.0,297.0,108405.0,6897.0,505.0,15642.0,340.0,30556.0,440.0,55710.0,265.0,96725.0,6897.0,505.0,15642.0,12576790.0,130768449.0,11564013.0,126981536.0,12236639.0,36955000.0,-8725052.0,8570113.0,1381267.0,54172203.0,5994002.0,4498767.0,121317251.0,21713148.0,84834161.0,97914807.0,15557499.0,253508671.0,405595681.0,15077901.0,10018872.0,10997554.0,38569076.0,36348439.0,83572695.0,122141771.0,67373000.0,703797559.0,292546043.0,52662892.0,26744.0,23.571645646558274,16.156895004486987,Profit,131,Q3,35093219.28195713,17569672.718042873
340087,NC,R,STH,1,2,2017-10-01,2018-09-30,244.03,3217.0,1676.0,8287.0,49.0,17885.0,804.0,623.0,2147.0,49.0,3217.0,1251.0,7847.0,40.0,14600.0,804.0,623.0,2147.0,16599794.0,18354565.0,3109278.0,18354565.0,1817156.0,43436173.0,-29604277.0,1078267.0,4259.0,18398436.0,545868.0,382317.0,51582679.0,12792.0,14317461.0,60862837.0,897133.0,912133.0,80173406.0,878833.0,2954646.0,3045322.0,10010320.0,175000.0,34832202.0,44842522.0,4884628.0,147552403.0,70805942.0,-554904.0,30591.0,16.767840280588157,18.642738060213787,Loss,171,Q0,-5302088.3931032475,4747184.3931032475
150035,IN,U,STH,1,4,2016-01-01,2016-12-31,1494.78,26991.0,2329.0,56847.0,238.0,87108.0,4984.0,1538.0,12366.0,252.0,23336.0,749.0,46541.0,192.0,70272.0,4984.0,1538.0,12366.0,23931325.0,90107045.0,13948597.0,90144847.0,-1031597.0,52597739.0,-7985915.0,8710281.0,1337259.0,54199740.0,11615241.0,4917686.0,191903322.0,6748728.0,57655000.0,215804694.0,12851271.0,12851271.0,282855705.0,10108937.0,7955682.0,3154336.0,-64115804.0,14674752.0,14721973.0,-49393831.0,11448695.0,1522961408.0,271697518.0,42009452.0,40866.0,13.631199302454618,14.305290461508344,Profit,152,Q3,30736229.5468235,11273222.453176498
340068,NC,R,STH,1,8,2018-10-01,2019-09-30,506.03,8136.0,3418.0,18758.0,154.0,56210.0,1625.0,1050.0,4492.0,154.0,7439.0,2747.0,16574.0,144.0,52560.0,1625.0,1050.0,4492.0,15913776.0,29041428.0,6799452.0,29041428.0,4733753.0,48983852.0,-37482679.0,2142842.0,1342219.0,20804634.0,270285.0,941240.0,44715128.0,1143572.0,83166272.0,47108245.0,55190098.0,93885377.0,161798256.0,5176174.0,4120327.0,3018491.0,12314992.0,21985620.0,21985620.0,34300612.0,11633577.0,211979080.0,80752919.0,1476669.0,18522.0,24.41840525864533,18.64809415829824,Profit,240,Q1,8795590.856513567,-7318921.856513567
340010,NC,R,STH,1,9,2019-07-01,2020-06-30,1328.0,17131.0,8266.0,43830.0,239.0,87474.0,3343.0,2502.0,8982.0,239.0,15484.0,5849.0,36724.0,223.0,81618.0,3343.0,2502.0,8982.0,36759861.0,89233824.0,-1186670.0,89233824.0,21038935.0,45761036.0,-24798000.0,6793788.0,3592283.0,55030487.0,225000.0,8190361.0,185275073.0,56371583.0,68195685.0,142584377.0,163212506.0,230641917.0,428256781.0,7633806.0,17868231.0,82030960.0,107532997.0,42504123.0,132566106.0,240099103.0,21886568.0,361445740.0,237057891.0,-16958631.0,123785.0,18.7015503875969,16.445449771781718,Loss,221,Q0,-18960169.801156525,2001538.8011565246
150150,IN,U,STH,1,4,2016-04-01,2017-03-31,570.15,2443.0,2663.0,22605.0,131.0,47815.0,665.0,1348.0,6166.0,131.0,2079.0,295.0,11525.0,92.0,33580.0,665.0,1348.0,6166.0,6913863.0,32057732.0,5925797.0,32057732.0,-354417.0,25428441.0,2396369.0,3824769.0,1451213.0,33100017.0,1060000.0,629378.0,63592652.0,1962165.0,34789787.0,65463203.0,5683360.0,5683360.0,104246580.0,3498885.0,3709049.0,1752741.0,-279669667.0,44033990.0,45508697.0,-234160970.0,2490390.0,516245732.0,114175213.0,39707805.0,29068.0,10.82978277572117,15.518783542039357,Profit,139,Q3,33518634.214054808,6189170.785945192
240038,MN,U,STH,1,2,2017-01-01,2017-12-31,2465.19,34341.0,8188.0,95564.0,332.0,121180.0,8100.0,2496.0,23248.0,361.0,28666.0,7342.0,80326.0,297.0,108405.0,8100.0,2496.0,23248.0,15066239.0,243427897.0,9990802.0,242935125.0,9893.0,229294083.0,-147243130.0,10096944.0,73650.0,1149840955.0,9362637.0,3388734.0,275121166.0,8739872.0,172042966.0,158186411.0,2652297.0,-15895700.0,1292131666.0,2429768.0,15815728.0,770777333.0,790134333.0,6437214.0,6437214.0,796571547.0,23142939.0,1078404470.0,612351028.0,58269413.0,17923.0,15.40098952939823,15.254142721642584,Profit,142,Q3,63150430.59446652,-4881017.594466522
