,generic_name,start_date,shortage_flag,avg_nadac,end_date,manufacturer_num,ingredient_num,num_forms,liquid_flag,solid_flag
0,"0.9% Sodium Chloride 10 mL, 20 mL, and 50 mL Preservative Free Vials and Syringes",2025-01-22,0,0.08872,2025-02-19,3,3,7,1,0
1,"0.9% Sodium Chloride 10 mL, 20 mL, and 50 mL Preservative Free Vials and Syringes",2025-02-19,0,0.08886,2025-03-19,3,3,7,1,0
2,"0.9% Sodium Chloride 10 mL, 20 mL, and 50 mL Preservative Free Vials and Syringes",2025-03-19,0,0.08862,2025-04-23,3,3,7,1,0
3,"0.9% Sodium Chloride 10 mL, 20 mL, and 50 mL Preservative Free Vials and Syringes",2016-04-20,0,0.07757,2016-05-18,3,3,7,1,0
4,"0.9% Sodium Chloride 10 mL, 20 mL, and 50 mL Preservative Free Vials and Syringes",2025-04-23,0,0.08838,2025-05-21,3,3,7,1,0
6,"0.9% Sodium Chloride 10 mL, 20 mL, and 50 mL Preservative Free Vials and Syringes",2025-05-21,0,0.08766,2025-06-18,3,3,7,1,0
8,"0.9% Sodium Chloride 10 mL, 20 mL, and 50 mL Preservative Free Vials and Syringes",2025-06-18,0,0.08448,2025-07-23,3,3,7,1,0
12,"0.9% Sodium Chloride 10 mL, 20 mL, and 50 mL Preservative Free Vials and Syringes",2016-10-19,0,0.0678,2016-11-23,3,3,7,1,0
14,"0.9% Sodium Chloride 10 mL, 20 mL, and 50 mL Preservative Free Vials and Syringes",2024-12-18,0,0.08868,2025-01-22,3,3,7,1,0
15,2% Lidocaine Hydrochloride Topical Jelly,2018-01-17,0,0.44455,2018-02-21,1,1,2,1,0
16,2% Lidocaine Hydrochloride Topical Jelly,2017-01-18,0,0.24671,2017-02-22,1,1,2,1,0
17,2% Lidocaine Hydrochloride Topical Jelly,2016-01-20,0,0.25605,2016-02-17,1,1,2,1,0
18,2% Lidocaine Hydrochloride Topical Jelly,2025-01-22,0,0.8327300000000001,2025-02-19,1,1,2,1,0
19,2% Lidocaine Hydrochloride Topical Jelly,2016-02-17,0,0.25496,2016-03-23,1,1,2,1,0
20,2% Lidocaine Hydrochloride Topical Jelly,2025-02-19,0,0.8535280000000001,2025-03-19,1,1,2,1,0
21,2% Lidocaine Hydrochloride Topical Jelly,2018-02-21,1,0.494595,2018-03-21,1,1,2,1,0
22,2% Lidocaine Hydrochloride Topical Jelly,2017-02-22,0,0.23989,2017-03-22,1,1,2,1,0
23,2% Lidocaine Hydrochloride Topical Jelly,2025-03-19,0,0.867734,2025-04-23,1,1,2,1,0
24,2% Lidocaine Hydrochloride Topical Jelly,2018-03-21,1,0.483085,2018-04-18,1,1,2,1,0
25,2% Lidocaine Hydrochloride Topical Jelly,2017-03-22,0,0.24899,2017-04-19,1,1,2,1,0
26,2% Lidocaine Hydrochloride Topical Jelly,2016-03-23,0,0.26312,2016-04-20,1,1,2,1,0
27,2% Lidocaine Hydrochloride Topical Jelly,2018-04-18,1,0.506025,2018-05-23,1,1,2,1,0
28,2% Lidocaine Hydrochloride Topical Jelly,2017-04-19,0,0.22671,2017-05-17,1,1,2,1,0
29,2% Lidocaine Hydrochloride Topical Jelly,2016-04-20,0,0.25208,2016-05-18,1,1,2,1,0
30,2% Lidocaine Hydrochloride Topical Jelly,2025-04-23,0,0.866292,2025-05-21,1,1,2,1,0
31,2% Lidocaine Hydrochloride Topical Jelly,2017-05-17,0,0.24269,2017-06-21,1,1,2,1,0
32,2% Lidocaine Hydrochloride Topical Jelly,2016-05-18,0,0.26308,2016-06-22,1,1,2,1,0
34,2% Lidocaine Hydrochloride Topical Jelly,2025-05-21,0,0.8680399999999999,2025-06-18,1,1,2,1,0
35,2% Lidocaine Hydrochloride Topical Jelly,2018-05-23,1,0.4765749999999999,2018-06-20,1,1,2,1,0
36,2% Lidocaine Hydrochloride Topical Jelly,2025-06-18,0,0.8702559999999999,2025-07-23,1,1,2,1,0
37,2% Lidocaine Hydrochloride Topical Jelly,2018-06-20,1,0.4518899999999999,2018-07-18,1,1,2,1,0
38,2% Lidocaine Hydrochloride Topical Jelly,2017-06-21,0,0.24012,2017-07-19,1,1,2,1,0
39,2% Lidocaine Hydrochloride Topical Jelly,2016-06-22,0,0.26053,2016-07-20,1,1,2,1,0
40,2% Lidocaine Hydrochloride Topical Jelly,2018-07-18,1,0.514615,2018-08-22,1,1,2,1,0
41,2% Lidocaine Hydrochloride Topical Jelly,2017-07-19,0,0.25385,2017-08-23,1,1,2,1,0
42,2% Lidocaine Hydrochloride Topical Jelly,2016-07-20,0,0.24553,2016-08-17,1,1,2,1,0
44,2% Lidocaine Hydrochloride Topical Jelly,2016-08-17,0,0.25686,2016-09-21,1,1,2,1,0
45,2% Lidocaine Hydrochloride Topical Jelly,2018-08-22,1,0.637475,2018-09-19,1,1,2,1,0
46,2% Lidocaine Hydrochloride Topical Jelly,2017-08-23,0,0.6345096,2017-09-20,1,1,2,1,0
47,2% Lidocaine Hydrochloride Topical Jelly,2018-09-19,1,0.6825068421052631,2018-10-17,1,1,2,1,0
48,2% Lidocaine Hydrochloride Topical Jelly,2017-09-20,0,0.25437,2017-10-18,1,1,2,1,0
49,2% Lidocaine Hydrochloride Topical Jelly,2016-09-21,0,0.2572,2016-10-19,1,1,2,1,0
50,2% Lidocaine Hydrochloride Topical Jelly,2018-10-17,1,0.6396,2018-11-21,1,1,2,1,0
51,2% Lidocaine Hydrochloride Topical Jelly,2017-10-18,0,0.25065,2017-11-22,1,1,2,1,0
52,2% Lidocaine Hydrochloride Topical Jelly,2016-10-19,0,0.6311673469387755,2016-11-23,1,1,2,1,0
53,2% Lidocaine Hydrochloride Topical Jelly,2018-11-21,1,0.62787,2018-12-19,1,1,2,1,0
54,2% Lidocaine Hydrochloride Topical Jelly,2017-11-22,0,0.26452,2017-12-20,1,1,2,1,0
55,2% Lidocaine Hydrochloride Topical Jelly,2016-11-23,0,0.24293,2016-12-21,1,1,2,1,0
56,2% Lidocaine Hydrochloride Topical Jelly,2024-12-18,0,0.81031,2025-01-22,1,1,2,1,0
58,2% Lidocaine Hydrochloride Topical Jelly,2017-12-20,0,0.25394,2018-01-17,1,1,2,1,0
59,2% Lidocaine Hydrochloride Topical Jelly,2016-12-21,0,0.24354,2017-01-18,1,1,2,1,0
60,2% Lidocaine Hydrochloride Topical Jelly,2015-12-23,0,0.25804,2016-01-20,1,1,2,1,0
61,Acamprosate Calcium Tablets,2018-01-17,0,0.74684,2018-02-21,3,3,3,0,1
63,Acamprosate Calcium Tablets,2016-01-20,1,0.72977,2016-02-17,3,3,3,0,1
64,Acamprosate Calcium Tablets,2025-01-22,1,0.31627,2025-02-12,3,3,3,0,1
66,Acamprosate Calcium Tablets,2016-02-17,1,0.73459,2016-03-23,3,3,3,0,1
67,Acamprosate Calcium Tablets,2018-02-21,0,0.85285,2018-03-21,3,3,3,0,1
68,Acamprosate Calcium Tablets,2018-03-21,0,0.80837,2018-04-18,3,3,3,0,1
69,Acamprosate Calcium Tablets,2017-03-22,0,0.77146,2017-04-19,3,3,3,0,1
70,Acamprosate Calcium Tablets,2016-03-23,1,0.79391,2016-04-20,3,3,3,0,1
71,Acamprosate Calcium Tablets,2018-04-18,0,0.71104,2018-05-23,3,3,3,0,1
72,Acamprosate Calcium Tablets,2017-04-19,0,0.76035,2017-05-17,3,3,3,0,1
73,Acamprosate Calcium Tablets,2016-04-20,1,0.73926,2016-05-18,3,3,3,0,1
74,Acamprosate Calcium Tablets,2017-05-17,0,0.86344,2017-06-21,3,3,3,0,1
75,Acamprosate Calcium Tablets,2016-05-18,1,0.72205,2016-06-22,3,3,3,0,1
76,Acamprosate Calcium Tablets,2018-05-23,0,0.69445,2018-06-20,3,3,3,0,1
77,Acamprosate Calcium Tablets,2018-06-20,0,0.7109,2018-07-18,3,3,3,0,1
78,Acamprosate Calcium Tablets,2017-06-21,0,0.89875,2017-07-19,3,3,3,0,1
79,Acamprosate Calcium Tablets,2016-06-22,0,0.78315,2016-07-20,3,3,3,0,1
80,Acamprosate Calcium Tablets,2018-07-18,0,0.63695,2018-08-22,3,3,3,0,1
81,Acamprosate Calcium Tablets,2017-07-19,0,0.87468,2017-08-23,3,3,3,0,1
82,Acamprosate Calcium Tablets,2016-07-20,0,1.14318,2016-08-17,3,3,3,0,1
84,Acamprosate Calcium Tablets,2016-08-17,0,1.05698,2016-09-21,3,3,3,0,1
85,Acamprosate Calcium Tablets,2018-08-22,0,0.68909,2018-09-19,3,3,3,0,1
86,Acamprosate Calcium Tablets,2017-08-23,0,0.9208,2017-09-20,3,3,3,0,1
87,Acamprosate Calcium Tablets,2018-09-19,0,0.63195,2018-10-17,3,3,3,0,1
88,Acamprosate Calcium Tablets,2017-09-20,0,0.83751,2017-10-18,3,3,3,0,1
89,Acamprosate Calcium Tablets,2016-09-21,0,1.04305,2016-10-19,3,3,3,0,1
90,Acamprosate Calcium Tablets,2018-10-17,0,0.67161,2018-11-21,3,3,3,0,1
91,Acamprosate Calcium Tablets,2017-10-18,0,0.72941,2017-11-22,3,3,3,0,1
92,Acamprosate Calcium Tablets,2016-10-19,0,1.05498,2016-11-23,3,3,3,0,1
93,Acamprosate Calcium Tablets,2018-11-21,0,0.69462,2018-12-19,3,3,3,0,1
94,Acamprosate Calcium Tablets,2017-11-22,0,0.71622,2017-12-20,3,3,3,0,1
95,Acamprosate Calcium Tablets,2016-11-23,0,0.83781,2016-12-21,3,3,3,0,1
96,Acamprosate Calcium Tablets,2024-12-18,1,0.3631499999999999,2025-01-22,3,3,3,0,1
98,Acamprosate Calcium Tablets,2017-12-20,0,0.69315,2018-01-17,3,3,3,0,1
99,Acamprosate Calcium Tablets,2016-12-21,0,0.95908,2017-01-18,3,3,3,0,1
100,Acamprosate Calcium Tablets,2015-12-23,1,0.7466,2016-01-20,3,3,3,0,1
101,Acetaminophen Suppositories,2018-01-17,0,0.4015816666666666,2018-02-21,2,5,8,0,1
102,Acetaminophen Suppositories,2017-01-18,0,0.4368166666666667,2017-02-22,2,5,8,0,1
103,Acetaminophen Suppositories,2016-01-20,0,0.4825775757575757,2016-02-17,2,5,8,0,1
104,Acetaminophen Suppositories,2025-01-22,0,0.319978,2025-02-19,2,5,8,0,1
105,Acetaminophen Suppositories,2016-02-17,0,0.380055,2016-03-23,2,5,8,0,1
107,Acetaminophen Suppositories,2025-02-19,0,0.5300675,2025-03-19,2,5,8,0,1
108,Acetaminophen Suppositories,2018-02-21,0,0.4054583333333333,2018-03-21,2,5,8,0,1
109,Acetaminophen Suppositories,2017-02-22,0,0.4458442857142857,2017-03-22,2,5,8,0,1
110,Acetaminophen Suppositories,2025-03-19,0,0.53001,2025-04-23,2,5,8,0,1
111,Acetaminophen Suppositories,2018-03-21,0,0.3795066666666666,2018-04-18,2,5,8,0,1
112,Acetaminophen Suppositories,2017-03-22,0,0.310946,2017-04-19,2,5,8,0,1
113,Acetaminophen Suppositories,2016-03-23,0,0.4546685714285714,2016-04-20,2,5,8,0,1
114,Acetaminophen Suppositories,2018-04-18,0,0.41285,2018-05-23,2,5,8,0,1
115,Acetaminophen Suppositories,2017-04-19,0,0.4413442857142857,2017-05-17,2,5,8,0,1
116,Acetaminophen Suppositories,2016-04-20,0,0.4578585714285714,2016-05-18,2,5,8,0,1
117,Acetaminophen Suppositories,2025-04-23,0,0.52955625,2025-05-21,2,5,8,0,1
118,Acetaminophen Suppositories,2017-05-17,0,0.4161442857142857,2017-06-21,2,5,8,0,1
119,Acetaminophen Suppositories,2016-05-18,0,0.5239293023255814,2016-06-22,2,5,8,0,1
120,Acetaminophen Suppositories,2025-05-21,0,0.5417525,2025-06-18,2,5,8,0,1
121,Acetaminophen Suppositories,2018-05-23,0,0.501532972972973,2018-06-20,2,5,8,0,1
122,Acetaminophen Suppositories,2025-06-18,0,0.5328887499999999,2025-07-23,2,5,8,0,1
123,Acetaminophen Suppositories,2018-06-20,0,0.4583257575757576,2018-07-18,2,5,8,0,1
124,Acetaminophen Suppositories,2017-06-21,0,0.4518428571428571,2017-07-19,2,5,8,0,1
125,Acetaminophen Suppositories,2016-06-22,0,0.4347566666666667,2016-07-20,2,5,8,0,1
126,Acetaminophen Suppositories,2018-07-18,0,0.279984,2018-08-22,2,5,8,0,1
127,Acetaminophen Suppositories,2017-07-19,0,0.5689844927536232,2017-08-23,2,5,8,0,1
128,Acetaminophen Suppositories,2016-07-20,0,0.40463,2016-08-17,2,5,8,0,1
130,Acetaminophen Suppositories,2016-08-17,0,0.4913363636363636,2016-09-21,2,5,8,0,1
131,Acetaminophen Suppositories,2018-08-22,0,0.504028717948718,2018-09-19,2,5,8,0,1
132,Acetaminophen Suppositories,2017-08-23,0,0.4338885714285714,2017-09-20,2,5,8,0,1
133,Acetaminophen Suppositories,2018-09-19,0,0.4516820689655172,2018-10-17,2,5,8,0,1
134,Acetaminophen Suppositories,2017-09-20,0,0.327646,2017-10-18,2,5,8,0,1
135,Acetaminophen Suppositories,2016-09-21,0,0.4788748484848485,2016-10-19,2,5,8,0,1
137,Acetaminophen Suppositories,2018-10-17,0,0.31522,2018-11-21,2,5,8,0,1
138,Acetaminophen Suppositories,2017-10-18,0,0.4290217647058824,2017-11-22,2,5,8,0,1
139,Acetaminophen Suppositories,2016-10-19,0,0.358472,2016-11-23,2,5,8,0,1
140,Acetaminophen Suppositories,2018-11-21,0,0.3749933333333333,2018-12-19,2,5,8,0,1
141,Acetaminophen Suppositories,2017-11-22,0,0.306628,2017-12-20,2,5,8,0,1
142,Acetaminophen Suppositories,2016-11-23,0,0.3842816666666666,2016-12-21,2,5,8,0,1
143,Acetaminophen Suppositories,2024-12-18,0,0.322504,2025-01-22,2,5,8,0,1
145,Acetaminophen Suppositories,2017-12-20,0,0.3550233333333333,2018-01-17,2,5,8,0,1
146,Acetaminophen Suppositories,2016-12-21,0,0.5161109756097562,2017-01-18,2,5,8,0,1
147,Acetaminophen Suppositories,2015-12-23,0,0.4551928571428571,2016-01-20,2,5,8,0,1
148,Acetaminophen and Codeine Phosphate 300 mg/30 mg Tablets,2016-01-06,1,1.20259,2016-01-20,7,6,14,0,1
149,Acetaminophen and Codeine Phosphate 300 mg/30 mg Tablets,2018-01-17,0,0.10551,2018-02-21,7,6,14,0,1
150,Acetaminophen and Codeine Phosphate 300 mg/30 mg Tablets,2017-01-18,0,0.12759,2017-02-22,7,6,14,0,1
151,Acetaminophen and Codeine Phosphate 300 mg/30 mg Tablets,2016-01-20,1,0.21553,2016-02-17,7,6,14,0,1
152,Acetaminophen and Codeine Phosphate 300 mg/30 mg Tablets,2025-01-22,0,0.23697,2025-02-19,7,6,14,0,1
153,Acetaminophen and Codeine Phosphate 300 mg/30 mg Tablets,2016-02-17,1,0.23637,2016-03-23,7,6,14,0,1
154,Acetaminophen and Codeine Phosphate 300 mg/30 mg Tablets,2025-02-19,0,0.25045,2025-03-19,7,6,14,0,1
155,Acetaminophen and Codeine Phosphate 300 mg/30 mg Tablets,2018-02-21,0,0.10425,2018-03-21,7,6,14,0,1
156,Acetaminophen and Codeine Phosphate 300 mg/30 mg Tablets,2017-02-22,0,0.12228,2017-03-22,7,6,14,0,1
158,Acetaminophen and Codeine Phosphate 300 mg/30 mg Tablets,2025-03-19,0,0.26399,2025-04-23,7,6,14,0,1
159,Acetaminophen and Codeine Phosphate 300 mg/30 mg Tablets,2018-03-21,0,0.10961,2018-04-18,7,6,14,0,1
160,Acetaminophen and Codeine Phosphate 300 mg/30 mg Tablets,2017-03-22,0,0.12788,2017-04-19,7,6,14,0,1
161,Acetaminophen and Codeine Phosphate 300 mg/30 mg Tablets,2016-03-23,1,0.17,2016-04-20,7,6,14,0,1
162,Acetaminophen and Codeine Phosphate 300 mg/30 mg Tablets,2018-04-18,0,0.10882,2018-05-23,7,6,14,0,1
163,Acetaminophen and Codeine Phosphate 300 mg/30 mg Tablets,2017-04-19,0,0.12114,2017-05-17,7,6,14,0,1
164,Acetaminophen and Codeine Phosphate 300 mg/30 mg Tablets,2016-04-20,1,0.19273,2016-05-18,7,6,14,0,1
165,Acetaminophen and Codeine Phosphate 300 mg/30 mg Tablets,2025-04-23,0,0.26016,2025-05-21,7,6,14,0,1
166,Acetaminophen and Codeine Phosphate 300 mg/30 mg Tablets,2017-05-17,0,0.12036,2017-06-21,7,6,14,0,1
167,Acetaminophen and Codeine Phosphate 300 mg/30 mg Tablets,2016-05-18,1,0.16228,2016-06-22,7,6,14,0,1
168,Acetaminophen and Codeine Phosphate 300 mg/30 mg Tablets,2025-05-21,0,0.25879,2025-06-18,7,6,14,0,1
169,Acetaminophen and Codeine Phosphate 300 mg/30 mg Tablets,2018-05-23,0,0.10991,2018-06-20,7,6,14,0,1
170,Acetaminophen and Codeine Phosphate 300 mg/30 mg Tablets,2025-06-18,0,0.25707,2025-07-23,7,6,14,0,1
171,Acetaminophen and Codeine Phosphate 300 mg/30 mg Tablets,2018-06-20,0,0.10624,2018-07-18,7,6,14,0,1
172,Acetaminophen and Codeine Phosphate 300 mg/30 mg Tablets,2017-06-21,0,0.11936,2017-07-19,7,6,14,0,1
173,Acetaminophen and Codeine Phosphate 300 mg/30 mg Tablets,2016-06-22,0,0.16166,2016-07-20,7,6,14,0,1
174,Acetaminophen and Codeine Phosphate 300 mg/30 mg Tablets,2018-07-18,0,0.10673,2018-08-22,7,6,14,0,1
175,Acetaminophen and Codeine Phosphate 300 mg/30 mg Tablets,2017-07-19,0,0.1180699999999999,2017-08-23,7,6,14,0,1
176,Acetaminophen and Codeine Phosphate 300 mg/30 mg Tablets,2016-07-20,0,0.1481,2016-08-17,7,6,14,0,1
178,Acetaminophen and Codeine Phosphate 300 mg/30 mg Tablets,2016-08-17,0,0.15194,2016-09-21,7,6,14,0,1
179,Acetaminophen and Codeine Phosphate 300 mg/30 mg Tablets,2018-08-22,0,0.1162,2018-09-19,7,6,14,0,1
180,Acetaminophen and Codeine Phosphate 300 mg/30 mg Tablets,2017-08-23,0,0.11412,2017-09-20,7,6,14,0,1
181,Acetaminophen and Codeine Phosphate 300 mg/30 mg Tablets,2018-09-19,0,0.1188,2018-10-17,7,6,14,0,1
182,Acetaminophen and Codeine Phosphate 300 mg/30 mg Tablets,2017-09-20,0,0.11679,2017-10-18,7,6,14,0,1
183,Acetaminophen and Codeine Phosphate 300 mg/30 mg Tablets,2016-09-21,0,0.15005,2016-10-19,7,6,14,0,1
184,Acetaminophen and Codeine Phosphate 300 mg/30 mg Tablets,2018-10-17,0,0.10766,2018-11-21,7,6,14,0,1
185,Acetaminophen and Codeine Phosphate 300 mg/30 mg Tablets,2017-10-18,0,0.11198,2017-11-22,7,6,14,0,1
186,Acetaminophen and Codeine Phosphate 300 mg/30 mg Tablets,2016-10-19,0,0.14977,2016-11-23,7,6,14,0,1
187,Acetaminophen and Codeine Phosphate 300 mg/30 mg Tablets,2018-11-21,0,0.11478,2018-12-19,7,6,14,0,1
188,Acetaminophen and Codeine Phosphate 300 mg/30 mg Tablets,2017-11-22,0,0.10706,2017-12-20,7,6,14,0,1
189,Acetaminophen and Codeine Phosphate 300 mg/30 mg Tablets,2016-11-23,0,0.14588,2016-12-21,7,6,14,0,1
190,Acetaminophen and Codeine Phosphate 300 mg/30 mg Tablets,2024-12-18,0,0.23491,2025-01-22,7,6,14,0,1
192,Acetaminophen and Codeine Phosphate 300 mg/30 mg Tablets,2017-12-20,0,0.10665,2018-01-17,7,6,14,0,1
193,Acetaminophen and Codeine Phosphate 300 mg/30 mg Tablets,2016-12-21,0,0.15225,2017-01-18,7,6,14,0,1
194,Acetaminophen and Codeine Phosphate 300 mg/30 mg Tablets,2015-12-23,1,0.1799,2016-01-06,7,6,14,0,1
195,Albendazole Tablets,2016-01-20,0,161.23731,2016-02-17,1,1,1,0,1
198,Albendazole Tablets,2017-04-03,1,175.26655,2017-05-17,1,1,1,0,1
204,Albuterol Inhalation Solution,2018-01-17,0,0.290298,2018-02-21,1,1,1,1,0
205,Albuterol Inhalation Solution,2017-01-18,0,0.19546,2017-02-22,1,1,1,1,0
206,Albuterol Inhalation Solution,2016-01-20,0,0.19596,2016-02-17,1,1,1,1,0
207,Albuterol Inhalation Solution,2025-01-22,0,0.05837,2025-02-19,1,1,1,1,0
208,Albuterol Inhalation Solution,2016-02-17,0,0.17796,2016-03-23,1,1,1,1,0
209,Albuterol Inhalation Solution,2025-02-19,0,0.05862,2025-03-19,1,1,1,1,0
210,Albuterol Inhalation Solution,2018-02-21,0,0.316936,2018-03-21,1,1,1,1,0
211,Albuterol Inhalation Solution,2017-02-22,1,0.225952,2017-03-22,1,1,1,1,0
212,Albuterol Inhalation Solution,2025-03-19,0,0.0583533333333333,2025-04-23,1,1,1,1,0
213,Albuterol Inhalation Solution,2018-03-21,0,0.302272,2018-04-18,1,1,1,1,0
214,Albuterol Inhalation Solution,2017-03-22,1,0.297888,2017-04-19,1,1,1,1,0
215,Albuterol Inhalation Solution,2016-03-23,0,0.171695,2016-04-20,1,1,1,1,0
216,Albuterol Inhalation Solution,2018-04-18,0,0.3040879999999999,2018-05-23,1,1,1,1,0
217,Albuterol Inhalation Solution,2017-04-19,1,0.315124,2017-05-17,1,1,1,1,0
218,Albuterol Inhalation Solution,2016-04-20,0,0.17123,2016-05-18,1,1,1,1,0
219,Albuterol Inhalation Solution,2025-04-23,0,0.0589016666666666,2025-05-21,1,1,1,1,0
220,Albuterol Inhalation Solution,2017-05-17,1,0.298452,2017-06-21,1,1,1,1,0
221,Albuterol Inhalation Solution,2016-05-18,0,0.1705825,2016-06-22,1,1,1,1,0
222,Albuterol Inhalation Solution,2025-05-21,0,0.0606299999999999,2025-06-18,1,1,1,1,0
223,Albuterol Inhalation Solution,2018-05-23,0,0.304028,2018-06-20,1,1,1,1,0
224,Albuterol Inhalation Solution,2025-06-18,0,0.0613333333333333,2025-07-23,1,1,1,1,0
225,Albuterol Inhalation Solution,2018-06-20,0,0.299382,2018-07-18,1,1,1,1,0
226,Albuterol Inhalation Solution,2017-06-21,0,0.302946,2017-07-19,1,1,1,1,0
227,Albuterol Inhalation Solution,2016-06-22,0,0.168885,2016-07-20,1,1,1,1,0
228,Albuterol Inhalation Solution,2018-07-18,0,0.4631413793103448,2018-08-22,1,1,1,1,0
229,Albuterol Inhalation Solution,2017-07-19,0,0.29563,2017-08-23,1,1,1,1,0
230,Albuterol Inhalation Solution,2016-07-20,0,0.1751325,2016-08-03,1,1,1,1,0
232,Albuterol Inhalation Solution,2016-08-03,0,0.04314,2016-08-17,1,1,1,1,0
233,Albuterol Inhalation Solution,2016-08-17,0,0.154268,2016-09-21,1,1,1,1,0
234,Albuterol Inhalation Solution,2018-08-22,1,0.03898,2018-09-19,1,1,1,1,0
235,Albuterol Inhalation Solution,2017-08-23,0,0.4878833333333334,2017-09-20,1,1,1,1,0
236,Albuterol Inhalation Solution,2018-09-19,1,0.3085099999999999,2018-10-17,1,1,1,1,0
237,Albuterol Inhalation Solution,2017-09-20,0,0.0397175,2017-10-18,1,1,1,1,0
238,Albuterol Inhalation Solution,2016-09-21,0,0.144308,2016-10-19,1,1,1,1,0
239,Albuterol Inhalation Solution,2018-10-17,1,0.5097490322580644,2018-11-21,1,1,1,1,0
240,Albuterol Inhalation Solution,2017-10-18,0,0.321732,2017-11-22,1,1,1,1,0
241,Albuterol Inhalation Solution,2016-10-19,0,0.155592,2016-11-23,1,1,1,1,0
242,Albuterol Inhalation Solution,2018-11-21,1,0.0388425,2018-12-19,1,1,1,1,0
243,Albuterol Inhalation Solution,2017-11-22,0,0.304198,2017-12-20,1,1,1,1,0
244,Albuterol Inhalation Solution,2016-11-23,0,0.145108,2016-12-21,1,1,1,1,0
245,Albuterol Inhalation Solution,2024-12-18,0,0.0590999999999999,2025-01-22,1,1,1,1,0
247,Albuterol Inhalation Solution,2017-12-20,0,0.3321079999999999,2018-01-17,1,1,1,1,0
248,Albuterol Inhalation Solution,2016-12-21,0,0.156912,2017-01-18,1,1,1,1,0
249,Albuterol Inhalation Solution,2015-12-23,0,0.1703825,2016-01-20,1,1,1,1,0
251,Albuterol Sulfate Metered Dose Inhalers,2017-01-01,0,6.38862,2017-02-22,3,3,5,1,0
253,Albuterol Sulfate Metered Dose Inhalers,2025-01-22,0,2.1747425,2025-02-19,3,3,5,1,0
254,Albuterol Sulfate Metered Dose Inhalers,2025-02-19,0,2.2938725,2025-03-19,3,3,5,1,0
256,Albuterol Sulfate Metered Dose Inhalers,2025-03-19,0,2.3006875,2025-04-23,3,3,5,1,0
257,Albuterol Sulfate Metered Dose Inhalers,2025-04-23,0,2.284045,2025-05-21,3,3,5,1,0
258,Albuterol Sulfate Metered Dose Inhalers,2025-05-21,0,2.2541125,2025-06-18,3,3,5,1,0
259,Albuterol Sulfate Metered Dose Inhalers,2025-06-18,0,2.15502,2025-07-23,3,3,5,1,0
264,Albuterol Sulfate Metered Dose Inhalers,2017-11-22,0,6.3476,2018-01-01,3,3,5,1,0
265,Albuterol Sulfate Metered Dose Inhalers,2024-12-18,0,2.1883025000000003,2025-01-22,3,3,5,1,0
266,Alfuzosin Extended-Release Tablets,2018-01-17,0,0.14328,2018-02-21,4,4,5,0,1
267,Alfuzosin Extended-Release Tablets,2017-01-18,0,0.18112,2017-02-08,4,4,5,0,1
268,Alfuzosin Extended-Release Tablets,2016-01-20,0,0.22372,2016-02-17,4,4,5,0,1
269,Alfuzosin Extended-Release Tablets,2025-01-22,0,0.10344,2025-02-19,4,4,5,0,1
270,Alfuzosin Extended-Release Tablets,2017-02-08,0,0.18112,2017-02-22,4,4,5,0,1
271,Alfuzosin Extended-Release Tablets,2016-02-17,0,0.20683,2016-03-23,4,4,5,0,1
272,Alfuzosin Extended-Release Tablets,2025-02-19,0,0.10352,2025-03-19,4,4,5,0,1
273,Alfuzosin Extended-Release Tablets,2018-02-21,0,0.15285,2018-03-21,4,4,5,0,1
274,Alfuzosin Extended-Release Tablets,2017-02-22,0,0.17437,2017-03-15,4,4,5,0,1
275,Alfuzosin Extended-Release Tablets,2017-03-15,0,0.17437,2017-03-22,4,4,5,0,1
276,Alfuzosin Extended-Release Tablets,2025-03-19,0,0.1081899999999999,2025-04-23,4,4,5,0,1
277,Alfuzosin Extended-Release Tablets,2018-03-21,0,0.15466,2018-04-18,4,4,5,0,1
278,Alfuzosin Extended-Release Tablets,2017-03-22,0,0.18336,2017-04-19,4,4,5,0,1
279,Alfuzosin Extended-Release Tablets,2016-03-23,0,0.20154,2016-04-20,4,4,5,0,1
280,Alfuzosin Extended-Release Tablets,2018-04-18,0,0.14494,2018-05-23,4,4,5,0,1
281,Alfuzosin Extended-Release Tablets,2017-04-19,0,0.17112,2017-05-17,4,4,5,0,1
282,Alfuzosin Extended-Release Tablets,2016-04-20,0,0.22215,2016-05-18,4,4,5,0,1
283,Alfuzosin Extended-Release Tablets,2025-04-23,0,0.10927,2025-05-21,4,4,5,0,1
284,Alfuzosin Extended-Release Tablets,2017-05-17,0,0.17384,2017-06-21,4,4,5,0,1
285,Alfuzosin Extended-Release Tablets,2016-05-18,0,15.626861791044776,2016-06-22,4,4,5,0,1
286,Alfuzosin Extended-Release Tablets,2025-05-21,0,0.10881,2025-06-18,4,4,5,0,1
287,Alfuzosin Extended-Release Tablets,2018-05-23,0,0.14774,2018-06-20,4,4,5,0,1
288,Alfuzosin Extended-Release Tablets,2025-06-18,0,0.10898,2025-07-23,4,4,5,0,1
289,Alfuzosin Extended-Release Tablets,2018-06-20,0,0.13772,2018-07-18,4,4,5,0,1
290,Alfuzosin Extended-Release Tablets,2017-06-21,0,0.16819,2017-07-19,4,4,5,0,1
291,Alfuzosin Extended-Release Tablets,2016-06-22,0,0.19824,2016-07-20,4,4,5,0,1
292,Alfuzosin Extended-Release Tablets,2018-07-18,0,0.15044,2018-08-22,4,4,5,0,1
293,Alfuzosin Extended-Release Tablets,2017-07-19,0,0.17236,2017-08-23,4,4,5,0,1
294,Alfuzosin Extended-Release Tablets,2016-07-20,0,0.19496,2016-08-17,4,4,5,0,1
296,Alfuzosin Extended-Release Tablets,2016-08-17,0,0.19254,2016-09-21,4,4,5,0,1
297,Alfuzosin Extended-Release Tablets,2018-08-22,0,0.14641,2018-09-19,4,4,5,0,1
298,Alfuzosin Extended-Release Tablets,2017-08-23,0,0.1784,2017-09-20,4,4,5,0,1
299,Alfuzosin Extended-Release Tablets,2018-09-19,0,0.13271,2018-10-17,4,4,5,0,1
300,Alfuzosin Extended-Release Tablets,2017-09-20,0,0.17427,2017-10-18,4,4,5,0,1
301,Alfuzosin Extended-Release Tablets,2016-09-21,0,0.18546,2016-10-19,4,4,5,0,1
302,Alfuzosin Extended-Release Tablets,2018-10-17,0,0.13609,2018-11-21,4,4,5,0,1
303,Alfuzosin Extended-Release Tablets,2017-10-18,0,0.16542,2017-11-22,4,4,5,0,1
304,Alfuzosin Extended-Release Tablets,2016-10-19,0,0.19216,2016-11-23,4,4,5,0,1
305,Alfuzosin Extended-Release Tablets,2018-11-21,0,0.12548,2018-12-19,4,4,5,0,1
306,Alfuzosin Extended-Release Tablets,2017-11-22,0,0.17047,2017-12-20,4,4,5,0,1
307,Alfuzosin Extended-Release Tablets,2016-11-23,0,0.19177,2016-12-21,4,4,5,0,1
308,Alfuzosin Extended-Release Tablets,2024-12-18,0,0.10564,2025-01-22,4,4,5,0,1
310,Alfuzosin Extended-Release Tablets,2017-12-20,0,0.15135,2018-01-17,4,4,5,0,1
311,Alfuzosin Extended-Release Tablets,2016-12-21,0,0.18252,2017-01-18,4,4,5,0,1
312,Alfuzosin Extended-Release Tablets,2015-12-23,0,0.20829,2015-12-30,4,4,5,0,1
313,Alfuzosin Extended-Release Tablets,2015-12-30,0,17.64829,2016-01-20,4,4,5,0,1
321,Alteplase Injection (Cathflo Activase),2024-12-18,0,169.04857,2025-01-01,1,1,2,1,0
322,Amikacin Injection,2025-04-23,0,3.0503,2025-05-21,4,6,8,1,0
323,Amikacin Injection,2025-05-21,0,3.14803,2025-06-18,4,6,8,1,0
324,Amikacin Injection,2025-06-18,0,3.15005,2025-07-23,4,6,8,1,0
326,Aminocaproic Acid Oral Presentations,2025-01-22,0,3.710702222222222,2025-02-19,9,16,18,0,1
327,Aminocaproic Acid Oral Presentations,2025-02-19,0,5.220195652173913,2025-03-19,9,16,18,0,1
328,Aminocaproic Acid Oral Presentations,2025-03-19,0,1.8265657142857143,2025-04-23,9,16,18,0,1
331,Aminocaproic Acid Oral Presentations,2025-04-23,0,3.239518888888889,2025-05-21,9,16,18,0,1
332,Aminocaproic Acid Oral Presentations,2025-05-21,0,3.3044233333333333,2025-06-18,9,16,18,0,1
334,Aminocaproic Acid Oral Presentations,2025-06-18,0,4.546253488372093,2025-07-09,9,16,18,0,1
335,Aminocaproic Acid Oral Presentations,2025-07-09,0,3.49513,2025-07-23,9,16,18,0,1
337,Aminocaproic Acid Oral Presentations,2024-12-18,0,3.70456,2025-01-22,9,16,18,0,1
338,Amoxicillin 875 mg Tablets,2018-01-17,0,0.13299,2018-02-21,6,6,10,0,1
339,Amoxicillin 875 mg Tablets,2017-01-18,0,0.1414,2017-02-22,6,6,10,0,1
340,Amoxicillin 875 mg Tablets,2016-01-20,1,0.18446,2016-02-17,6,6,10,0,1
341,Amoxicillin 875 mg Tablets,2025-01-22,0,0.15313,2025-02-19,6,6,10,0,1
342,Amoxicillin 875 mg Tablets,2016-02-17,1,0.17372,2016-03-23,6,6,10,0,1
343,Amoxicillin 875 mg Tablets,2025-02-19,0,0.16502,2025-03-19,6,6,10,0,1
344,Amoxicillin 875 mg Tablets,2018-02-21,0,0.14086,2018-03-21,6,6,10,0,1
345,Amoxicillin 875 mg Tablets,2017-02-22,0,0.13887,2017-03-22,6,6,10,0,1
346,Amoxicillin 875 mg Tablets,2025-03-19,0,0.16872,2025-04-23,6,6,10,0,1
347,Amoxicillin 875 mg Tablets,2018-03-21,0,0.13776,2018-04-18,6,6,10,0,1
348,Amoxicillin 875 mg Tablets,2017-03-22,0,0.13592,2017-04-19,6,6,10,0,1
349,Amoxicillin 875 mg Tablets,2016-03-23,1,0.18291,2016-04-20,6,6,10,0,1
350,Amoxicillin 875 mg Tablets,2018-04-18,0,0.15303,2018-05-23,6,6,10,0,1
351,Amoxicillin 875 mg Tablets,2017-04-19,0,0.13534,2017-05-17,6,6,10,0,1
352,Amoxicillin 875 mg Tablets,2016-04-20,1,0.18328,2016-05-18,6,6,10,0,1
353,Amoxicillin 875 mg Tablets,2025-04-23,0,0.16916,2025-05-21,6,6,10,0,1
354,Amoxicillin 875 mg Tablets,2017-05-17,0,0.14497,2017-06-21,6,6,10,0,1
355,Amoxicillin 875 mg Tablets,2016-05-18,1,0.16203,2016-06-22,6,6,10,0,1
356,Amoxicillin 875 mg Tablets,2025-05-21,0,0.1696,2025-06-18,6,6,10,0,1
357,Amoxicillin 875 mg Tablets,2018-05-23,0,0.14011,2018-06-20,6,6,10,0,1
358,Amoxicillin 875 mg Tablets,2025-06-18,0,0.1716,2025-07-23,6,6,10,0,1
359,Amoxicillin 875 mg Tablets,2018-06-20,0,0.13089,2018-07-18,6,6,10,0,1
360,Amoxicillin 875 mg Tablets,2017-06-21,0,0.13326,2017-07-19,6,6,10,0,1
361,Amoxicillin 875 mg Tablets,2016-06-22,0,0.14445,2016-07-20,6,6,10,0,1
362,Amoxicillin 875 mg Tablets,2018-07-18,0,0.13347,2018-08-22,6,6,10,0,1
363,Amoxicillin 875 mg Tablets,2017-07-19,0,0.13294,2017-08-23,6,6,10,0,1
364,Amoxicillin 875 mg Tablets,2016-07-20,0,0.14311,2016-08-17,6,6,10,0,1
366,Amoxicillin 875 mg Tablets,2016-08-17,0,0.14315,2016-09-21,6,6,10,0,1
367,Amoxicillin 875 mg Tablets,2018-08-22,0,0.12939,2018-09-19,6,6,10,0,1
368,Amoxicillin 875 mg Tablets,2017-08-23,0,0.13002,2017-09-20,6,6,10,0,1
369,Amoxicillin 875 mg Tablets,2018-09-19,0,0.11734,2018-10-17,6,6,10,0,1
370,Amoxicillin 875 mg Tablets,2017-09-20,0,0.13483,2017-10-18,6,6,10,0,1
371,Amoxicillin 875 mg Tablets,2016-09-21,0,0.14592,2016-10-19,6,6,10,0,1
372,Amoxicillin 875 mg Tablets,2018-10-17,0,0.13104,2018-11-21,6,6,10,0,1
373,Amoxicillin 875 mg Tablets,2017-10-18,0,0.13423,2017-11-22,6,6,10,0,1
374,Amoxicillin 875 mg Tablets,2016-10-19,0,0.14726,2016-11-23,6,6,10,0,1
375,Amoxicillin 875 mg Tablets,2018-11-21,0,0.13012,2018-12-19,6,6,10,0,1
376,Amoxicillin 875 mg Tablets,2017-11-22,0,0.14913,2017-12-20,6,6,10,0,1
377,Amoxicillin 875 mg Tablets,2016-11-23,0,0.13757,2016-12-21,6,6,10,0,1
378,Amoxicillin 875 mg Tablets,2024-12-18,0,0.15465,2025-01-22,6,6,10,0,1
380,Amoxicillin 875 mg Tablets,2017-12-20,0,0.12579,2018-01-17,6,6,10,0,1
381,Amoxicillin 875 mg Tablets,2016-12-21,0,0.14755,2017-01-18,6,6,10,0,1
382,Amoxicillin 875 mg Tablets,2015-12-23,1,0.14326,2016-01-20,6,6,10,0,1
383,Amoxicillin and Clavulanate 1000 mg/62.5 mg Extended-Release Tablets,2018-01-17,1,5.13279,2018-02-21,2,3,6,0,1
384,Amoxicillin and Clavulanate 1000 mg/62.5 mg Extended-Release Tablets,2016-01-20,0,3.44816,2016-02-17,2,3,6,0,1
385,Amoxicillin and Clavulanate 1000 mg/62.5 mg Extended-Release Tablets,2016-02-17,0,3.33705,2016-03-23,2,3,6,0,1
386,Amoxicillin and Clavulanate 1000 mg/62.5 mg Extended-Release Tablets,2018-02-21,1,5.14417,2018-03-21,2,3,6,0,1
387,Amoxicillin and Clavulanate 1000 mg/62.5 mg Extended-Release Tablets,2018-03-21,1,4.68196,2018-04-18,2,3,6,0,1
388,Amoxicillin and Clavulanate 1000 mg/62.5 mg Extended-Release Tablets,2016-03-23,0,3.71509,2016-04-20,2,3,6,0,1
389,Amoxicillin and Clavulanate 1000 mg/62.5 mg Extended-Release Tablets,2018-04-18,1,5.21529,2018-05-23,2,3,6,0,1
390,Amoxicillin and Clavulanate 1000 mg/62.5 mg Extended-Release Tablets,2016-04-20,0,3.30044,2016-05-18,2,3,6,0,1
391,Amoxicillin and Clavulanate 1000 mg/62.5 mg Extended-Release Tablets,2016-05-18,0,3.15815,2016-06-22,2,3,6,0,1
392,Amoxicillin and Clavulanate 1000 mg/62.5 mg Extended-Release Tablets,2018-05-23,1,5.28538,2018-06-20,2,3,6,0,1
393,Amoxicillin and Clavulanate 1000 mg/62.5 mg Extended-Release Tablets,2018-06-20,1,5.0782,2018-07-18,2,3,6,0,1
394,Amoxicillin and Clavulanate 1000 mg/62.5 mg Extended-Release Tablets,2016-06-22,0,2.73676,2016-07-20,2,3,6,0,1
395,Amoxicillin and Clavulanate 1000 mg/62.5 mg Extended-Release Tablets,2018-07-18,1,4.98755,2018-08-22,2,3,6,0,1
396,Amoxicillin and Clavulanate 1000 mg/62.5 mg Extended-Release Tablets,2016-07-20,0,3.30109,2016-08-17,2,3,6,0,1
397,Amoxicillin and Clavulanate 1000 mg/62.5 mg Extended-Release Tablets,2016-08-17,0,3.55402,2016-09-21,2,3,6,0,1
400,Amoxicillin and Clavulanate 1000 mg/62.5 mg Extended-Release Tablets,2016-09-21,0,3.09852,2016-10-19,2,3,6,0,1
401,Amoxicillin and Clavulanate 1000 mg/62.5 mg Extended-Release Tablets,2016-10-19,0,4.34313,2016-11-23,2,3,6,0,1
402,Amoxicillin and Clavulanate 1000 mg/62.5 mg Extended-Release Tablets,2017-11-22,1,4.91797,2018-01-17,2,3,6,0,1
404,Amoxicillin and Clavulanate 1000 mg/62.5 mg Extended-Release Tablets,2015-12-23,0,3.50811,2016-01-20,2,3,6,0,1
405,"Amphetamine Mixed Salts, Immediate-Release Tablets",2015-01-01,0,4.80855,2015-01-07,6,38,38,0,1
406,"Amphetamine Mixed Salts, Immediate-Release Tablets",2016-01-01,0,5.205669090909091,2016-01-20,6,38,38,0,1
407,"Amphetamine Mixed Salts, Immediate-Release Tablets",2017-01-01,0,5.6490775,2017-01-18,6,38,38,0,1
408,"Amphetamine Mixed Salts, Immediate-Release Tablets",2018-01-01,0,5.861503333333333,2018-01-17,6,38,38,0,1
411,"Amphetamine Mixed Salts, Immediate-Release Tablets",2018-01-17,0,0.5812637254901961,2018-02-21,6,38,38,0,1
412,"Amphetamine Mixed Salts, Immediate-Release Tablets",2017-01-18,0,0.58577,2017-02-22,6,38,38,0,1
413,"Amphetamine Mixed Salts, Immediate-Release Tablets",2016-01-20,0,0.58319,2016-02-17,6,38,38,0,1
414,"Amphetamine Mixed Salts, Immediate-Release Tablets",2016-02-17,0,0.5927447368421053,2016-03-23,6,38,38,0,1
415,"Amphetamine Mixed Salts, Immediate-Release Tablets",2018-02-21,0,0.5342775000000001,2018-03-21,6,38,38,0,1
416,"Amphetamine Mixed Salts, Immediate-Release Tablets",2017-02-22,0,3.5408165671641787,2017-03-22,6,38,38,0,1
417,"Amphetamine Mixed Salts, Immediate-Release Tablets",2018-03-21,0,0.5278383333333333,2018-04-18,6,38,38,0,1
418,"Amphetamine Mixed Salts, Immediate-Release Tablets",2017-03-22,0,0.5572128571428572,2017-04-19,6,38,38,0,1
419,"Amphetamine Mixed Salts, Immediate-Release Tablets",2016-03-23,0,0.639175,2016-04-20,6,38,38,0,1
420,"Amphetamine Mixed Salts, Immediate-Release Tablets",2018-04-18,0,0.5505957142857143,2018-05-23,6,38,38,0,1
421,"Amphetamine Mixed Salts, Immediate-Release Tablets",2017-04-19,0,3.4843642424242423,2017-05-17,6,38,38,0,1
422,"Amphetamine Mixed Salts, Immediate-Release Tablets",2016-04-20,0,0.59627,2016-05-18,6,38,38,0,1
423,"Amphetamine Mixed Salts, Immediate-Release Tablets",2017-05-17,0,0.5669010256410256,2017-06-21,6,38,38,0,1
424,"Amphetamine Mixed Salts, Immediate-Release Tablets",2016-05-18,0,0.6058800000000001,2016-06-22,6,38,38,0,1
425,"Amphetamine Mixed Salts, Immediate-Release Tablets",2025-05-21,1,11.179443333333332,2025-06-18,6,38,38,0,1
426,"Amphetamine Mixed Salts, Immediate-Release Tablets",2018-05-23,0,0.5197914285714286,2018-06-20,6,38,38,0,1
427,"Amphetamine Mixed Salts, Immediate-Release Tablets",2025-06-18,1,11.2174975,2025-07-23,6,38,38,0,1
428,"Amphetamine Mixed Salts, Immediate-Release Tablets",2018-06-20,0,0.5131014285714286,2018-06-30,6,38,38,0,1
429,"Amphetamine Mixed Salts, Immediate-Release Tablets",2017-06-21,0,0.542645,2017-07-19,6,38,38,0,1
430,"Amphetamine Mixed Salts, Immediate-Release Tablets",2016-06-22,0,0.6167733333333333,2016-06-29,6,38,38,0,1
431,"Amphetamine Mixed Salts, Immediate-Release Tablets",2016-06-29,0,0.69785,2016-07-20,6,38,38,0,1
432,"Amphetamine Mixed Salts, Immediate-Release Tablets",2018-06-30,0,6.166416666666667,2018-07-18,6,38,38,0,1
433,"Amphetamine Mixed Salts, Immediate-Release Tablets",2018-07-18,0,0.5206654838709678,2018-07-25,6,38,38,0,1
434,"Amphetamine Mixed Salts, Immediate-Release Tablets",2017-07-19,0,0.5775431914893617,2017-08-23,6,38,38,0,1
435,"Amphetamine Mixed Salts, Immediate-Release Tablets",2016-07-20,0,0.68067,2016-08-17,6,38,38,0,1
437,"Amphetamine Mixed Salts, Immediate-Release Tablets",2018-07-25,0,0.51891,2018-08-22,6,38,38,0,1
438,"Amphetamine Mixed Salts, Immediate-Release Tablets",2016-08-17,0,0.6867800000000001,2016-09-14,6,38,38,0,1
439,"Amphetamine Mixed Salts, Immediate-Release Tablets",2018-08-22,0,0.550445,2018-09-19,6,38,38,0,1
440,"Amphetamine Mixed Salts, Immediate-Release Tablets",2017-08-23,0,0.5101559999999999,2017-09-20,6,38,38,0,1
441,"Amphetamine Mixed Salts, Immediate-Release Tablets",2016-09-14,0,0.65505,2016-09-21,6,38,38,0,1
442,"Amphetamine Mixed Salts, Immediate-Release Tablets",2018-09-19,0,0.5097324137931034,2018-10-17,6,38,38,0,1
443,"Amphetamine Mixed Salts, Immediate-Release Tablets",2017-09-20,0,0.5651579310344828,2017-10-18,6,38,38,0,1
444,"Amphetamine Mixed Salts, Immediate-Release Tablets",2016-09-21,0,0.6568614285714285,2016-10-19,6,38,38,0,1
445,"Amphetamine Mixed Salts, Immediate-Release Tablets",2018-10-17,0,0.4831283333333333,2018-11-21,6,38,38,0,1
446,"Amphetamine Mixed Salts, Immediate-Release Tablets",2017-10-18,0,0.5227642105263158,2017-11-22,6,38,38,0,1
447,"Amphetamine Mixed Salts, Immediate-Release Tablets",2016-10-19,0,2.333928571428572,2016-11-23,6,38,38,0,1
448,"Amphetamine Mixed Salts, Immediate-Release Tablets",2015-10-21,0,4.76189,2015-11-18,6,38,38,0,1
449,"Amphetamine Mixed Salts, Immediate-Release Tablets",2015-11-18,0,4.8475,2015-12-23,6,38,38,0,1
450,"Amphetamine Mixed Salts, Immediate-Release Tablets",2018-11-21,0,0.58597,2018-12-19,6,38,38,0,1
451,"Amphetamine Mixed Salts, Immediate-Release Tablets",2017-11-22,0,1.656094516129032,2017-12-20,6,38,38,0,1
452,"Amphetamine Mixed Salts, Immediate-Release Tablets",2016-11-23,0,0.6327114285714286,2016-12-21,6,38,38,0,1
453,"Amphetamine Mixed Salts, Immediate-Release Tablets",2024-12-18,1,10.265254,2025-01-01,6,38,38,0,1
455,"Amphetamine Mixed Salts, Immediate-Release Tablets",2017-12-20,0,0.51511,2018-01-01,6,38,38,0,1
456,"Amphetamine Mixed Salts, Immediate-Release Tablets",2016-12-21,0,1.0800722580645163,2017-01-01,6,38,38,0,1
457,"Amphetamine Mixed Salts, Immediate-Release Tablets",2015-12-23,0,0.9816566666666666,2016-01-01,6,38,38,0,1
459,Anagrelide Hydrochloride Capsules,2025-01-22,0,1.14499,2025-02-19,2,3,3,0,1
460,Anagrelide Hydrochloride Capsules,2025-02-19,0,1.13763,2025-03-19,2,3,3,0,1
461,Anagrelide Hydrochloride Capsules,2025-03-19,0,1.133,2025-04-23,2,3,3,0,1
462,Anagrelide Hydrochloride Capsules,2018-04-11,0,0.66381,2018-04-18,2,3,3,0,1
464,Anagrelide Hydrochloride Capsules,2025-04-23,0,1.126675,2025-05-21,2,3,3,0,1
465,Anagrelide Hydrochloride Capsules,2025-05-21,0,1.11137,2025-06-18,2,3,3,0,1
466,Anagrelide Hydrochloride Capsules,2025-06-18,0,1.10229,2025-07-23,2,3,3,0,1
469,Anagrelide Hydrochloride Capsules,2018-08-22,0,0.69023,2018-09-19,2,3,3,0,1
470,Anagrelide Hydrochloride Capsules,2018-09-19,0,0.73045,2018-10-17,2,3,3,0,1
471,Anagrelide Hydrochloride Capsules,2018-10-17,0,0.73562,2018-11-21,2,3,3,0,1
473,Anagrelide Hydrochloride Capsules,2024-12-18,0,1.13186,2025-01-22,2,3,3,0,1
475,Atenolol tablets,2018-01-17,1,0.07904,2018-02-21,7,19,31,0,1
476,Atenolol tablets,2017-01-18,0,0.02043,2017-02-22,7,19,31,0,1
477,Atenolol tablets,2016-01-20,0,0.0204333333333333,2016-02-17,7,19,31,0,1
478,Atenolol tablets,2025-01-22,0,2.339982727272727,2025-02-19,7,19,31,0,1
479,Atenolol tablets,2016-02-17,0,0.0209399999999999,2016-03-23,7,19,31,0,1
480,Atenolol tablets,2025-02-19,0,4.425333636363637,2025-03-19,7,19,31,0,1
481,Atenolol tablets,2018-02-21,1,0.0763766666666666,2018-03-21,7,19,31,0,1
482,Atenolol tablets,2017-02-22,0,0.0200133333333333,2017-03-22,7,19,31,0,1
483,Atenolol tablets,2025-03-19,0,1.30462,2025-04-23,7,19,31,0,1
484,Atenolol tablets,2018-03-21,1,0.07631,2018-04-18,7,19,31,0,1
485,Atenolol tablets,2017-03-22,0,0.0200966666666666,2017-04-19,7,19,31,0,1
486,Atenolol tablets,2016-03-23,0,0.02174,2016-04-20,7,19,31,0,1
487,Atenolol tablets,2018-04-18,1,0.0715466666666666,2018-05-23,7,19,31,0,1
488,Atenolol tablets,2017-04-19,0,0.0187233333333333,2017-05-17,7,19,31,0,1
489,Atenolol tablets,2016-04-20,0,0.0212266666666666,2016-05-18,7,19,31,0,1
490,Atenolol tablets,2025-04-23,0,1.85104,2025-05-21,7,19,31,0,1
491,Atenolol tablets,2017-05-17,0,0.01883,2017-06-21,7,19,31,0,1
492,Atenolol tablets,2016-05-18,0,0.0199833333333333,2016-06-22,7,19,31,0,1
493,Atenolol tablets,2025-05-21,0,0.0301999999999999,2025-06-18,7,19,31,0,1
494,Atenolol tablets,2018-05-23,1,0.0607333333333333,2018-06-20,7,19,31,0,1
495,Atenolol tablets,2025-06-18,0,0.0305,2025-07-23,7,19,31,0,1
496,Atenolol tablets,2018-06-20,1,0.05543,2018-07-18,7,19,31,0,1
497,Atenolol tablets,2017-06-21,1,0.01952,2017-07-19,7,19,31,0,1
498,Atenolol tablets,2016-06-22,0,0.0198066666666666,2016-07-20,7,19,31,0,1
499,Atenolol tablets,2018-07-18,1,0.04951,2018-08-22,7,19,31,0,1
500,Atenolol tablets,2017-07-19,1,0.0202433333333333,2017-08-23,7,19,31,0,1
501,Atenolol tablets,2016-07-20,0,0.0208466666666666,2016-08-17,7,19,31,0,1
503,Atenolol tablets,2016-08-17,0,0.0216666666666666,2016-09-21,7,19,31,0,1
504,Atenolol tablets,2018-08-22,1,0.0528966666666666,2018-09-19,7,19,31,0,1
505,Atenolol tablets,2017-08-23,1,0.0206066666666666,2017-09-20,7,19,31,0,1
506,Atenolol tablets,2018-09-19,0,0.0375966666666666,2018-10-17,7,19,31,0,1
507,Atenolol tablets,2017-09-20,1,0.0208466666666666,2017-10-18,7,19,31,0,1
508,Atenolol tablets,2016-09-21,0,0.0196766666666666,2016-10-19,7,19,31,0,1
509,Atenolol tablets,2018-10-17,0,0.0439366666666666,2018-11-21,7,19,31,0,1
510,Atenolol tablets,2017-10-18,1,0.0478133333333333,2017-11-22,7,19,31,0,1
511,Atenolol tablets,2016-10-19,0,0.01977,2016-11-23,7,19,31,0,1
512,Atenolol tablets,2018-11-21,0,0.0370066666666666,2018-12-19,7,19,31,0,1
513,Atenolol tablets,2017-11-22,1,0.08226,2017-12-20,7,19,31,0,1
514,Atenolol tablets,2016-11-23,0,0.0190166666666666,2016-12-01,7,19,31,0,1
515,Atenolol tablets,2016-12-01,0,12.36784,2016-12-21,7,19,31,0,1
516,Atenolol tablets,2024-12-18,0,2.347584545454545,2025-01-22,7,19,31,0,1
518,Atenolol tablets,2017-12-20,1,0.0775133333333333,2018-01-17,7,19,31,0,1
519,Atenolol tablets,2016-12-21,0,0.0210733333333333,2017-01-18,7,19,31,0,1
520,Atenolol tablets,2015-12-23,0,8.491445454545456,2016-01-20,7,19,31,0,1
521,Atorvastatin Tablets,2018-01-17,0,0.0955862857142857,2018-02-21,9,30,63,0,1
522,Atorvastatin Tablets,2017-01-18,0,0.1182617142857142,2017-02-22,9,30,63,0,1
523,Atorvastatin Tablets,2016-01-20,1,0.1362502857142857,2016-02-17,9,30,63,0,1
524,Atorvastatin Tablets,2025-01-22,0,0.0446575,2025-02-19,9,30,63,0,1
525,Atorvastatin Tablets,2016-02-17,1,0.1300125714285714,2016-03-23,9,30,63,0,1
526,Atorvastatin Tablets,2025-02-19,0,0.0475625,2025-03-19,9,30,63,0,1
527,Atorvastatin Tablets,2018-02-21,0,0.0988459999999999,2018-03-21,9,30,63,0,1
528,Atorvastatin Tablets,2017-02-22,0,0.1192905714285714,2017-03-22,9,30,63,0,1
529,Atorvastatin Tablets,2025-03-19,0,0.0489649999999999,2025-04-23,9,30,63,0,1
530,Atorvastatin Tablets,2018-03-21,0,0.0934854285714285,2018-04-18,9,30,63,0,1
531,Atorvastatin Tablets,2017-03-22,0,0.1168428571428571,2017-04-19,9,30,63,0,1
532,Atorvastatin Tablets,2016-03-23,1,0.1348082857142857,2016-04-20,9,30,63,0,1
533,Atorvastatin Tablets,2018-04-18,0,0.09557,2018-05-23,9,30,63,0,1
534,Atorvastatin Tablets,2017-04-19,0,0.1112405714285714,2017-05-17,9,30,63,0,1
535,Atorvastatin Tablets,2016-04-20,1,0.1341325714285714,2016-05-18,9,30,63,0,1
536,Atorvastatin Tablets,2025-04-23,0,0.0484125,2025-05-21,9,30,63,0,1
537,Atorvastatin Tablets,2017-05-17,0,0.120404,2017-06-21,9,30,63,0,1
538,Atorvastatin Tablets,2016-05-18,1,0.1251288571428571,2016-06-22,9,30,63,0,1
539,Atorvastatin Tablets,2025-05-21,0,0.0481575,2025-06-18,9,30,63,0,1
540,Atorvastatin Tablets,2018-05-23,0,0.0973288571428571,2018-06-20,9,30,63,0,1
541,Atorvastatin Tablets,2025-06-18,0,0.04821,2025-07-23,9,30,63,0,1
542,Atorvastatin Tablets,2018-06-20,0,0.097848,2018-07-18,9,30,63,0,1
543,Atorvastatin Tablets,2017-06-21,0,0.11185,2017-07-19,9,30,63,0,1
544,Atorvastatin Tablets,2016-06-22,0,0.1233234285714285,2016-07-20,9,30,63,0,1
545,Atorvastatin Tablets,2018-07-18,0,0.0975248571428571,2018-08-22,9,30,63,0,1
546,Atorvastatin Tablets,2017-07-19,0,0.1098608571428571,2017-08-23,9,30,63,0,1
547,Atorvastatin Tablets,2016-07-20,0,0.1302922857142857,2016-08-17,9,30,63,0,1
549,Atorvastatin Tablets,2016-08-17,0,0.12585,2016-09-21,9,30,63,0,1
550,Atorvastatin Tablets,2018-08-22,0,0.1042134285714285,2018-09-19,9,30,63,0,1
551,Atorvastatin Tablets,2017-08-23,0,0.1126948571428571,2017-09-20,9,30,63,0,1
552,Atorvastatin Tablets,2018-09-19,0,0.0969751428571428,2018-10-17,9,30,63,0,1
553,Atorvastatin Tablets,2017-09-20,0,0.1093651428571428,2017-10-18,9,30,63,0,1
554,Atorvastatin Tablets,2016-09-21,0,0.1180611428571428,2016-10-19,9,30,63,0,1
555,Atorvastatin Tablets,2018-10-17,0,0.090388,2018-11-21,9,30,63,0,1
556,Atorvastatin Tablets,2017-10-18,0,0.1081962857142857,2017-11-22,9,30,63,0,1
557,Atorvastatin Tablets,2016-10-19,0,0.12341,2016-11-23,9,30,63,0,1
558,Atorvastatin Tablets,2018-11-21,0,0.0887037142857142,2018-12-19,9,30,63,0,1
559,Atorvastatin Tablets,2017-11-22,0,0.1025177142857142,2017-12-20,9,30,63,0,1
560,Atorvastatin Tablets,2016-11-23,0,0.1157545714285714,2016-12-21,9,30,63,0,1
561,Atorvastatin Tablets,2024-12-18,0,0.0448075,2025-01-22,9,30,63,0,1
563,Atorvastatin Tablets,2017-12-20,0,0.0913434285714285,2018-01-17,9,30,63,0,1
564,Atorvastatin Tablets,2016-12-21,0,0.1348411428571428,2017-01-18,9,30,63,0,1
565,Atorvastatin Tablets,2015-12-23,1,0.1352394285714286,2016-01-20,9,30,63,0,1
566,Atropine Ophthalmic Solution,2018-01-17,0,8.51653,2018-02-21,2,2,4,1,0
567,Atropine Ophthalmic Solution,2017-01-18,0,10.372235,2017-02-22,2,2,4,1,0
568,Atropine Ophthalmic Solution,2016-02-10,0,2.430085,2016-03-23,2,2,4,1,0
569,Atropine Ophthalmic Solution,2018-02-21,0,8.545183333333334,2018-03-21,2,2,4,1,0
570,Atropine Ophthalmic Solution,2017-02-22,0,8.55293,2017-03-22,2,2,4,1,0
571,Atropine Ophthalmic Solution,2018-03-21,0,6.346000666666667,2018-04-18,2,2,4,1,0
572,Atropine Ophthalmic Solution,2017-03-22,0,8.521823333333334,2017-04-19,2,2,4,1,0
573,Atropine Ophthalmic Solution,2016-03-23,0,8.774306666666666,2016-04-20,2,2,4,1,0
574,Atropine Ophthalmic Solution,2018-04-18,0,10.35773,2018-05-23,2,2,4,1,0
575,Atropine Ophthalmic Solution,2017-04-19,0,7.479897647058824,2017-05-17,2,2,4,1,0
576,Atropine Ophthalmic Solution,2016-04-20,0,8.772496666666667,2016-05-18,2,2,4,1,0
577,Atropine Ophthalmic Solution,2017-05-17,0,10.39381,2017-06-21,2,2,4,1,0
578,Atropine Ophthalmic Solution,2016-05-18,0,8.725480000000001,2016-06-22,2,2,4,1,0
579,Atropine Ophthalmic Solution,2018-05-23,1,11.381430000000002,2018-06-20,2,2,4,1,0
580,Atropine Ophthalmic Solution,2018-06-20,1,11.351145,2018-07-18,2,2,4,1,0
581,Atropine Ophthalmic Solution,2017-06-21,0,8.52697,2017-07-19,2,2,4,1,0
582,Atropine Ophthalmic Solution,2016-06-22,0,8.730753333333332,2016-07-20,2,2,4,1,0
583,Atropine Ophthalmic Solution,2018-07-18,1,11.381305,2018-08-22,2,2,4,1,0
584,Atropine Ophthalmic Solution,2017-07-19,0,7.781355789473685,2017-08-23,2,2,4,1,0
585,Atropine Ophthalmic Solution,2016-07-20,0,8.776873333333333,2016-08-17,2,2,4,1,0
586,Atropine Ophthalmic Solution,2016-08-17,0,9.385044736842106,2016-09-21,2,2,4,1,0
587,Atropine Ophthalmic Solution,2018-08-22,1,9.374993333333334,2018-09-19,2,2,4,1,0
588,Atropine Ophthalmic Solution,2017-08-23,0,10.32534,2017-09-20,2,2,4,1,0
589,Atropine Ophthalmic Solution,2018-09-19,0,7.659873333333333,2018-10-17,2,2,4,1,0
590,Atropine Ophthalmic Solution,2017-09-20,0,8.522499999999999,2017-10-18,2,2,4,1,0
591,Atropine Ophthalmic Solution,2016-09-21,0,7.15975,2016-10-19,2,2,4,1,0
592,Atropine Ophthalmic Solution,2018-10-17,0,11.37024,2018-11-21,2,2,4,1,0
593,Atropine Ophthalmic Solution,2017-10-18,0,8.51541,2017-11-22,2,2,4,1,0
594,Atropine Ophthalmic Solution,2016-10-19,0,8.593803333333334,2016-11-23,2,2,4,1,0
595,Atropine Ophthalmic Solution,2018-11-21,0,11.40528,2018-12-19,2,2,4,1,0
596,Atropine Ophthalmic Solution,2017-11-22,0,8.54094,2017-12-20,2,2,4,1,0
597,Atropine Ophthalmic Solution,2016-11-23,0,6.988427142857143,2016-12-21,2,2,4,1,0
599,Atropine Ophthalmic Solution,2017-12-20,0,8.542376666666668,2018-01-17,2,2,4,1,0
600,Atropine Ophthalmic Solution,2016-12-21,0,10.575035,2017-01-18,2,2,4,1,0
603,Atropine Sulfate Ophthalmic Solution,2017-01-18,1,8.94924,2017-02-22,4,4,12,1,0
604,Atropine Sulfate Ophthalmic Solution,2017-02-22,1,8.96683,2017-03-22,4,4,12,1,0
606,Atropine Sulfate Ophthalmic Solution,2016-03-23,1,7.890423333333334,2016-04-20,4,4,12,1,0
607,Atropine Sulfate Ophthalmic Solution,2016-04-20,1,7.897776666666666,2016-05-18,4,4,12,1,0
608,Atropine Sulfate Ophthalmic Solution,2016-05-18,1,7.779483333333333,2016-06-22,4,4,12,1,0
609,Atropine Sulfate Ophthalmic Solution,2016-06-22,1,7.90504,2016-07-20,4,4,12,1,0
610,Atropine Sulfate Ophthalmic Solution,2016-07-20,1,7.876276666666667,2016-08-17,4,4,12,1,0
612,Atropine Sulfate Ophthalmic Solution,2016-08-17,1,7.809933333333333,2016-09-21,4,4,12,1,0
613,Atropine Sulfate Ophthalmic Solution,2016-09-21,1,7.582344000000001,2016-10-19,4,4,12,1,0
614,Atropine Sulfate Ophthalmic Solution,2016-10-19,1,7.49081375,2016-11-23,4,4,12,1,0
616,Atropine Sulfate Ophthalmic Solution,2016-11-23,1,9.02506,2016-12-21,4,4,12,1,0
617,Atropine Sulfate Ophthalmic Solution,2016-12-21,1,9.00507,2017-01-18,4,4,12,1,0
618,Azathioprine Tablets,2018-01-17,0,0.31456,2018-02-21,6,8,9,0,1
619,Azathioprine Tablets,2017-01-18,0,0.4099,2017-02-22,6,8,9,0,1
620,Azathioprine Tablets,2016-01-20,1,0.4308099999999999,2016-02-17,6,8,9,0,1
621,Azathioprine Tablets,2025-01-22,0,0.13724,2025-02-19,6,8,9,0,1
622,Azathioprine Tablets,2016-02-17,1,0.42825,2016-03-23,6,8,9,0,1
623,Azathioprine Tablets,2025-02-19,0,0.14836,2025-03-19,6,8,9,0,1
624,Azathioprine Tablets,2018-02-21,0,0.34944,2018-03-21,6,8,9,0,1
625,Azathioprine Tablets,2017-02-22,0,0.41156,2017-03-22,6,8,9,0,1
626,Azathioprine Tablets,2025-03-19,0,0.15996,2025-04-23,6,8,9,0,1
627,Azathioprine Tablets,2018-03-21,0,0.33965,2018-04-18,6,8,9,0,1
628,Azathioprine Tablets,2017-03-22,0,0.3967,2017-04-19,6,8,9,0,1
629,Azathioprine Tablets,2016-03-23,1,0.4252499999999999,2016-04-20,6,8,9,0,1
630,Azathioprine Tablets,2018-04-18,0,0.33042,2018-05-23,6,8,9,0,1
631,Azathioprine Tablets,2017-04-19,0,0.38324,2017-05-17,6,8,9,0,1
632,Azathioprine Tablets,2016-04-20,1,0.42405,2016-05-18,6,8,9,0,1
633,Azathioprine Tablets,2025-04-23,0,0.15922,2025-05-21,6,8,9,0,1
634,Azathioprine Tablets,2017-05-17,0,0.38332,2017-06-21,6,8,9,0,1
635,Azathioprine Tablets,2016-05-18,1,0.42214,2016-06-22,6,8,9,0,1
636,Azathioprine Tablets,2025-05-21,0,0.15735,2025-06-18,6,8,9,0,1
637,Azathioprine Tablets,2018-05-23,0,0.32507,2018-06-20,6,8,9,0,1
638,Azathioprine Tablets,2025-06-18,0,0.15112,2025-07-23,6,8,9,0,1
639,Azathioprine Tablets,2018-06-20,0,0.30829,2018-07-18,6,8,9,0,1
640,Azathioprine Tablets,2017-06-21,0,0.3820699999999999,2017-07-19,6,8,9,0,1
641,Azathioprine Tablets,2016-06-22,0,0.42507,2016-07-20,6,8,9,0,1
642,Azathioprine Tablets,2018-07-18,0,0.32599,2018-08-22,6,8,9,0,1
643,Azathioprine Tablets,2017-07-19,0,0.37763,2017-08-23,6,8,9,0,1
644,Azathioprine Tablets,2016-07-20,0,0.42601,2016-08-17,6,8,9,0,1
646,Azathioprine Tablets,2016-08-17,0,0.42361,2016-09-21,6,8,9,0,1
647,Azathioprine Tablets,2018-08-22,0,0.30912,2018-09-19,6,8,9,0,1
648,Azathioprine Tablets,2017-08-23,0,0.37261,2017-09-20,6,8,9,0,1
649,Azathioprine Tablets,2018-09-19,0,0.31092,2018-10-17,6,8,9,0,1
650,Azathioprine Tablets,2017-09-20,0,0.37604,2017-10-18,6,8,9,0,1
651,Azathioprine Tablets,2016-09-21,0,0.41789,2016-10-19,6,8,9,0,1
652,Azathioprine Tablets,2018-10-17,0,0.30535,2018-11-21,6,8,9,0,1
653,Azathioprine Tablets,2017-10-18,0,0.36489,2017-11-22,6,8,9,0,1
654,Azathioprine Tablets,2016-10-19,0,0.41465,2016-11-23,6,8,9,0,1
655,Azathioprine Tablets,2018-11-21,0,0.30048,2018-12-19,6,8,9,0,1
656,Azathioprine Tablets,2017-11-22,0,0.35566,2017-12-20,6,8,9,0,1
657,Azathioprine Tablets,2016-11-23,0,0.39279,2016-12-21,6,8,9,0,1
658,Azathioprine Tablets,2024-12-18,0,0.13884,2025-01-22,6,8,9,0,1
660,Azathioprine Tablets,2017-12-20,0,0.33142,2018-01-17,6,8,9,0,1
661,Azathioprine Tablets,2016-12-21,0,0.42248,2017-01-18,6,8,9,0,1
662,Azathioprine Tablets,2015-12-23,1,0.42527,2016-01-20,6,8,9,0,1
663,Azithromycin Injection,2025-01-22,0,3.527,2025-02-19,5,5,5,1,0
664,Azithromycin Injection,2025-02-19,0,3.527,2025-03-19,5,5,5,1,0
665,Azithromycin Injection,2025-03-19,0,3.527,2025-04-23,5,5,5,1,0
666,Azithromycin Injection,2025-04-23,0,3.527,2025-05-28,5,5,5,1,0
668,Azithromycin Injection,2024-12-18,0,3.527,2025-01-22,5,5,5,1,0
675,Benzonatate Capsules,2018-01-17,0,0.208655,2018-02-21,9,13,19,0,1
676,Benzonatate Capsules,2017-01-18,0,0.228135,2017-02-22,9,13,19,0,1
677,Benzonatate Capsules,2016-01-20,1,0.30049,2016-02-17,9,13,19,0,1
678,Benzonatate Capsules,2025-01-22,0,0.0739166666666666,2025-02-19,9,13,19,0,1
679,Benzonatate Capsules,2016-02-17,1,0.30921,2016-03-23,9,13,19,0,1
680,Benzonatate Capsules,2025-02-19,0,0.0817266666666666,2025-03-19,9,13,19,0,1
681,Benzonatate Capsules,2018-02-21,0,0.2084124528301887,2018-03-21,9,13,19,0,1
682,Benzonatate Capsules,2017-02-22,0,0.26278,2017-03-22,9,13,19,0,1
683,Benzonatate Capsules,2025-03-19,0,0.0865433333333333,2025-04-23,9,13,19,0,1
684,Benzonatate Capsules,2018-03-21,0,0.2021238461538461,2018-04-18,9,13,19,0,1
685,Benzonatate Capsules,2017-03-22,0,0.27326,2017-04-19,9,13,19,0,1
686,Benzonatate Capsules,2016-03-23,1,0.331905,2016-04-20,9,13,19,0,1
687,Benzonatate Capsules,2018-04-18,0,0.1876407692307692,2018-05-23,9,13,19,0,1
688,Benzonatate Capsules,2017-04-19,0,0.23796,2017-05-17,9,13,19,0,1
689,Benzonatate Capsules,2016-04-20,1,0.3126799999999999,2016-05-18,9,13,19,0,1
690,Benzonatate Capsules,2025-04-23,0,0.0862933333333333,2025-05-21,9,13,19,0,1
691,Benzonatate Capsules,2017-05-17,0,0.252915,2017-06-21,9,13,19,0,1
692,Benzonatate Capsules,2016-05-18,0,0.297125,2016-06-22,9,13,19,0,1
693,Benzonatate Capsules,2025-05-21,0,0.0864366666666666,2025-06-18,9,13,19,0,1
694,Benzonatate Capsules,2018-05-23,0,0.1832415384615384,2018-06-20,9,13,19,0,1
695,Benzonatate Capsules,2025-06-18,0,0.0898208333333333,2025-07-23,9,13,19,0,1
696,Benzonatate Capsules,2018-06-20,0,0.1777392307692307,2018-07-18,9,13,19,0,1
697,Benzonatate Capsules,2017-06-21,0,0.24811,2017-07-19,9,13,19,0,1
698,Benzonatate Capsules,2016-06-22,0,0.2900749999999999,2016-07-20,9,13,19,0,1
699,Benzonatate Capsules,2018-07-18,0,0.1836615384615384,2018-08-22,9,13,19,0,1
700,Benzonatate Capsules,2017-07-19,0,0.24384,2017-08-23,9,13,19,0,1
701,Benzonatate Capsules,2016-07-20,0,0.303205,2016-08-17,9,13,19,0,1
703,Benzonatate Capsules,2016-08-17,0,0.28609,2016-09-21,9,13,19,0,1
704,Benzonatate Capsules,2018-08-22,0,0.1813076923076923,2018-09-19,9,13,19,0,1
705,Benzonatate Capsules,2017-08-23,0,0.245425,2017-09-20,9,13,19,0,1
706,Benzonatate Capsules,2018-09-19,0,0.1641953846153846,2018-10-17,9,13,19,0,1
707,Benzonatate Capsules,2017-09-20,0,0.24315,2017-10-18,9,13,19,0,1
708,Benzonatate Capsules,2016-09-21,0,0.254915,2016-10-19,9,13,19,0,1
709,Benzonatate Capsules,2018-10-17,0,0.1595028571428571,2018-11-21,9,13,19,0,1
710,Benzonatate Capsules,2017-10-18,0,0.2170349999999999,2017-11-22,9,13,19,0,1
711,Benzonatate Capsules,2016-10-19,0,0.28128,2016-11-23,9,13,19,0,1
712,Benzonatate Capsules,2018-11-21,0,0.1574817391304347,2018-12-19,9,13,19,0,1
713,Benzonatate Capsules,2017-11-22,0,0.212345,2017-12-20,9,13,19,0,1
714,Benzonatate Capsules,2016-11-23,0,0.27025,2016-12-21,9,13,19,0,1
715,Benzonatate Capsules,2024-12-18,0,0.0743033333333333,2025-01-22,9,13,19,0,1
717,Benzonatate Capsules,2017-12-20,0,0.213035,2018-01-17,9,13,19,0,1
718,Benzonatate Capsules,2016-12-21,0,0.290725,2017-01-18,9,13,19,0,1
719,Benzonatate Capsules,2015-12-23,1,0.291845,2016-01-20,9,13,19,0,1
722,Betaxolol Tablets,2025-01-22,0,0.55536,2025-02-19,2,4,4,0,1
723,Betaxolol Tablets,2025-02-19,0,0.64895,2025-03-19,2,4,4,0,1
724,Betaxolol Tablets,2025-03-19,0,0.675705,2025-04-23,2,4,4,0,1
725,Betaxolol Tablets,2025-04-23,0,0.677215,2025-05-21,2,4,4,0,1
727,Betaxolol Tablets,2025-05-21,0,0.6993050000000001,2025-06-18,2,4,4,0,1
728,Betaxolol Tablets,2025-06-18,0,0.7017,2025-07-23,2,4,4,0,1
729,Betaxolol Tablets,2018-07-18,0,0.54444,2018-08-22,2,4,4,0,1
730,Betaxolol Tablets,2016-07-20,0,0.63336,2016-08-17,2,4,4,0,1
735,Betaxolol Tablets,2016-10-19,0,0.69278,2016-11-23,2,4,4,0,1
737,Betaxolol Tablets,2024-12-18,0,0.54125,2025-01-22,2,4,4,0,1
739,Bisoprolol Fumarate Tablets,2018-01-17,0,0.282535,2018-02-21,2,4,8,0,1
740,Bisoprolol Fumarate Tablets,2017-01-18,0,0.336705,2017-02-22,2,4,8,0,1
741,Bisoprolol Fumarate Tablets,2016-01-20,0,0.383525,2016-02-17,2,4,8,0,1
742,Bisoprolol Fumarate Tablets,2025-01-22,0,0.173715,2025-02-19,2,4,8,0,1
743,Bisoprolol Fumarate Tablets,2016-02-17,0,0.379345,2016-03-23,2,4,8,0,1
744,Bisoprolol Fumarate Tablets,2025-02-19,0,0.19021,2025-03-19,2,4,8,0,1
745,Bisoprolol Fumarate Tablets,2018-02-21,0,0.27905,2018-03-21,2,4,8,0,1
746,Bisoprolol Fumarate Tablets,2017-02-22,0,0.362755,2017-03-22,2,4,8,0,1
747,Bisoprolol Fumarate Tablets,2025-03-19,0,0.194955,2025-04-23,2,4,8,0,1
748,Bisoprolol Fumarate Tablets,2018-03-21,0,0.2728699999999999,2018-04-18,2,4,8,0,1
749,Bisoprolol Fumarate Tablets,2017-03-22,0,0.337315,2017-04-19,2,4,8,0,1
750,Bisoprolol Fumarate Tablets,2016-03-23,0,0.39718,2016-04-20,2,4,8,0,1
751,Bisoprolol Fumarate Tablets,2018-04-18,0,0.262415,2018-05-23,2,4,8,0,1
752,Bisoprolol Fumarate Tablets,2017-04-19,0,0.312875,2017-05-17,2,4,8,0,1
753,Bisoprolol Fumarate Tablets,2016-04-20,0,0.40305,2016-05-18,2,4,8,0,1
754,Bisoprolol Fumarate Tablets,2025-04-23,0,0.19733,2025-05-21,2,4,8,0,1
755,Bisoprolol Fumarate Tablets,2017-05-17,0,0.31407,2017-06-21,2,4,8,0,1
756,Bisoprolol Fumarate Tablets,2016-05-18,0,0.35529,2016-06-22,2,4,8,0,1
757,Bisoprolol Fumarate Tablets,2025-05-21,0,0.19673,2025-06-18,2,4,8,0,1
758,Bisoprolol Fumarate Tablets,2018-05-23,0,0.2846,2018-06-20,2,4,8,0,1
759,Bisoprolol Fumarate Tablets,2025-06-18,0,0.21451,2025-07-23,2,4,8,0,1
760,Bisoprolol Fumarate Tablets,2018-06-20,0,0.265895,2018-07-18,2,4,8,0,1
761,Bisoprolol Fumarate Tablets,2017-06-21,0,0.32357,2017-07-19,2,4,8,0,1
762,Bisoprolol Fumarate Tablets,2016-06-22,0,0.37865,2016-07-20,2,4,8,0,1
763,Bisoprolol Fumarate Tablets,2018-07-18,0,0.275475,2018-08-22,2,4,8,0,1
764,Bisoprolol Fumarate Tablets,2017-07-19,0,0.31715,2017-08-23,2,4,8,0,1
765,Bisoprolol Fumarate Tablets,2016-07-20,0,0.3824349999999999,2016-08-17,2,4,8,0,1
767,Bisoprolol Fumarate Tablets,2016-08-17,0,0.3830699999999999,2016-09-21,2,4,8,0,1
768,Bisoprolol Fumarate Tablets,2018-08-22,0,0.260715,2018-09-19,2,4,8,0,1
769,Bisoprolol Fumarate Tablets,2017-08-23,0,0.307255,2017-09-20,2,4,8,0,1
770,Bisoprolol Fumarate Tablets,2018-09-19,0,0.23719,2018-10-17,2,4,8,0,1
771,Bisoprolol Fumarate Tablets,2017-09-20,0,0.31972,2017-10-18,2,4,8,0,1
772,Bisoprolol Fumarate Tablets,2016-09-21,0,0.354585,2016-10-19,2,4,8,0,1
774,Bisoprolol Fumarate Tablets,2017-10-18,0,0.317745,2017-11-22,2,4,8,0,1
775,Bisoprolol Fumarate Tablets,2016-10-19,0,0.3645299999999999,2016-11-23,2,4,8,0,1
776,Bisoprolol Fumarate Tablets,2017-11-22,0,0.298845,2017-12-20,2,4,8,0,1
777,Bisoprolol Fumarate Tablets,2016-11-23,0,0.327505,2016-12-21,2,4,8,0,1
778,Bisoprolol Fumarate Tablets,2024-12-18,0,0.200715,2025-01-22,2,4,8,0,1
780,Bisoprolol Fumarate Tablets,2017-12-20,0,0.299265,2018-01-17,2,4,8,0,1
781,Bisoprolol Fumarate Tablets,2016-12-21,0,0.39121,2017-01-18,2,4,8,0,1
782,Bisoprolol Fumarate Tablets,2015-12-23,0,0.39534,2016-01-20,2,4,8,0,1
783,Bleomycin Sulfate Injection,2025-01-22,0,31.782,2025-02-19,4,7,7,1,0
785,Bleomycin Sulfate Injection,2024-12-18,0,31.782,2025-01-22,4,7,7,1,0
786,Buprenorphine Sublingual Tablets,2018-01-17,0,1.07807,2018-02-21,3,6,6,0,1
787,Buprenorphine Sublingual Tablets,2017-01-18,0,1.32665,2017-02-22,3,6,6,0,1
788,Buprenorphine Sublingual Tablets,2016-01-20,1,1.58953,2016-02-17,3,6,6,0,1
789,Buprenorphine Sublingual Tablets,2016-02-17,1,1.528675,2016-03-23,3,6,6,0,1
790,Buprenorphine Sublingual Tablets,2018-02-21,0,1.1042,2018-03-21,3,6,6,0,1
791,Buprenorphine Sublingual Tablets,2017-02-22,0,1.27827,2017-03-22,3,6,6,0,1
792,Buprenorphine Sublingual Tablets,2018-03-21,0,1.139255,2018-04-18,3,6,6,0,1
793,Buprenorphine Sublingual Tablets,2017-03-22,0,1.320895,2017-04-19,3,6,6,0,1
794,Buprenorphine Sublingual Tablets,2016-03-23,1,1.649715,2016-04-20,3,6,6,0,1
795,Buprenorphine Sublingual Tablets,2018-04-18,0,1.06055,2018-05-23,3,6,6,0,1
796,Buprenorphine Sublingual Tablets,2017-04-19,0,1.233305,2017-05-17,3,6,6,0,1
797,Buprenorphine Sublingual Tablets,2016-04-20,1,1.601365,2016-05-18,3,6,6,0,1
798,Buprenorphine Sublingual Tablets,2017-05-17,0,1.1860050000000002,2017-06-21,3,6,6,0,1
799,Buprenorphine Sublingual Tablets,2016-05-18,1,1.5370849999999998,2016-06-22,3,6,6,0,1
800,Buprenorphine Sublingual Tablets,2018-05-23,0,1.04536,2018-06-20,3,6,6,0,1
801,Buprenorphine Sublingual Tablets,2018-06-20,0,1.09278,2018-07-18,3,6,6,0,1
802,Buprenorphine Sublingual Tablets,2017-06-21,0,1.25671,2017-07-19,3,6,6,0,1
803,Buprenorphine Sublingual Tablets,2016-06-22,0,1.41806,2016-07-20,3,6,6,0,1
804,Buprenorphine Sublingual Tablets,2018-07-18,0,1.0049,2018-08-22,3,6,6,0,1
805,Buprenorphine Sublingual Tablets,2017-07-19,0,1.2782,2017-08-23,3,6,6,0,1
806,Buprenorphine Sublingual Tablets,2016-07-20,0,1.362775,2016-08-17,3,6,6,0,1
807,Buprenorphine Sublingual Tablets,2016-08-17,0,1.48398,2016-09-21,3,6,6,0,1
808,Buprenorphine Sublingual Tablets,2018-08-22,0,0.965545,2018-09-19,3,6,6,0,1
809,Buprenorphine Sublingual Tablets,2017-08-23,0,1.14531,2017-09-20,3,6,6,0,1
810,Buprenorphine Sublingual Tablets,2018-09-19,0,1.10071,2018-10-17,3,6,6,0,1
811,Buprenorphine Sublingual Tablets,2017-09-20,0,1.24168,2017-10-18,3,6,6,0,1
812,Buprenorphine Sublingual Tablets,2016-09-21,0,1.45091,2016-10-19,3,6,6,0,1
813,Buprenorphine Sublingual Tablets,2018-10-17,0,0.95105,2018-11-21,3,6,6,0,1
814,Buprenorphine Sublingual Tablets,2017-10-18,0,1.17561,2017-11-22,3,6,6,0,1
815,Buprenorphine Sublingual Tablets,2016-10-19,0,1.36651,2016-11-23,3,6,6,0,1
816,Buprenorphine Sublingual Tablets,2018-11-21,0,0.913585,2018-12-19,3,6,6,0,1
817,Buprenorphine Sublingual Tablets,2017-11-22,0,1.092745,2017-12-20,3,6,6,0,1
818,Buprenorphine Sublingual Tablets,2016-11-23,0,1.239425,2016-12-21,3,6,6,0,1
820,Buprenorphine Sublingual Tablets,2017-12-20,0,1.13094,2018-01-17,3,6,6,0,1
821,Buprenorphine Sublingual Tablets,2016-12-21,0,1.524235,2017-01-18,3,6,6,0,1
822,Buprenorphine Sublingual Tablets,2015-12-23,1,1.5499200000000002,2016-01-20,3,6,6,0,1
823,Bupropion Hydrochloride 24 Hour extended Release Tablets,2016-01-01,1,10.57971,2016-01-20,7,12,17,0,1
824,Bupropion Hydrochloride 24 Hour extended Release Tablets,2018-01-17,0,0.3976214285714285,2018-02-21,7,12,17,0,1
825,Bupropion Hydrochloride 24 Hour extended Release Tablets,2017-01-18,0,0.4793166666666666,2017-02-22,7,12,17,0,1
826,Bupropion Hydrochloride 24 Hour extended Release Tablets,2016-01-20,1,0.5898877777777778,2016-02-17,7,12,17,0,1
827,Bupropion Hydrochloride 24 Hour extended Release Tablets,2025-01-22,0,0.11598,2025-02-19,7,12,17,0,1
828,Bupropion Hydrochloride 24 Hour extended Release Tablets,2016-02-17,1,0.5738255555555556,2016-03-23,7,12,17,0,1
829,Bupropion Hydrochloride 24 Hour extended Release Tablets,2025-02-19,0,0.126462,2025-03-19,7,12,17,0,1
830,Bupropion Hydrochloride 24 Hour extended Release Tablets,2018-02-21,0,0.4145457142857142,2018-03-21,7,12,17,0,1
831,Bupropion Hydrochloride 24 Hour extended Release Tablets,2017-02-22,0,1.0714073684210528,2017-02-23,7,12,17,0,1
832,Bupropion Hydrochloride 24 Hour extended Release Tablets,2017-02-23,0,12.44061,2017-03-22,7,12,17,0,1
833,Bupropion Hydrochloride 24 Hour extended Release Tablets,2025-03-19,0,0.136044,2025-04-23,7,12,17,0,1
834,Bupropion Hydrochloride 24 Hour extended Release Tablets,2018-03-21,0,0.4004342857142857,2018-04-10,7,12,17,0,1
835,Bupropion Hydrochloride 24 Hour extended Release Tablets,2017-03-22,0,0.4881466666666667,2017-04-19,7,12,17,0,1
836,Bupropion Hydrochloride 24 Hour extended Release Tablets,2016-03-23,1,0.5878533333333333,2016-04-20,7,12,17,0,1
837,Bupropion Hydrochloride 24 Hour extended Release Tablets,2018-04-10,0,14.274319999999998,2018-04-18,7,12,17,0,1
838,Bupropion Hydrochloride 24 Hour extended Release Tablets,2018-04-18,0,0.38367,2018-05-23,7,12,17,0,1
839,Bupropion Hydrochloride 24 Hour extended Release Tablets,2017-04-19,0,0.4378577777777777,2017-05-17,7,12,17,0,1
840,Bupropion Hydrochloride 24 Hour extended Release Tablets,2016-04-20,1,0.5730755555555556,2016-05-02,7,12,17,0,1
841,Bupropion Hydrochloride 24 Hour extended Release Tablets,2025-04-23,0,0.133254,2025-05-21,7,12,17,0,1
842,Bupropion Hydrochloride 24 Hour extended Release Tablets,2016-05-02,1,11.5942,2016-05-18,7,12,17,0,1
843,Bupropion Hydrochloride 24 Hour extended Release Tablets,2017-05-17,0,0.4444977777777778,2017-06-21,7,12,17,0,1
844,Bupropion Hydrochloride 24 Hour extended Release Tablets,2016-05-18,1,0.5216222222222222,2016-06-22,7,12,17,0,1
845,Bupropion Hydrochloride 24 Hour extended Release Tablets,2025-05-21,0,0.15254,2025-06-18,7,12,17,0,1
846,Bupropion Hydrochloride 24 Hour extended Release Tablets,2018-05-23,0,0.3858857142857143,2018-06-20,7,12,17,0,1
847,Bupropion Hydrochloride 24 Hour extended Release Tablets,2025-06-18,0,0.15039,2025-07-23,7,12,17,0,1
848,Bupropion Hydrochloride 24 Hour extended Release Tablets,2018-06-20,0,0.3647285714285714,2018-07-18,7,12,17,0,1
849,Bupropion Hydrochloride 24 Hour extended Release Tablets,2017-06-21,0,0.45344,2017-07-01,7,12,17,0,1
850,Bupropion Hydrochloride 24 Hour extended Release Tablets,2016-06-22,0,0.4987911111111111,2016-07-20,7,12,17,0,1
851,Bupropion Hydrochloride 24 Hour extended Release Tablets,2017-07-01,0,13.68467,2017-07-19,7,12,17,0,1
852,Bupropion Hydrochloride 24 Hour extended Release Tablets,2018-07-18,0,0.3747828571428571,2018-08-22,7,12,17,0,1
853,Bupropion Hydrochloride 24 Hour extended Release Tablets,2017-07-19,0,0.4358077777777777,2017-08-23,7,12,17,0,1
854,Bupropion Hydrochloride 24 Hour extended Release Tablets,2016-07-20,0,0.5150411111111111,2016-08-17,7,12,17,0,1
856,Bupropion Hydrochloride 24 Hour extended Release Tablets,2016-08-17,0,0.5020933333333334,2016-09-21,7,12,17,0,1
857,Bupropion Hydrochloride 24 Hour extended Release Tablets,2018-08-22,0,0.4011757142857143,2018-09-19,7,12,17,0,1
858,Bupropion Hydrochloride 24 Hour extended Release Tablets,2017-08-23,0,0.4374341176470588,2017-09-20,7,12,17,0,1
859,Bupropion Hydrochloride 24 Hour extended Release Tablets,2018-09-19,0,0.36577,2018-10-17,7,12,17,0,1
860,Bupropion Hydrochloride 24 Hour extended Release Tablets,2017-09-20,0,0.43281,2017-10-18,7,12,17,0,1
861,Bupropion Hydrochloride 24 Hour extended Release Tablets,2016-09-21,0,0.4529944444444445,2016-10-19,7,12,17,0,1
862,Bupropion Hydrochloride 24 Hour extended Release Tablets,2018-10-17,0,0.3578714285714285,2018-11-21,7,12,17,0,1
863,Bupropion Hydrochloride 24 Hour extended Release Tablets,2017-10-18,0,5.8035509375,2017-11-22,7,12,17,0,1
864,Bupropion Hydrochloride 24 Hour extended Release Tablets,2016-10-19,0,0.4708799999999999,2016-11-23,7,12,17,0,1
865,Bupropion Hydrochloride 24 Hour extended Release Tablets,2018-11-21,0,0.3583957142857143,2018-12-19,7,12,17,0,1
866,Bupropion Hydrochloride 24 Hour extended Release Tablets,2017-11-22,0,0.4137942857142857,2017-12-20,7,12,17,0,1
867,Bupropion Hydrochloride 24 Hour extended Release Tablets,2016-11-23,0,0.4553677777777778,2016-12-21,7,12,17,0,1
868,Bupropion Hydrochloride 24 Hour extended Release Tablets,2024-12-18,0,0.114138,2025-01-22,7,12,17,0,1
870,Bupropion Hydrochloride 24 Hour extended Release Tablets,2017-12-20,0,0.4026357142857142,2018-01-17,7,12,17,0,1
871,Bupropion Hydrochloride 24 Hour extended Release Tablets,2016-12-21,0,0.4951366666666666,2017-01-18,7,12,17,0,1
872,Bupropion Hydrochloride 24 Hour extended Release Tablets,2015-12-23,1,0.5926733333333334,2016-01-01,7,12,17,0,1
873,Buspirone Tablets,2017-01-04,0,0.1299342857142857,2017-01-18,7,26,46,0,1
874,Buspirone Tablets,2018-01-17,0,0.1575528571428571,2018-02-21,7,26,46,0,1
875,Buspirone Tablets,2017-01-18,0,0.1811238095238095,2017-02-22,7,26,46,0,1
876,Buspirone Tablets,2016-01-20,0,0.2722128571428571,2016-02-17,7,26,46,0,1
877,Buspirone Tablets,2025-01-22,0,0.0477631578947368,2025-02-19,7,26,46,0,1
878,Buspirone Tablets,2016-02-17,0,0.2643257142857143,2016-03-23,7,26,46,0,1
879,Buspirone Tablets,2025-02-19,0,0.0516963157894736,2025-03-19,7,26,46,0,1
880,Buspirone Tablets,2018-02-21,0,0.1716128571428571,2018-03-21,7,26,46,0,1
881,Buspirone Tablets,2017-02-22,0,0.1863409523809523,2017-03-22,7,26,46,0,1
882,Buspirone Tablets,2025-03-19,0,0.0541347368421052,2025-04-23,7,26,46,0,1
883,Buspirone Tablets,2018-03-21,0,0.1587519047619047,2018-04-18,7,26,46,0,1
884,Buspirone Tablets,2017-03-22,0,0.1792214285714285,2017-04-19,7,26,46,0,1
885,Buspirone Tablets,2016-03-23,0,0.28426,2016-04-20,7,26,46,0,1
886,Buspirone Tablets,2018-04-18,0,0.1524642857142857,2018-05-23,7,26,46,0,1
887,Buspirone Tablets,2017-04-19,0,0.17249,2017-05-17,7,26,46,0,1
888,Buspirone Tablets,2016-04-20,0,0.2714928571428571,2016-05-18,7,26,46,0,1
889,Buspirone Tablets,2025-04-23,0,0.0532584210526315,2025-05-21,7,26,46,0,1
890,Buspirone Tablets,2017-05-17,0,0.1656009523809524,2017-06-21,7,26,46,0,1
891,Buspirone Tablets,2016-05-18,0,0.2614228571428572,2016-06-22,7,26,46,0,1
892,Buspirone Tablets,2025-05-21,0,0.0535689285714285,2025-06-18,7,26,46,0,1
893,Buspirone Tablets,2018-05-23,0,0.1486047619047619,2018-06-20,7,26,46,0,1
894,Buspirone Tablets,2025-06-18,0,0.0532192857142857,2025-07-23,7,26,46,0,1
895,Buspirone Tablets,2018-06-20,0,0.1326114285714285,2018-07-18,7,26,46,0,1
896,Buspirone Tablets,2017-06-21,0,0.1743766666666666,2017-07-19,7,26,46,0,1
897,Buspirone Tablets,2016-06-22,0,0.2509678571428571,2016-07-20,7,26,46,0,1
898,Buspirone Tablets,2018-07-18,0,0.1375385714285714,2018-08-22,7,26,46,0,1
899,Buspirone Tablets,2017-07-19,0,0.1686757142857143,2017-08-23,7,26,46,0,1
900,Buspirone Tablets,2016-07-20,0,0.26265,2016-08-17,7,26,46,0,1
902,Buspirone Tablets,2016-08-17,0,0.263295,2016-09-21,7,26,46,0,1
903,Buspirone Tablets,2018-08-22,1,0.1340828571428571,2018-09-19,7,26,46,0,1
904,Buspirone Tablets,2017-08-23,0,0.1725866666666666,2017-09-20,7,26,46,0,1
905,Buspirone Tablets,2018-09-19,1,0.1354966666666666,2018-10-17,7,26,46,0,1
906,Buspirone Tablets,2017-09-20,0,0.1656661904761904,2017-10-18,7,26,46,0,1
907,Buspirone Tablets,2016-09-21,0,0.2611871428571429,2016-10-19,7,26,46,0,1
908,Buspirone Tablets,2018-10-17,1,0.1298995238095238,2018-11-21,7,26,46,0,1
909,Buspirone Tablets,2017-10-18,0,0.1649961904761905,2017-11-22,7,26,46,0,1
910,Buspirone Tablets,2016-10-19,0,0.2447585714285714,2016-11-23,7,26,46,0,1
911,Buspirone Tablets,2018-11-21,1,0.1196233333333333,2018-12-19,7,26,46,0,1
912,Buspirone Tablets,2017-11-22,0,0.1596842857142857,2017-12-20,7,26,46,0,1
913,Buspirone Tablets,2016-11-23,0,0.2351692857142857,2016-12-21,7,26,46,0,1
914,Buspirone Tablets,2024-12-18,0,0.0476899999999999,2025-01-22,7,26,46,0,1
916,Buspirone Tablets,2017-12-20,0,0.1546871428571428,2018-01-17,7,26,46,0,1
917,Buspirone Tablets,2016-12-21,0,0.2489885714285714,2017-01-04,7,26,46,0,1
918,Buspirone Tablets,2015-12-23,0,0.284925,2016-01-20,7,26,46,0,1
919,Cabergoline Tablets,2018-01-17,0,5.20833,2018-02-21,4,4,4,0,1
920,Cabergoline Tablets,2017-01-18,0,7.98549,2017-02-22,4,4,4,0,1
921,Cabergoline Tablets,2025-01-22,0,1.28597,2025-02-19,4,4,4,0,1
922,Cabergoline Tablets,2016-02-17,0,10.03883,2016-03-23,4,4,4,0,1
923,Cabergoline Tablets,2025-02-19,0,1.47918,2025-03-19,4,4,4,0,1
924,Cabergoline Tablets,2018-02-21,0,5.40218,2018-03-21,4,4,4,0,1
925,Cabergoline Tablets,2017-02-22,0,8.52954,2017-03-22,4,4,4,0,1
926,Cabergoline Tablets,2025-03-19,0,1.61382,2025-04-23,4,4,4,0,1
927,Cabergoline Tablets,2018-03-21,0,6.04236,2018-04-18,4,4,4,0,1
928,Cabergoline Tablets,2017-03-22,0,8.26799,2017-04-19,4,4,4,0,1
929,Cabergoline Tablets,2016-03-23,0,12.18175,2016-04-20,4,4,4,0,1
930,Cabergoline Tablets,2018-04-18,0,5.38239,2018-05-23,4,4,4,0,1
931,Cabergoline Tablets,2017-04-19,0,8.24688,2017-05-17,4,4,4,0,1
932,Cabergoline Tablets,2016-04-20,0,10.34184,2016-05-18,4,4,4,0,1
933,Cabergoline Tablets,2025-04-23,0,1.61709,2025-05-21,4,4,4,0,1
934,Cabergoline Tablets,2017-05-17,0,7.84473,2017-06-21,4,4,4,0,1
935,Cabergoline Tablets,2016-05-18,0,9.28488,2016-06-22,4,4,4,0,1
936,Cabergoline Tablets,2025-05-21,0,1.63928,2025-06-18,4,4,4,0,1
937,Cabergoline Tablets,2018-05-23,0,6.38448,2018-06-20,4,4,4,0,1
938,Cabergoline Tablets,2025-06-18,0,1.60029,2025-07-23,4,4,4,0,1
939,Cabergoline Tablets,2018-06-20,0,4.59436,2018-07-18,4,4,4,0,1
940,Cabergoline Tablets,2017-06-21,0,7.55191,2017-07-19,4,4,4,0,1
941,Cabergoline Tablets,2016-06-22,0,8.86627,2016-07-20,4,4,4,0,1
942,Cabergoline Tablets,2018-07-18,0,4.41219,2018-08-22,4,4,4,0,1
943,Cabergoline Tablets,2017-07-19,0,7.12691,2017-08-23,4,4,4,0,1
944,Cabergoline Tablets,2016-07-20,0,10.55228,2016-08-17,4,4,4,0,1
946,Cabergoline Tablets,2016-08-17,0,10.79207,2016-09-21,4,4,4,0,1
947,Cabergoline Tablets,2018-08-22,0,4.67659,2018-09-19,4,4,4,0,1
948,Cabergoline Tablets,2017-08-23,0,7.41122,2017-09-20,4,4,4,0,1
949,Cabergoline Tablets,2018-09-19,0,4.02745,2018-10-17,4,4,4,0,1
950,Cabergoline Tablets,2017-09-20,0,7.30849,2017-10-18,4,4,4,0,1
951,Cabergoline Tablets,2016-09-21,0,9.49599,2016-10-19,4,4,4,0,1
952,Cabergoline Tablets,2018-10-17,0,4.72201,2018-11-21,4,4,4,0,1
953,Cabergoline Tablets,2017-10-18,0,7.5142,2017-11-22,4,4,4,0,1
954,Cabergoline Tablets,2016-10-19,0,9.98473,2016-11-23,4,4,4,0,1
955,Cabergoline Tablets,2018-11-21,0,4.57965,2018-12-19,4,4,4,0,1
956,Cabergoline Tablets,2017-11-22,0,6.03224,2017-12-20,4,4,4,0,1
957,Cabergoline Tablets,2016-11-23,0,8.18486,2016-12-21,4,4,4,0,1
958,Cabergoline Tablets,2024-12-18,0,1.31866,2025-01-22,4,4,4,0,1
960,Cabergoline Tablets,2017-12-20,0,6.23531,2018-01-17,4,4,4,0,1
961,Cabergoline Tablets,2016-12-21,0,10.0032,2017-01-18,4,4,4,0,1
962,Cabergoline Tablets,2015-12-23,0,9.95769,2016-02-17,4,4,4,0,1
963,Calcium Acetate Oral Capsules and Tablets,2018-01-17,0,0.21146,2018-02-21,12,14,15,0,1
964,Calcium Acetate Oral Capsules and Tablets,2017-01-18,0,0.26265,2017-02-22,12,14,15,0,1
965,Calcium Acetate Oral Capsules and Tablets,2016-01-20,0,0.37745,2016-02-17,12,14,15,0,1
966,Calcium Acetate Oral Capsules and Tablets,2025-01-22,0,0.2362699999999999,2025-02-19,12,14,15,0,1
967,Calcium Acetate Oral Capsules and Tablets,2016-02-17,0,0.37092,2016-03-23,12,14,15,0,1
968,Calcium Acetate Oral Capsules and Tablets,2025-02-19,0,0.2471333333333333,2025-03-19,12,14,15,0,1
969,Calcium Acetate Oral Capsules and Tablets,2018-02-21,0,0.3275796721311475,2018-03-21,12,14,15,0,1
970,Calcium Acetate Oral Capsules and Tablets,2017-02-22,0,0.25798,2017-03-22,12,14,15,0,1
971,Calcium Acetate Oral Capsules and Tablets,2025-03-19,0,0.2529033333333333,2025-04-23,12,14,15,0,1
972,Calcium Acetate Oral Capsules and Tablets,2018-03-21,0,0.19632,2018-04-18,12,14,15,0,1
973,Calcium Acetate Oral Capsules and Tablets,2017-03-22,0,0.23771,2017-04-19,12,14,15,0,1
974,Calcium Acetate Oral Capsules and Tablets,2016-03-23,0,0.37065,2016-04-20,12,14,15,0,1
975,Calcium Acetate Oral Capsules and Tablets,2018-04-18,0,0.19957,2018-05-23,12,14,15,0,1
976,Calcium Acetate Oral Capsules and Tablets,2017-04-19,0,0.23706,2017-05-03,12,14,15,0,1
977,Calcium Acetate Oral Capsules and Tablets,2016-04-20,0,0.39132,2016-05-18,12,14,15,0,1
978,Calcium Acetate Oral Capsules and Tablets,2025-04-23,0,0.25938,2025-05-21,12,14,15,0,1
979,Calcium Acetate Oral Capsules and Tablets,2017-05-03,0,0.25774,2017-05-17,12,14,15,0,1
980,Calcium Acetate Oral Capsules and Tablets,2017-05-17,0,0.24228,2017-06-07,12,14,15,0,1
981,Calcium Acetate Oral Capsules and Tablets,2016-05-18,0,0.34461,2016-06-22,12,14,15,0,1
982,Calcium Acetate Oral Capsules and Tablets,2025-05-21,0,0.2645266666666666,2025-06-18,12,14,15,0,1
983,Calcium Acetate Oral Capsules and Tablets,2018-05-23,0,0.18379,2018-06-20,12,14,15,0,1
984,Calcium Acetate Oral Capsules and Tablets,2017-06-07,0,0.42912,2017-06-21,12,14,15,0,1
985,Calcium Acetate Oral Capsules and Tablets,2025-06-18,0,0.27485,2025-07-23,12,14,15,0,1
986,Calcium Acetate Oral Capsules and Tablets,2018-06-20,0,0.1857,2018-07-18,12,14,15,0,1
987,Calcium Acetate Oral Capsules and Tablets,2017-06-21,0,0.23236,2017-07-19,12,14,15,0,1
988,Calcium Acetate Oral Capsules and Tablets,2016-06-22,0,0.3433,2016-07-20,12,14,15,0,1
989,Calcium Acetate Oral Capsules and Tablets,2018-07-18,0,0.18403,2018-08-22,12,14,15,0,1
990,Calcium Acetate Oral Capsules and Tablets,2017-07-19,0,0.2325,2017-08-23,12,14,15,0,1
991,Calcium Acetate Oral Capsules and Tablets,2016-07-20,0,0.34011,2016-08-17,12,14,15,0,1
993,Calcium Acetate Oral Capsules and Tablets,2016-08-17,0,0.35459,2016-09-14,12,14,15,0,1
994,Calcium Acetate Oral Capsules and Tablets,2018-08-22,0,0.16847,2018-09-19,12,14,15,0,1
995,Calcium Acetate Oral Capsules and Tablets,2017-08-23,0,0.22056,2017-09-20,12,14,15,0,1
996,Calcium Acetate Oral Capsules and Tablets,2016-09-14,0,0.35459,2016-09-21,12,14,15,0,1
997,Calcium Acetate Oral Capsules and Tablets,2018-09-19,0,0.16504,2018-10-17,12,14,15,0,1
998,Calcium Acetate Oral Capsules and Tablets,2017-09-20,0,0.21734,2017-10-18,12,14,15,0,1
999,Calcium Acetate Oral Capsules and Tablets,2016-09-21,0,0.34406,2016-10-12,12,14,15,0,1
1000,Calcium Acetate Oral Capsules and Tablets,2016-10-12,0,0.34406,2016-10-19,12,14,15,0,1
1001,Calcium Acetate Oral Capsules and Tablets,2018-10-17,0,0.17459,2018-11-21,12,14,15,0,1
1002,Calcium Acetate Oral Capsules and Tablets,2017-10-18,0,0.2252399999999999,2017-11-22,12,14,15,0,1
1003,Calcium Acetate Oral Capsules and Tablets,2016-10-19,0,0.31921,2016-11-23,12,14,15,0,1
1004,Calcium Acetate Oral Capsules and Tablets,2018-11-21,0,0.17099,2018-12-19,12,14,15,0,1
1005,Calcium Acetate Oral Capsules and Tablets,2017-11-22,0,0.22211,2017-12-20,12,14,15,0,1
1006,Calcium Acetate Oral Capsules and Tablets,2016-11-23,0,0.28233,2016-12-21,12,14,15,0,1
1007,Calcium Acetate Oral Capsules and Tablets,2024-12-18,0,0.23968,2025-01-22,12,14,15,0,1
1009,Calcium Acetate Oral Capsules and Tablets,2017-12-20,0,0.20582,2018-01-17,12,14,15,0,1
1010,Calcium Acetate Oral Capsules and Tablets,2016-12-21,0,0.28483,2017-01-18,12,14,15,0,1
1011,Calcium Acetate Oral Capsules and Tablets,2015-12-23,0,0.3917,2016-01-20,12,14,15,0,1
1012,Carbidopa and Levodopa Extended-Release Tablets,2018-01-17,1,0.372285,2018-02-21,5,10,12,0,1
1013,Carbidopa and Levodopa Extended-Release Tablets,2017-01-18,0,0.32744,2017-02-22,5,10,12,0,1
1014,Carbidopa and Levodopa Extended-Release Tablets,2016-01-20,1,0.36089,2016-02-17,5,10,12,0,1
1015,Carbidopa and Levodopa Extended-Release Tablets,2025-01-22,0,0.1569128571428571,2025-02-19,5,10,12,0,1
1016,Carbidopa and Levodopa Extended-Release Tablets,2016-02-17,1,0.363065,2016-03-23,5,10,12,0,1
1017,Carbidopa and Levodopa Extended-Release Tablets,2025-02-19,0,0.1694757142857142,2025-03-19,5,10,12,0,1
1018,Carbidopa and Levodopa Extended-Release Tablets,2018-02-21,1,0.3944730769230769,2018-03-21,5,10,12,0,1
1019,Carbidopa and Levodopa Extended-Release Tablets,2017-02-22,0,0.336635,2017-03-22,5,10,12,0,1
1020,Carbidopa and Levodopa Extended-Release Tablets,2025-03-19,0,0.1825814285714285,2025-04-23,5,10,12,0,1
1021,Carbidopa and Levodopa Extended-Release Tablets,2018-03-21,1,0.42404,2018-04-18,5,10,12,0,1
1022,Carbidopa and Levodopa Extended-Release Tablets,2017-03-22,0,0.31598,2017-04-19,5,10,12,0,1
1023,Carbidopa and Levodopa Extended-Release Tablets,2016-03-23,1,0.34067,2016-04-20,5,10,12,0,1
1024,Carbidopa and Levodopa Extended-Release Tablets,2018-04-18,1,0.3709633333333333,2018-05-23,5,10,12,0,1
1025,Carbidopa and Levodopa Extended-Release Tablets,2017-04-19,0,0.310565,2017-05-17,5,10,12,0,1
1026,Carbidopa and Levodopa Extended-Release Tablets,2016-04-20,1,0.4028549999999999,2016-05-18,5,10,12,0,1
1027,Carbidopa and Levodopa Extended-Release Tablets,2025-04-23,0,0.1813114285714285,2025-05-21,5,10,12,0,1
1028,Carbidopa and Levodopa Extended-Release Tablets,2017-05-17,0,0.34073,2017-06-21,5,10,12,0,1
1029,Carbidopa and Levodopa Extended-Release Tablets,2016-05-18,1,0.364215,2016-06-22,5,10,12,0,1
1030,Carbidopa and Levodopa Extended-Release Tablets,2025-05-21,0,0.18527,2025-06-18,5,10,12,0,1
1031,Carbidopa and Levodopa Extended-Release Tablets,2018-05-23,1,0.3862166666666666,2018-06-20,5,10,12,0,1
1032,Carbidopa and Levodopa Extended-Release Tablets,2025-06-18,0,0.1867057142857142,2025-07-23,5,10,12,0,1
1033,Carbidopa and Levodopa Extended-Release Tablets,2018-06-20,1,0.3721766666666666,2018-07-18,5,10,12,0,1
1034,Carbidopa and Levodopa Extended-Release Tablets,2017-06-21,0,0.36277,2017-07-19,5,10,12,0,1
1035,Carbidopa and Levodopa Extended-Release Tablets,2016-06-22,0,0.362405,2016-07-20,5,10,12,0,1
1036,Carbidopa and Levodopa Extended-Release Tablets,2018-07-18,1,0.36407,2018-08-22,5,10,12,0,1
1037,Carbidopa and Levodopa Extended-Release Tablets,2017-07-19,0,0.32872,2017-08-23,5,10,12,0,1
1038,Carbidopa and Levodopa Extended-Release Tablets,2016-07-20,0,0.355935,2016-08-17,5,10,12,0,1
1040,Carbidopa and Levodopa Extended-Release Tablets,2016-08-17,0,0.36252,2016-09-21,5,10,12,0,1
1041,Carbidopa and Levodopa Extended-Release Tablets,2018-08-22,1,0.41756,2018-09-19,5,10,12,0,1
1042,Carbidopa and Levodopa Extended-Release Tablets,2017-08-23,0,0.338395,2017-09-20,5,10,12,0,1
1043,Carbidopa and Levodopa Extended-Release Tablets,2018-09-19,1,0.39569,2018-10-17,5,10,12,0,1
1044,Carbidopa and Levodopa Extended-Release Tablets,2017-09-20,1,0.3705699999999999,2017-10-18,5,10,12,0,1
1045,Carbidopa and Levodopa Extended-Release Tablets,2016-09-21,0,0.3428099999999999,2016-10-19,5,10,12,0,1
1046,Carbidopa and Levodopa Extended-Release Tablets,2018-10-17,1,0.3904766666666666,2018-11-21,5,10,12,0,1
1047,Carbidopa and Levodopa Extended-Release Tablets,2017-10-18,1,0.3544,2017-11-22,5,10,12,0,1
1048,Carbidopa and Levodopa Extended-Release Tablets,2016-10-19,0,0.349595,2016-11-23,5,10,12,0,1
1049,Carbidopa and Levodopa Extended-Release Tablets,2018-11-21,1,0.39124,2018-12-19,5,10,12,0,1
1050,Carbidopa and Levodopa Extended-Release Tablets,2017-11-22,1,0.35408,2017-12-20,5,10,12,0,1
1051,Carbidopa and Levodopa Extended-Release Tablets,2016-11-23,0,0.32398,2016-12-21,5,10,12,0,1
1052,Carbidopa and Levodopa Extended-Release Tablets,2024-12-18,0,0.15796,2025-01-22,5,10,12,0,1
1054,Carbidopa and Levodopa Extended-Release Tablets,2017-12-20,1,0.336625,2018-01-17,5,10,12,0,1
1055,Carbidopa and Levodopa Extended-Release Tablets,2016-12-21,0,0.3575899999999999,2017-01-18,5,10,12,0,1
1056,Carbidopa and Levodopa Extended-Release Tablets,2015-12-23,1,0.353465,2016-01-20,5,10,12,0,1
1057,Carisoprodol Tablets,2025-01-22,0,0.06098,2025-02-19,4,5,12,0,1
1058,Carisoprodol Tablets,2025-02-19,0,0.06663,2025-03-19,4,5,12,0,1
1059,Carisoprodol Tablets,2025-03-19,0,0.06959,2025-04-23,4,5,12,0,1
1060,Carisoprodol Tablets,2025-04-23,0,0.07027,2025-05-21,4,5,12,0,1
1061,Carisoprodol Tablets,2025-05-21,0,0.07489,2025-06-18,4,5,12,0,1
1062,Carisoprodol Tablets,2025-06-18,0,0.07552,2025-07-23,4,5,12,0,1
1064,Carisoprodol Tablets,2024-12-18,0,0.0614499999999999,2025-01-22,4,5,12,0,1
1066,Carvedilol Tablets,2018-01-17,0,0.0260999999999999,2018-02-21,11,44,80,0,1
1067,Carvedilol Tablets,2017-01-18,0,0.0282794117647058,2017-02-22,11,44,80,0,1
1068,Carvedilol Tablets,2016-01-20,1,0.0318996078431372,2016-02-17,11,44,80,0,1
1069,Carvedilol Tablets,2025-01-22,0,0.020486037735849,2025-02-19,11,44,80,0,1
1070,Carvedilol Tablets,2016-02-17,1,0.0312729411764705,2016-03-23,11,44,80,0,1
1071,Carvedilol Tablets,2025-02-19,0,0.0219465384615384,2025-03-19,11,44,80,0,1
1072,Carvedilol Tablets,2018-02-21,0,0.0273875,2018-03-21,11,44,80,0,1
1073,Carvedilol Tablets,2017-02-22,0,0.028788431372549,2017-03-22,11,44,80,0,1
1074,Carvedilol Tablets,2025-03-19,0,0.0224540476190476,2025-04-23,11,44,80,0,1
1075,Carvedilol Tablets,2018-03-21,0,0.027995,2018-04-18,11,44,80,0,1
1076,Carvedilol Tablets,2017-03-22,0,0.027786862745098,2017-04-19,11,44,80,0,1
1077,Carvedilol Tablets,2016-03-23,1,0.0318343137254902,2016-04-20,11,44,80,0,1
1078,Carvedilol Tablets,2018-04-18,0,0.0251449999999999,2018-05-23,11,44,80,0,1
1079,Carvedilol Tablets,2017-04-19,0,0.0264472277227722,2017-05-17,11,44,80,0,1
1080,Carvedilol Tablets,2016-04-20,1,0.0315433333333333,2016-05-18,11,44,80,0,1
1081,Carvedilol Tablets,2025-04-23,0,0.0222325,2025-05-21,11,44,80,0,1
1082,Carvedilol Tablets,2017-05-17,0,0.027626,2017-06-21,11,44,80,0,1
1083,Carvedilol Tablets,2016-05-18,1,0.0293223529411764,2016-06-22,11,44,80,0,1
1084,Carvedilol Tablets,2025-05-21,0,0.0221824999999999,2025-06-18,11,44,80,0,1
1085,Carvedilol Tablets,2018-05-23,0,0.0262474999999999,2018-06-20,11,44,80,0,1
1086,Carvedilol Tablets,2025-06-18,0,0.0222249999999999,2025-07-23,11,44,80,0,1
1087,Carvedilol Tablets,2018-06-20,0,0.0262675,2018-07-18,11,44,80,0,1
1088,Carvedilol Tablets,2017-06-21,0,0.0281207999999999,2017-07-19,11,44,80,0,1
1089,Carvedilol Tablets,2016-06-22,0,0.0291835294117647,2016-07-20,11,44,80,0,1
1090,Carvedilol Tablets,2018-07-18,0,0.0290825,2018-08-22,11,44,80,0,1
1091,Carvedilol Tablets,2017-07-19,0,0.0276402,2017-08-23,11,44,80,0,1
1092,Carvedilol Tablets,2016-07-20,0,0.0312547058823529,2016-08-17,11,44,80,0,1
1094,Carvedilol Tablets,2016-08-17,0,0.029773725490196,2016-09-21,11,44,80,0,1
1095,Carvedilol Tablets,2018-08-22,0,0.0298149999999999,2018-09-19,11,44,80,0,1
1096,Carvedilol Tablets,2017-08-23,0,0.0274899999999999,2017-09-20,11,44,80,0,1
1097,Carvedilol Tablets,2018-09-19,0,0.028515,2018-10-17,11,44,80,0,1
1098,Carvedilol Tablets,2017-09-20,0,0.0277426530612244,2017-10-18,11,44,80,0,1
1099,Carvedilol Tablets,2016-09-21,0,0.0284190196078431,2016-10-19,11,44,80,0,1
1100,Carvedilol Tablets,2018-10-17,0,0.0302799999999999,2018-11-21,11,44,80,0,1
1101,Carvedilol Tablets,2017-10-18,0,0.0273826530612244,2017-11-22,11,44,80,0,1
1102,Carvedilol Tablets,2016-10-19,0,0.0293339215686274,2016-11-23,11,44,80,0,1
1103,Carvedilol Tablets,2018-11-21,0,0.02941,2018-12-19,11,44,80,0,1
1104,Carvedilol Tablets,2017-11-22,0,0.0268825773195876,2017-12-20,11,44,80,0,1
1105,Carvedilol Tablets,2016-11-23,0,0.0277405882352941,2016-12-21,11,44,80,0,1
1106,Carvedilol Tablets,2024-12-18,0,0.0204888888888888,2025-01-22,11,44,80,0,1
1108,Carvedilol Tablets,2017-12-20,0,0.026495,2018-01-17,11,44,80,0,1
1109,Carvedilol Tablets,2016-12-21,0,0.0285854901960784,2017-01-18,11,44,80,0,1
1110,Carvedilol Tablets,2015-12-23,1,0.0349464705882352,2016-01-20,11,44,80,0,1
1111,Cefazolin Injection,2025-01-22,1,1.00337,2025-02-19,10,28,28,1,0
1112,Cefazolin Injection,2025-02-19,1,1.00413,2025-03-19,10,28,28,1,0
1113,Cefazolin Injection,2025-03-19,1,1.05104,2025-04-23,10,28,28,1,0
1114,Cefazolin Injection,2025-04-23,1,1.08472,2025-05-21,10,28,28,1,0
1117,Cefazolin Injection,2024-12-18,1,0.9982,2025-01-22,10,28,28,1,0
1118,Cefepime Injection,2025-01-22,0,4.468965,2025-02-19,10,18,21,1,0
1119,Cefepime Injection,2025-02-19,0,4.397575,2025-03-19,10,18,21,1,0
1120,Cefepime Injection,2025-03-19,0,4.35042,2025-04-23,10,18,21,1,0
1121,Cefepime Injection,2025-04-23,0,3.3241500000000004,2025-05-21,10,18,21,1,0
1122,Cefepime Injection,2025-05-21,0,3.35603,2025-06-18,10,18,21,1,0
1123,Cefepime Injection,2025-06-18,0,3.50011,2025-07-23,10,18,21,1,0
1125,Cefepime Injection,2024-12-18,0,4.57109,2025-01-22,10,18,21,1,0
1126,Cefixime Capsules,2025-01-22,0,9.33593,2025-02-19,2,2,4,0,1
1127,Cefixime Capsules,2025-02-19,0,9.36273,2025-03-19,2,2,4,0,1
1128,Cefixime Capsules,2025-03-19,0,9.47663,2025-04-23,2,2,4,0,1
1129,Cefixime Capsules,2025-04-23,0,9.75638,2025-05-21,2,2,4,0,1
1130,Cefixime Capsules,2025-05-21,0,9.73602,2025-06-18,2,2,4,0,1
1131,Cefixime Capsules,2025-06-18,0,9.75847,2025-07-23,2,2,4,0,1
1133,Cefixime Capsules,2024-12-18,0,9.63271,2025-01-22,2,2,4,0,1
1134,Cefpodoxime,2018-01-17,0,4.224215,2018-02-21,2,8,13,0,1
1135,Cefpodoxime,2017-01-18,0,5.29061,2017-02-22,2,8,13,0,1
1136,Cefpodoxime,2016-01-20,1,5.83585,2016-02-17,2,8,13,0,1
1137,Cefpodoxime,2025-01-22,0,1.50541,2025-02-19,2,8,13,0,1
1138,Cefpodoxime,2016-02-17,1,5.36052,2016-03-23,2,8,13,0,1
1139,Cefpodoxime,2025-02-19,0,1.595585,2025-03-19,2,8,13,0,1
1140,Cefpodoxime,2018-02-21,0,4.57593,2018-03-21,2,8,13,0,1
1141,Cefpodoxime,2017-02-22,0,4.70184,2017-03-22,2,8,13,0,1
1142,Cefpodoxime,2025-03-19,0,1.6275850000000005,2025-04-23,2,8,13,0,1
1143,Cefpodoxime,2018-03-21,0,4.563785,2018-04-18,2,8,13,0,1
1144,Cefpodoxime,2017-03-22,0,4.864319999999999,2017-04-19,2,8,13,0,1
1145,Cefpodoxime,2016-03-23,1,5.162395,2016-04-20,2,8,13,0,1
1146,Cefpodoxime,2018-04-18,0,4.243015,2018-05-23,2,8,13,0,1
1147,Cefpodoxime,2017-04-19,0,4.92885,2017-05-17,2,8,13,0,1
1148,Cefpodoxime,2016-04-20,1,5.396655,2016-05-18,2,8,13,0,1
1149,Cefpodoxime,2025-04-23,0,1.615145,2025-05-21,2,8,13,0,1
1150,Cefpodoxime,2017-05-17,0,4.444675,2017-06-21,2,8,13,0,1
1151,Cefpodoxime,2016-05-18,1,5.280195,2016-06-22,2,8,13,0,1
1152,Cefpodoxime,2025-05-21,0,1.50493,2025-06-18,2,8,13,0,1
1153,Cefpodoxime,2018-05-23,0,4.770875,2018-06-20,2,8,13,0,1
1154,Cefpodoxime,2025-06-18,0,1.56699,2025-07-23,2,8,13,0,1
1155,Cefpodoxime,2018-06-20,0,4.430960000000001,2018-07-18,2,8,13,0,1
1156,Cefpodoxime,2017-06-21,0,4.873395,2017-07-19,2,8,13,0,1
1157,Cefpodoxime,2016-06-22,1,5.37668,2016-07-20,2,8,13,0,1
1158,Cefpodoxime,2018-07-18,0,4.427415,2018-08-22,2,8,13,0,1
1159,Cefpodoxime,2017-07-19,0,4.53619,2017-08-23,2,8,13,0,1
1160,Cefpodoxime,2016-07-20,1,5.279365,2016-08-17,2,8,13,0,1
1162,Cefpodoxime,2016-08-17,1,5.581895,2016-09-21,2,8,13,0,1
1163,Cefpodoxime,2018-08-22,0,4.531385,2018-09-19,2,8,13,0,1
1164,Cefpodoxime,2017-08-23,0,4.799705,2017-09-20,2,8,13,0,1
1165,Cefpodoxime,2018-09-19,0,4.12994,2018-10-17,2,8,13,0,1
1166,Cefpodoxime,2017-09-20,0,4.78029,2017-10-18,2,8,13,0,1
1167,Cefpodoxime,2016-09-21,1,5.44908,2016-10-19,2,8,13,0,1
1168,Cefpodoxime,2018-10-17,0,3.5972657142857143,2018-11-21,2,8,13,0,1
1169,Cefpodoxime,2017-10-18,0,4.40713,2017-11-22,2,8,13,0,1
1170,Cefpodoxime,2016-10-19,0,5.74159,2016-11-23,2,8,13,0,1
1171,Cefpodoxime,2018-11-21,0,4.36658,2018-12-19,2,8,13,0,1
1172,Cefpodoxime,2017-11-22,0,4.27827,2017-12-20,2,8,13,0,1
1173,Cefpodoxime,2016-11-23,0,5.274565,2016-12-21,2,8,13,0,1
1174,Cefpodoxime,2024-12-18,0,1.50506,2025-01-22,2,8,13,0,1
1176,Cefpodoxime,2017-12-20,0,4.44146,2018-01-17,2,8,13,0,1
1177,Cefpodoxime,2016-12-21,0,5.260873846153847,2017-01-18,2,8,13,0,1
1178,Cefpodoxime,2015-12-23,1,4.6722375000000005,2016-01-20,2,8,13,0,1
1179,Cefpodoxime Oral Suspension,2025-01-22,0,0.8468466666666666,2025-02-19,1,1,1,1,0
1180,Cefpodoxime Oral Suspension,2025-02-19,0,0.8745766666666667,2025-03-19,1,1,1,1,0
1181,Cefpodoxime Oral Suspension,2025-03-19,0,0.9168033333333334,2025-04-23,1,1,1,1,0
1183,Cefpodoxime Oral Suspension,2025-04-23,0,0.9175633333333332,2025-05-21,1,1,1,1,0
1184,Cefpodoxime Oral Suspension,2025-05-21,0,0.9159933333333332,2025-06-18,1,1,1,1,0
1185,Cefpodoxime Oral Suspension,2025-06-18,0,0.93013,2025-07-23,1,1,1,1,0
1187,Cefpodoxime Oral Suspension,2024-12-18,0,0.77478,2025-01-22,1,1,1,1,0
1189,Ceftazidime Injection,2024-12-18,0,3.86224,2025-01-22,4,13,13,1,0
1190,Ceftriaxone Sodium Injection,2018-01-17,1,1.3442572727272728,2018-02-21,12,46,48,1,0
1191,Ceftriaxone Sodium Injection,2017-01-18,1,2.38772,2017-02-22,12,46,48,1,0
1192,Ceftriaxone Sodium Injection,2016-01-20,1,1.377131153846154,2016-02-17,12,46,48,1,0
1193,Ceftriaxone Sodium Injection,2025-01-22,0,1.50621,2025-02-19,12,46,48,1,0
1194,Ceftriaxone Sodium Injection,2016-02-17,1,2.0816078125,2016-03-23,12,46,48,1,0
1195,Ceftriaxone Sodium Injection,2025-02-19,0,1.3991355384615385,2025-03-19,12,46,48,1,0
1196,Ceftriaxone Sodium Injection,2018-02-21,1,2.1032,2018-03-21,12,46,48,1,0
1197,Ceftriaxone Sodium Injection,2017-02-22,1,2.42953,2017-03-22,12,46,48,1,0
1198,Ceftriaxone Sodium Injection,2025-03-19,0,1.5468725,2025-04-23,12,46,48,1,0
1199,Ceftriaxone Sodium Injection,2018-03-21,1,1.97754,2018-04-18,12,46,48,1,0
1200,Ceftriaxone Sodium Injection,2017-03-22,1,2.166,2017-04-12,12,46,48,1,0
1201,Ceftriaxone Sodium Injection,2016-03-23,1,1.6103999999999998,2016-04-20,12,46,48,1,0
1202,Ceftriaxone Sodium Injection,2017-04-12,1,1.7158699999999998,2017-04-19,12,46,48,1,0
1203,Ceftriaxone Sodium Injection,2018-04-18,1,1.99013,2018-05-23,12,46,48,1,0
1204,Ceftriaxone Sodium Injection,2017-04-19,1,2.01889,2017-05-17,12,46,48,1,0
1205,Ceftriaxone Sodium Injection,2016-04-20,1,1.4548614666666666,2016-05-18,12,46,48,1,0
1206,Ceftriaxone Sodium Injection,2025-04-23,0,1.54615625,2025-05-21,12,46,48,1,0
1207,Ceftriaxone Sodium Injection,2017-05-17,1,2.27126,2017-06-21,12,46,48,1,0
1208,Ceftriaxone Sodium Injection,2016-05-18,1,2.22632,2016-06-22,12,46,48,1,0
1209,Ceftriaxone Sodium Injection,2025-05-21,0,1.5446075,2025-06-18,12,46,48,1,0
1210,Ceftriaxone Sodium Injection,2018-05-23,1,2.08343,2018-06-20,12,46,48,1,0
1211,Ceftriaxone Sodium Injection,2025-06-18,0,1.474893181818182,2025-07-23,12,46,48,1,0
1212,Ceftriaxone Sodium Injection,2018-06-20,1,2.02817,2018-07-18,12,46,48,1,0
1213,Ceftriaxone Sodium Injection,2017-06-21,1,1.79292,2017-07-19,12,46,48,1,0
1214,Ceftriaxone Sodium Injection,2016-06-22,1,1.6283044000000002,2016-07-20,12,46,48,1,0
1215,Ceftriaxone Sodium Injection,2018-07-18,1,1.96333,2018-08-22,12,46,48,1,0
1216,Ceftriaxone Sodium Injection,2017-07-19,1,2.39585,2017-08-23,12,46,48,1,0
1217,Ceftriaxone Sodium Injection,2016-07-20,1,1.94526,2016-08-17,12,46,48,1,0
1219,Ceftriaxone Sodium Injection,2016-08-17,1,1.7294689583333334,2016-09-21,12,46,48,1,0
1221,Ceftriaxone Sodium Injection,2018-08-22,1,1.79711,2018-09-19,12,46,48,1,0
1222,Ceftriaxone Sodium Injection,2017-08-23,1,1.7277771428571431,2017-09-20,12,46,48,1,0
1223,Ceftriaxone Sodium Injection,2018-09-19,1,1.90727,2018-10-17,12,46,48,1,0
1224,Ceftriaxone Sodium Injection,2017-09-20,1,1.82854,2017-10-18,12,46,48,1,0
1225,Ceftriaxone Sodium Injection,2016-09-21,1,1.74144,2016-10-19,12,46,48,1,0
1226,Ceftriaxone Sodium Injection,2018-10-17,1,1.95792,2018-11-21,12,46,48,1,0
1227,Ceftriaxone Sodium Injection,2017-10-18,1,1.79079,2017-11-22,12,46,48,1,0
1228,Ceftriaxone Sodium Injection,2016-10-19,1,2.006,2016-11-23,12,46,48,1,0
1230,Ceftriaxone Sodium Injection,2018-11-21,1,2.0888,2018-12-19,12,46,48,1,0
1231,Ceftriaxone Sodium Injection,2017-11-22,1,1.92738,2017-12-20,12,46,48,1,0
1232,Ceftriaxone Sodium Injection,2016-11-23,1,1.0783795348837208,2016-12-21,12,46,48,1,0
1233,Ceftriaxone Sodium Injection,2024-12-18,0,1.515828,2025-01-22,12,46,48,1,0
1234,Ceftriaxone Sodium Injection,2018-12-19,1,2.11682,2018-12-26,12,46,48,1,0
1235,Ceftriaxone Sodium Injection,2017-12-20,1,1.397765,2018-01-17,12,46,48,1,0
1236,Ceftriaxone Sodium Injection,2016-12-21,1,0.8710666666666668,2017-01-18,12,46,48,1,0
1237,Ceftriaxone Sodium Injection,2015-12-23,1,1.39766,2016-01-20,12,46,48,1,0
1239,Cetirizine Oral Solution,2018-01-17,0,0.029935,2018-02-21,4,5,5,1,0
1240,Cetirizine Oral Solution,2017-01-18,0,0.030855,2017-02-22,4,5,5,1,0
1241,Cetirizine Oral Solution,2016-01-20,0,0.033545,2016-02-17,4,5,5,1,0
1242,Cetirizine Oral Solution,2025-01-22,0,0.0301766666666666,2025-02-19,4,5,5,1,0
1243,Cetirizine Oral Solution,2016-02-17,0,0.03315,2016-03-23,4,5,5,1,0
1244,Cetirizine Oral Solution,2025-02-19,0,0.0323266666666666,2025-03-19,4,5,5,1,0
1245,Cetirizine Oral Solution,2018-02-21,0,0.033245,2018-03-21,4,5,5,1,0
1246,Cetirizine Oral Solution,2017-02-22,0,0.03294,2017-03-22,4,5,5,1,0
1247,Cetirizine Oral Solution,2025-03-19,0,0.03207,2025-04-23,4,5,5,1,0
1248,Cetirizine Oral Solution,2018-03-21,0,0.032755,2018-04-18,4,5,5,1,0
1249,Cetirizine Oral Solution,2017-03-22,0,0.033295,2017-04-19,4,5,5,1,0
1250,Cetirizine Oral Solution,2016-03-23,0,0.0339099999999999,2016-04-20,4,5,5,1,0
1251,Cetirizine Oral Solution,2018-04-18,0,0.03167,2018-05-23,4,5,5,1,0
1252,Cetirizine Oral Solution,2017-04-19,0,0.03054,2017-05-17,4,5,5,1,0
1253,Cetirizine Oral Solution,2016-04-20,0,0.03427,2016-05-18,4,5,5,1,0
1254,Cetirizine Oral Solution,2025-04-23,0,0.0317466666666666,2025-05-21,4,5,5,1,0
1255,Cetirizine Oral Solution,2017-05-17,0,0.031145,2017-06-21,4,5,5,1,0
1256,Cetirizine Oral Solution,2016-05-18,0,0.032305,2016-06-22,4,5,5,1,0
1257,Cetirizine Oral Solution,2025-05-21,0,0.0311866666666666,2025-06-18,4,5,5,1,0
1258,Cetirizine Oral Solution,2018-05-23,0,0.032665,2018-06-20,4,5,5,1,0
1259,Cetirizine Oral Solution,2025-06-18,0,0.0311666666666666,2025-07-23,4,5,5,1,0
1260,Cetirizine Oral Solution,2018-06-20,0,0.030795,2018-07-18,4,5,5,1,0
1261,Cetirizine Oral Solution,2017-06-21,0,0.0339799999999999,2017-07-19,4,5,5,1,0
1262,Cetirizine Oral Solution,2016-06-22,0,0.031365,2016-07-20,4,5,5,1,0
1263,Cetirizine Oral Solution,2018-07-18,0,0.032415,2018-08-22,4,5,5,1,0
1264,Cetirizine Oral Solution,2017-07-19,0,0.034195,2017-08-23,4,5,5,1,0
1265,Cetirizine Oral Solution,2016-07-20,0,0.03288,2016-08-17,4,5,5,1,0
1267,Cetirizine Oral Solution,2016-08-17,0,0.032575,2016-09-21,4,5,5,1,0
1268,Cetirizine Oral Solution,2018-08-22,0,0.032325,2018-09-19,4,5,5,1,0
1269,Cetirizine Oral Solution,2017-08-23,0,0.03165,2017-09-20,4,5,5,1,0
1270,Cetirizine Oral Solution,2018-09-19,0,0.03024,2018-10-17,4,5,5,1,0
1271,Cetirizine Oral Solution,2017-09-20,0,0.033795,2017-10-18,4,5,5,1,0
1272,Cetirizine Oral Solution,2016-09-21,0,0.031235,2016-10-19,4,5,5,1,0
1273,Cetirizine Oral Solution,2018-10-17,0,0.031055,2018-11-21,4,5,5,1,0
1274,Cetirizine Oral Solution,2017-10-18,0,0.033525,2017-11-22,4,5,5,1,0
1275,Cetirizine Oral Solution,2016-10-19,0,0.03196,2016-11-23,4,5,5,1,0
1276,Cetirizine Oral Solution,2018-11-21,0,0.0296099999999999,2018-12-19,4,5,5,1,0
1277,Cetirizine Oral Solution,2017-11-22,0,0.03253,2017-12-20,4,5,5,1,0
1278,Cetirizine Oral Solution,2016-11-23,0,0.0306649999999999,2016-12-21,4,5,5,1,0
1279,Cetirizine Oral Solution,2024-12-18,0,0.0306633333333333,2025-01-22,4,5,5,1,0
1281,Cetirizine Oral Solution,2017-12-20,0,0.031145,2018-01-17,4,5,5,1,0
1282,Cetirizine Oral Solution,2016-12-21,0,0.0338,2017-01-18,4,5,5,1,0
1283,Cetirizine Oral Solution,2015-12-23,0,0.03363,2016-01-20,4,5,5,1,0
1284,Chlordiazepoxide Capsules,2018-01-17,0,0.07521,2018-02-21,3,9,12,0,1
1285,Chlordiazepoxide Capsules,2017-01-18,0,0.0727833333333333,2017-02-22,3,9,12,0,1
1286,Chlordiazepoxide Capsules,2016-01-20,0,0.0793866666666666,2016-02-17,3,9,12,0,1
1287,Chlordiazepoxide Capsules,2025-01-22,0,0.1529133333333333,2025-02-19,3,9,12,0,1
1288,Chlordiazepoxide Capsules,2016-02-17,0,0.0792033333333333,2016-03-23,3,9,12,0,1
1289,Chlordiazepoxide Capsules,2025-02-19,0,0.1547333333333333,2025-03-19,3,9,12,0,1
1290,Chlordiazepoxide Capsules,2018-02-21,0,0.0765266666666666,2018-03-21,3,9,12,0,1
1291,Chlordiazepoxide Capsules,2017-02-22,0,0.0758433333333333,2017-03-22,3,9,12,0,1
1292,Chlordiazepoxide Capsules,2025-03-19,0,0.1575033333333333,2025-04-23,3,9,12,0,1
1293,Chlordiazepoxide Capsules,2018-03-21,0,0.0739533333333333,2018-04-18,3,9,12,0,1
1294,Chlordiazepoxide Capsules,2017-03-22,0,0.0764633333333333,2017-04-19,3,9,12,0,1
1295,Chlordiazepoxide Capsules,2016-03-23,0,0.0796133333333333,2016-04-20,3,9,12,0,1
1296,Chlordiazepoxide Capsules,2018-04-18,0,0.0753433333333333,2018-05-23,3,9,12,0,1
1297,Chlordiazepoxide Capsules,2017-04-19,0,0.0746766666666666,2017-05-17,3,9,12,0,1
1298,Chlordiazepoxide Capsules,2016-04-20,0,0.0807033333333333,2016-05-18,3,9,12,0,1
1299,Chlordiazepoxide Capsules,2025-04-23,0,0.16002,2025-05-21,3,9,12,0,1
1300,Chlordiazepoxide Capsules,2017-05-17,0,0.0754166666666666,2017-06-21,3,9,12,0,1
1301,Chlordiazepoxide Capsules,2016-05-18,0,0.0784533333333333,2016-06-22,3,9,12,0,1
1302,Chlordiazepoxide Capsules,2025-05-21,0,0.16144,2025-06-18,3,9,12,0,1
1303,Chlordiazepoxide Capsules,2018-05-23,0,0.0763566666666666,2018-06-20,3,9,12,0,1
1304,Chlordiazepoxide Capsules,2025-06-18,0,0.1620833333333333,2025-07-23,3,9,12,0,1
1305,Chlordiazepoxide Capsules,2018-06-20,0,0.0752805882352941,2018-07-18,3,9,12,0,1
1306,Chlordiazepoxide Capsules,2017-06-21,0,0.077755294117647,2017-07-19,3,9,12,0,1
1307,Chlordiazepoxide Capsules,2016-06-22,0,0.0778433333333333,2016-07-20,3,9,12,0,1
1308,Chlordiazepoxide Capsules,2018-07-18,0,0.07186,2018-08-22,3,9,12,0,1
1309,Chlordiazepoxide Capsules,2017-07-19,0,0.069615,2017-08-23,3,9,12,0,1
1310,Chlordiazepoxide Capsules,2016-07-20,0,0.0789566666666666,2016-08-17,3,9,12,0,1
1312,Chlordiazepoxide Capsules,2016-08-17,0,0.0786166666666666,2016-09-21,3,9,12,0,1
1313,Chlordiazepoxide Capsules,2018-08-22,0,0.0762166666666666,2018-09-19,3,9,12,0,1
1314,Chlordiazepoxide Capsules,2017-08-23,0,0.0725233333333333,2017-09-20,3,9,12,0,1
1315,Chlordiazepoxide Capsules,2018-09-19,0,0.07194,2018-10-17,3,9,12,0,1
1316,Chlordiazepoxide Capsules,2017-09-20,0,0.0741,2017-10-18,3,9,12,0,1
1317,Chlordiazepoxide Capsules,2016-09-21,0,0.0795466666666666,2016-10-19,3,9,12,0,1
1318,Chlordiazepoxide Capsules,2018-10-17,0,0.07169,2018-11-21,3,9,12,0,1
1319,Chlordiazepoxide Capsules,2017-10-18,0,0.0766366666666666,2017-11-22,3,9,12,0,1
1320,Chlordiazepoxide Capsules,2016-10-19,0,0.0774666666666666,2016-11-23,3,9,12,0,1
1321,Chlordiazepoxide Capsules,2018-11-21,0,0.0724333333333333,2018-12-19,3,9,12,0,1
1322,Chlordiazepoxide Capsules,2017-11-22,0,0.0759333333333333,2017-12-20,3,9,12,0,1
1323,Chlordiazepoxide Capsules,2016-11-23,0,0.0788499999999999,2016-12-21,3,9,12,0,1
1324,Chlordiazepoxide Capsules,2024-12-18,0,0.1531733333333333,2025-01-22,3,9,12,0,1
1326,Chlordiazepoxide Capsules,2017-12-20,0,0.0684066666666666,2018-01-17,3,9,12,0,1
1327,Chlordiazepoxide Capsules,2016-12-21,0,0.07975,2017-01-18,3,9,12,0,1
1328,Chlordiazepoxide Capsules,2015-12-23,0,0.0813233333333333,2016-01-20,3,9,12,0,1
1329,Chloroquine Phosphate Tablets,2025-01-22,0,4.076885,2025-02-19,1,2,2,0,1
1330,Chloroquine Phosphate Tablets,2025-02-19,0,4.13109,2025-03-19,1,2,2,0,1
1331,Chloroquine Phosphate Tablets,2015-03-18,0,0.94187,2015-04-22,1,2,2,0,1
1332,Chloroquine Phosphate Tablets,2025-03-19,0,4.26736,2025-04-23,1,2,2,0,1
1334,Chloroquine Phosphate Tablets,2025-04-23,0,4.225885,2025-05-21,1,2,2,0,1
1336,Chloroquine Phosphate Tablets,2025-05-21,0,4.180965,2025-06-18,1,2,2,0,1
1338,Chloroquine Phosphate Tablets,2025-06-18,0,4.077875,2025-07-23,1,2,2,0,1
1339,Chloroquine Phosphate Tablets,2016-07-20,0,9.85691,2016-08-17,1,2,2,0,1
1342,Chloroquine Phosphate Tablets,2024-12-18,0,3.99408,2025-01-22,1,2,2,0,1
1346,Chloroquine Tablets,2016-07-20,0,9.85691,2016-08-17,3,5,5,0,1
1350,Chlorothiazide Oral Suspension,2025-01-22,0,0.27877,2025-02-19,1,1,1,1,0
1351,Chlorothiazide Oral Suspension,2025-02-19,0,0.27901,2025-03-19,1,1,1,1,0
1352,Chlorothiazide Oral Suspension,2025-03-19,0,0.27894,2025-04-23,1,1,1,1,0
1353,Chlorothiazide Oral Suspension,2025-04-23,0,0.27896,2025-05-21,1,1,1,1,0
1354,Chlorothiazide Oral Suspension,2025-05-21,0,0.27873,2025-06-18,1,1,1,1,0
1355,Chlorothiazide Oral Suspension,2025-06-18,0,0.27872,2025-07-23,1,1,1,1,0
1356,Chlorothiazide Oral Suspension,2016-07-20,1,0.23808,2016-08-17,1,1,1,1,0
1360,Chlorothiazide Oral Suspension,2024-12-18,0,0.27884,2025-01-22,1,1,1,1,0
1362,Cimetidine Oral Solution,2017-01-18,0,0.0621399999999999,2017-02-22,2,2,3,1,0
1363,Cimetidine Oral Solution,2016-01-20,0,0.0634,2016-02-17,2,2,3,1,0
1364,Cimetidine Oral Solution,2016-02-17,0,0.06954,2016-03-23,2,2,3,1,0
1365,Cimetidine Oral Solution,2017-02-22,0,0.05776,2017-03-22,2,2,3,1,0
1366,Cimetidine Oral Solution,2017-03-22,0,0.0622,2017-04-19,2,2,3,1,0
1367,Cimetidine Oral Solution,2016-03-23,0,0.06459,2016-04-20,2,2,3,1,0
1369,Cimetidine Oral Solution,2017-04-19,0,0.07174,2017-05-17,2,2,3,1,0
1370,Cimetidine Oral Solution,2016-04-20,0,0.06992,2016-05-18,2,2,3,1,0
1372,Cimetidine Oral Solution,2016-05-18,0,0.0688,2016-06-22,2,2,3,1,0
1373,Cimetidine Oral Solution,2018-06-20,0,0.063,2018-07-18,2,2,3,1,0
1374,Cimetidine Oral Solution,2016-06-22,0,0.06564,2016-07-20,2,2,3,1,0
1375,Cimetidine Oral Solution,2018-07-18,0,0.06817,2018-08-22,2,2,3,1,0
1376,Cimetidine Oral Solution,2017-07-19,0,0.07264,2017-08-23,2,2,3,1,0
1377,Cimetidine Oral Solution,2016-07-20,0,0.07105,2016-08-17,2,2,3,1,0
1379,Cimetidine Oral Solution,2016-08-17,0,0.06839,2016-09-21,2,2,3,1,0
1380,Cimetidine Oral Solution,2018-08-22,0,0.06977,2018-09-19,2,2,3,1,0
1381,Cimetidine Oral Solution,2017-08-23,0,0.05572,2017-09-20,2,2,3,1,0
1384,Cimetidine Oral Solution,2016-09-21,0,0.06455,2016-10-19,2,2,3,1,0
1385,Cimetidine Oral Solution,2016-10-19,0,0.06226,2016-11-23,2,2,3,1,0
1387,Cimetidine Oral Solution,2017-11-22,0,0.05912,2017-12-20,2,2,3,1,0
1388,Cimetidine Oral Solution,2016-11-23,0,0.0653,2016-12-21,2,2,3,1,0
1390,Cimetidine Oral Solution,2016-12-21,0,0.07026,2017-01-18,2,2,3,1,0
1391,Cimetidine Oral Solution,2015-12-23,0,0.06193,2016-01-20,2,2,3,1,0
1392,Ciprofloxacin Ophthalmic Solution,2018-01-17,0,1.005584,2018-02-21,2,2,5,1,0
1393,Ciprofloxacin Ophthalmic Solution,2017-01-18,0,1.05972,2017-02-22,2,2,5,1,0
1394,Ciprofloxacin Ophthalmic Solution,2016-01-20,0,1.035938,2016-02-17,2,2,5,1,0
1395,Ciprofloxacin Ophthalmic Solution,2025-01-22,0,1.7762966666666669,2025-02-19,2,2,5,1,0
1396,Ciprofloxacin Ophthalmic Solution,2016-02-17,0,1.072902,2016-03-23,2,2,5,1,0
1397,Ciprofloxacin Ophthalmic Solution,2025-02-19,0,1.85592,2025-03-19,2,2,5,1,0
1398,Ciprofloxacin Ophthalmic Solution,2018-02-21,0,1.053166,2018-03-21,2,2,5,1,0
1399,Ciprofloxacin Ophthalmic Solution,2017-02-22,0,1.011466,2017-03-22,2,2,5,1,0
1400,Ciprofloxacin Ophthalmic Solution,2025-03-19,0,1.8403366666666665,2025-04-23,2,2,5,1,0
1401,Ciprofloxacin Ophthalmic Solution,2018-03-21,0,1.033072,2018-04-18,2,2,5,1,0
1402,Ciprofloxacin Ophthalmic Solution,2017-03-22,0,1.006582,2017-04-19,2,2,5,1,0
1403,Ciprofloxacin Ophthalmic Solution,2016-03-23,0,1.09903,2016-04-20,2,2,5,1,0
1404,Ciprofloxacin Ophthalmic Solution,2018-04-18,0,0.911256,2018-05-23,2,2,5,1,0
1405,Ciprofloxacin Ophthalmic Solution,2017-04-19,0,1.05345,2017-05-17,2,2,5,1,0
1406,Ciprofloxacin Ophthalmic Solution,2016-04-20,0,1.1035499999999998,2016-05-18,2,2,5,1,0
1407,Ciprofloxacin Ophthalmic Solution,2025-04-23,0,1.81577,2025-05-21,2,2,5,1,0
1408,Ciprofloxacin Ophthalmic Solution,2017-05-17,0,1.041924,2017-06-21,2,2,5,1,0
1409,Ciprofloxacin Ophthalmic Solution,2016-05-18,0,1.116942,2016-06-22,2,2,5,1,0
1410,Ciprofloxacin Ophthalmic Solution,2025-05-21,0,1.7933266666666663,2025-06-18,2,2,5,1,0
1411,Ciprofloxacin Ophthalmic Solution,2018-05-23,0,1.053662,2018-06-20,2,2,5,1,0
1412,Ciprofloxacin Ophthalmic Solution,2025-06-18,0,1.7879,2025-07-23,2,2,5,1,0
1413,Ciprofloxacin Ophthalmic Solution,2018-06-20,1,1.0081948,2018-07-18,2,2,5,1,0
1414,Ciprofloxacin Ophthalmic Solution,2017-06-21,0,1.052478,2017-07-19,2,2,5,1,0
1415,Ciprofloxacin Ophthalmic Solution,2016-06-22,0,1.156656,2016-07-20,2,2,5,1,0
1416,Ciprofloxacin Ophthalmic Solution,2018-07-18,1,1.07013,2018-08-22,2,2,5,1,0
1417,Ciprofloxacin Ophthalmic Solution,2017-07-19,0,1.039968,2017-08-23,2,2,5,1,0
1418,Ciprofloxacin Ophthalmic Solution,2016-07-20,0,1.184558,2016-08-17,2,2,5,1,0
1420,Ciprofloxacin Ophthalmic Solution,2016-08-17,0,1.118464,2016-09-21,2,2,5,1,0
1421,Ciprofloxacin Ophthalmic Solution,2018-08-22,1,1.058464,2018-09-19,2,2,5,1,0
1422,Ciprofloxacin Ophthalmic Solution,2017-08-23,0,0.97961,2017-09-20,2,2,5,1,0
1423,Ciprofloxacin Ophthalmic Solution,2018-09-19,1,1.036308,2018-10-17,2,2,5,1,0
1424,Ciprofloxacin Ophthalmic Solution,2017-09-20,0,1.008504,2017-10-18,2,2,5,1,0
1425,Ciprofloxacin Ophthalmic Solution,2016-09-21,0,1.146552,2016-10-19,2,2,5,1,0
1426,Ciprofloxacin Ophthalmic Solution,2018-10-17,1,0.985356,2018-11-21,2,2,5,1,0
1427,Ciprofloxacin Ophthalmic Solution,2017-10-18,0,0.954652,2017-11-22,2,2,5,1,0
1428,Ciprofloxacin Ophthalmic Solution,2016-10-19,0,1.099524,2016-11-23,2,2,5,1,0
1429,Ciprofloxacin Ophthalmic Solution,2018-11-21,1,1.009658,2018-12-19,2,2,5,1,0
1430,Ciprofloxacin Ophthalmic Solution,2017-11-22,0,0.962324,2017-12-20,2,2,5,1,0
1431,Ciprofloxacin Ophthalmic Solution,2016-11-23,0,1.034578,2016-12-21,2,2,5,1,0
1432,Ciprofloxacin Ophthalmic Solution,2024-12-18,0,1.77069,2025-01-22,2,2,5,1,0
1434,Ciprofloxacin Ophthalmic Solution,2017-12-20,0,1.02248,2018-01-17,2,2,5,1,0
1435,Ciprofloxacin Ophthalmic Solution,2016-12-21,0,1.138606,2017-01-18,2,2,5,1,0
1436,Ciprofloxacin Ophthalmic Solution,2015-12-23,0,1.068318,2016-01-20,2,2,5,1,0
1438,Ciprofloxacin Oral Suspension,2025-01-22,0,1.354455,2025-02-19,2,4,4,1,0
1439,Ciprofloxacin Oral Suspension,2015-02-18,0,0.94081,2015-03-18,2,4,4,1,0
1440,Ciprofloxacin Oral Suspension,2025-02-19,0,1.35546,2025-03-19,2,4,4,1,0
1442,Ciprofloxacin Oral Suspension,2025-03-19,0,1.3562150000000002,2025-04-23,2,4,4,1,0
1444,Ciprofloxacin Oral Suspension,2025-04-23,0,1.35534,2025-05-21,2,4,4,1,0
1446,Ciprofloxacin Oral Suspension,2025-05-21,0,1.356235,2025-06-18,2,4,4,1,0
1447,Ciprofloxacin Oral Suspension,2025-06-18,0,1.357595,2025-07-23,2,4,4,1,0
1451,Ciprofloxacin Oral Suspension,2017-08-23,1,1.18686,2017-09-20,2,4,4,1,0
1454,Ciprofloxacin Oral Suspension,2016-10-19,1,1.2997299999999998,2016-11-23,2,4,4,1,0
1455,Ciprofloxacin Oral Suspension,2016-11-23,1,1.244493404255319,2017-01-18,2,4,4,1,0
1456,Ciprofloxacin Oral Suspension,2024-12-18,0,1.35401,2025-01-22,2,4,4,1,0
1457,Clomiphene Citrate Tablets,2018-01-17,0,0.8219999999999998,2018-02-21,2,2,4,0,1
1458,Clomiphene Citrate Tablets,2017-01-18,0,0.85078,2017-02-22,2,2,4,0,1
1459,Clomiphene Citrate Tablets,2016-01-20,0,0.81395,2016-02-17,2,2,4,0,1
1460,Clomiphene Citrate Tablets,2016-02-17,0,0.8044,2016-03-23,2,2,4,0,1
1461,Clomiphene Citrate Tablets,2018-02-21,0,0.92499,2018-03-21,2,2,4,0,1
1462,Clomiphene Citrate Tablets,2017-02-22,0,1.01088,2017-03-22,2,2,4,0,1
1463,Clomiphene Citrate Tablets,2018-03-21,0,0.88789,2018-04-18,2,2,4,0,1
1464,Clomiphene Citrate Tablets,2017-03-22,0,0.87389,2017-04-19,2,2,4,0,1
1465,Clomiphene Citrate Tablets,2016-03-23,0,1.06237,2016-04-20,2,2,4,0,1
1466,Clomiphene Citrate Tablets,2018-04-18,0,1.08,2018-05-23,2,2,4,0,1
1467,Clomiphene Citrate Tablets,2017-04-19,0,0.96143,2017-05-17,2,2,4,0,1
1468,Clomiphene Citrate Tablets,2016-04-20,0,0.86501,2016-05-18,2,2,4,0,1
1469,Clomiphene Citrate Tablets,2017-05-17,0,0.94306,2017-06-21,2,2,4,0,1
1470,Clomiphene Citrate Tablets,2016-05-18,0,0.8301000000000001,2016-06-22,2,2,4,0,1
1471,Clomiphene Citrate Tablets,2018-05-23,0,0.8785,2018-06-20,2,2,4,0,1
1472,Clomiphene Citrate Tablets,2018-06-20,0,0.84948,2018-07-18,2,2,4,0,1
1473,Clomiphene Citrate Tablets,2017-06-21,0,0.94843,2017-07-19,2,2,4,0,1
1474,Clomiphene Citrate Tablets,2016-06-22,0,0.79099,2016-07-20,2,2,4,0,1
1475,Clomiphene Citrate Tablets,2018-07-18,0,0.8842399999999999,2018-08-22,2,2,4,0,1
1476,Clomiphene Citrate Tablets,2017-07-19,0,1.06036,2017-08-23,2,2,4,0,1
1477,Clomiphene Citrate Tablets,2016-07-20,0,0.81188,2016-08-17,2,2,4,0,1
1478,Clomiphene Citrate Tablets,2016-08-17,0,0.90347,2016-09-21,2,2,4,0,1
1479,Clomiphene Citrate Tablets,2018-08-22,0,0.78303,2018-09-19,2,2,4,0,1
1480,Clomiphene Citrate Tablets,2017-08-23,0,0.99344,2017-09-20,2,2,4,0,1
1481,Clomiphene Citrate Tablets,2018-09-19,0,0.83058,2018-10-17,2,2,4,0,1
1482,Clomiphene Citrate Tablets,2017-09-20,0,0.97904,2017-10-18,2,2,4,0,1
1483,Clomiphene Citrate Tablets,2016-09-21,0,0.91971,2016-10-19,2,2,4,0,1
1484,Clomiphene Citrate Tablets,2018-10-17,0,0.75805,2018-11-21,2,2,4,0,1
1485,Clomiphene Citrate Tablets,2017-10-18,0,0.88301,2017-11-22,2,2,4,0,1
1486,Clomiphene Citrate Tablets,2016-10-19,0,0.9175,2016-11-23,2,2,4,0,1
1487,Clomiphene Citrate Tablets,2018-11-21,0,0.77411,2018-12-19,2,2,4,0,1
1488,Clomiphene Citrate Tablets,2017-11-22,0,0.84421,2017-12-20,2,2,4,0,1
1489,Clomiphene Citrate Tablets,2016-11-23,0,0.93605,2016-12-21,2,2,4,0,1
1491,Clomiphene Citrate Tablets,2017-12-20,0,0.95018,2018-01-17,2,2,4,0,1
1492,Clomiphene Citrate Tablets,2016-12-21,0,0.95967,2017-01-18,2,2,4,0,1
1493,Clomiphene Citrate Tablets,2015-12-23,0,0.90249,2016-01-20,2,2,4,0,1
1499,Clonidine Extended-Release Tablets,2017-09-05,0,7.1653,2017-10-18,1,1,1,0,1
1501,Clonidine Extended-Release Tablets,2017-10-18,0,7.04212,2017-11-22,1,1,1,0,1
1502,Clonidine Extended-Release Tablets,2017-11-22,0,6.83157,2017-12-20,1,1,1,0,1
1504,Colestipol Hydrochloride Granules for Oral Suspension,2025-01-22,0,0.26054,2025-02-19,2,2,8,1,0
1505,Colestipol Hydrochloride Granules for Oral Suspension,2016-02-17,0,3.18654,2016-03-23,2,2,8,1,0
1506,Colestipol Hydrochloride Granules for Oral Suspension,2025-02-19,0,0.25173,2025-03-19,2,2,8,1,0
1507,Colestipol Hydrochloride Granules for Oral Suspension,2018-02-21,0,2.76771,2018-03-21,2,2,8,1,0
1508,Colestipol Hydrochloride Granules for Oral Suspension,2025-03-19,0,0.24859,2025-04-23,2,2,8,1,0
1509,Colestipol Hydrochloride Granules for Oral Suspension,2018-03-21,0,2.36234,2018-04-18,2,2,8,1,0
1511,Colestipol Hydrochloride Granules for Oral Suspension,2016-03-23,0,2.79747,2016-04-20,2,2,8,1,0
1512,Colestipol Hydrochloride Granules for Oral Suspension,2018-04-18,0,2.71806,2018-05-23,2,2,8,1,0
1513,Colestipol Hydrochloride Granules for Oral Suspension,2016-04-20,0,2.9416,2016-05-18,2,2,8,1,0
1514,Colestipol Hydrochloride Granules for Oral Suspension,2025-04-23,0,0.25033,2025-05-21,2,2,8,1,0
1515,Colestipol Hydrochloride Granules for Oral Suspension,2016-05-18,0,3.0521,2016-06-22,2,2,8,1,0
1516,Colestipol Hydrochloride Granules for Oral Suspension,2025-05-21,0,0.25829,2025-06-18,2,2,8,1,0
1518,Colestipol Hydrochloride Granules for Oral Suspension,2018-05-23,0,2.67928,2018-06-20,2,2,8,1,0
1519,Colestipol Hydrochloride Granules for Oral Suspension,2025-06-18,0,0.27032,2025-07-23,2,2,8,1,0
1520,Colestipol Hydrochloride Granules for Oral Suspension,2018-06-20,0,2.64756,2018-07-18,2,2,8,1,0
1521,Colestipol Hydrochloride Granules for Oral Suspension,2016-06-22,0,3.0548,2016-07-20,2,2,8,1,0
1522,Colestipol Hydrochloride Granules for Oral Suspension,2018-07-18,0,2.69663,2018-08-22,2,2,8,1,0
1526,Colestipol Hydrochloride Granules for Oral Suspension,2017-08-23,0,2.4179,2017-09-20,2,2,8,1,0
1527,Colestipol Hydrochloride Granules for Oral Suspension,2017-09-20,0,2.8581,2017-10-18,2,2,8,1,0
1530,Colestipol Hydrochloride Granules for Oral Suspension,2016-11-23,0,3.06367,2016-12-21,2,2,8,1,0
1531,Colestipol Hydrochloride Granules for Oral Suspension,2024-12-18,0,0.26469,2025-01-22,2,2,8,1,0
1533,Colestipol Oral Tablets,2018-01-17,0,0.81304,2018-02-21,3,2,3,0,1
1534,Colestipol Oral Tablets,2017-01-18,0,0.87769,2017-02-22,3,2,3,0,1
1535,Colestipol Oral Tablets,2016-01-20,0,0.86892,2016-02-17,3,2,3,0,1
1536,Colestipol Oral Tablets,2025-01-22,0,0.63142,2025-02-19,3,2,3,0,1
1537,Colestipol Oral Tablets,2016-02-17,0,0.8992699999999999,2016-03-23,3,2,3,0,1
1538,Colestipol Oral Tablets,2025-02-19,0,0.68394,2025-03-19,3,2,3,0,1
1539,Colestipol Oral Tablets,2018-02-21,0,0.81235,2018-03-21,3,2,3,0,1
1540,Colestipol Oral Tablets,2017-02-22,0,0.8003,2017-03-22,3,2,3,0,1
1541,Colestipol Oral Tablets,2025-03-19,0,0.7166,2025-04-23,3,2,3,0,1
1542,Colestipol Oral Tablets,2018-03-21,0,0.775,2018-04-18,3,2,3,0,1
1543,Colestipol Oral Tablets,2017-03-22,0,0.85888,2017-04-19,3,2,3,0,1
1544,Colestipol Oral Tablets,2016-03-23,0,0.86881,2016-04-20,3,2,3,0,1
1545,Colestipol Oral Tablets,2018-04-18,0,0.7358,2018-05-23,3,2,3,0,1
1546,Colestipol Oral Tablets,2017-04-19,0,0.81207,2017-05-17,3,2,3,0,1
1547,Colestipol Oral Tablets,2016-04-20,0,0.9121,2016-05-18,3,2,3,0,1
1548,Colestipol Oral Tablets,2025-04-23,0,0.71909,2025-05-21,3,2,3,0,1
1549,Colestipol Oral Tablets,2017-05-17,0,0.83037,2017-06-21,3,2,3,0,1
1550,Colestipol Oral Tablets,2016-05-18,0,0.8653700000000001,2016-06-22,3,2,3,0,1
1551,Colestipol Oral Tablets,2025-05-21,0,0.70073,2025-06-18,3,2,3,0,1
1552,Colestipol Oral Tablets,2018-05-23,0,0.80369,2018-06-20,3,2,3,0,1
1553,Colestipol Oral Tablets,2025-06-18,0,0.6986,2025-07-23,3,2,3,0,1
1554,Colestipol Oral Tablets,2018-06-20,0,0.76513,2018-07-18,3,2,3,0,1
1555,Colestipol Oral Tablets,2017-06-21,0,0.80676,2017-07-19,3,2,3,0,1
1556,Colestipol Oral Tablets,2016-06-22,0,0.87431,2016-07-20,3,2,3,0,1
1557,Colestipol Oral Tablets,2018-07-18,0,0.77479,2018-08-22,3,2,3,0,1
1558,Colestipol Oral Tablets,2017-07-19,0,0.80623,2017-08-23,3,2,3,0,1
1559,Colestipol Oral Tablets,2016-07-20,0,0.88495,2016-08-17,3,2,3,0,1
1561,Colestipol Oral Tablets,2016-08-17,0,0.88924,2016-09-21,3,2,3,0,1
1562,Colestipol Oral Tablets,2018-08-22,0,0.77135,2018-09-19,3,2,3,0,1
1563,Colestipol Oral Tablets,2017-08-23,0,0.76834,2017-09-20,3,2,3,0,1
1564,Colestipol Oral Tablets,2018-09-19,0,0.75587,2018-10-17,3,2,3,0,1
1565,Colestipol Oral Tablets,2017-09-20,0,0.78264,2017-10-18,3,2,3,0,1
1566,Colestipol Oral Tablets,2016-09-21,0,0.91858,2016-10-19,3,2,3,0,1
1567,Colestipol Oral Tablets,2018-10-17,0,0.75073,2018-11-21,3,2,3,0,1
1568,Colestipol Oral Tablets,2017-10-18,0,0.79164,2017-11-22,3,2,3,0,1
1569,Colestipol Oral Tablets,2016-10-19,0,0.8883300000000001,2016-11-23,3,2,3,0,1
1571,Colestipol Oral Tablets,2018-11-21,0,0.74544,2018-12-19,3,2,3,0,1
1572,Colestipol Oral Tablets,2017-11-22,0,0.83737,2017-12-20,3,2,3,0,1
1573,Colestipol Oral Tablets,2016-11-23,0,0.92876,2016-12-21,3,2,3,0,1
1574,Colestipol Oral Tablets,2024-12-18,0,0.64507,2025-01-22,3,2,3,0,1
1576,Colestipol Oral Tablets,2017-12-20,0,0.74537,2018-01-17,3,2,3,0,1
1577,Colestipol Oral Tablets,2016-12-21,0,0.87018,2017-01-18,3,2,3,0,1
1579,Collagenase Ointment,2017-01-18,0,6.57740625,2017-02-22,1,1,2,1,0
1582,Collagenase Ointment,2016-05-18,0,6.2728,2016-07-13,1,1,2,1,0
1587,Collagenase Ointment,2018-11-21,0,7.186,2018-12-14,1,1,2,1,0
1588,Collagenase Ointment,2017-11-22,0,6.86708,2017-12-12,1,1,2,1,0
1589,Collagenase Ointment,2017-12-12,0,7.052989999999999,2018-01-17,1,1,2,1,0
1591,Collagenase Ointment,2016-12-15,0,6.732115,2017-01-18,1,1,2,1,0
1592,Cyclopentolate Hydrochloride Ophthalmic Solution,2018-01-17,0,2.773045,2018-02-21,3,4,10,1,0
1593,Cyclopentolate Hydrochloride Ophthalmic Solution,2017-01-18,0,3.07451,2017-02-22,3,4,10,1,0
1594,Cyclopentolate Hydrochloride Ophthalmic Solution,2016-01-20,0,3.5656250000000003,2016-02-17,3,4,10,1,0
1595,Cyclopentolate Hydrochloride Ophthalmic Solution,2025-01-22,0,1.696095,2025-02-19,3,4,10,1,0
1596,Cyclopentolate Hydrochloride Ophthalmic Solution,2016-02-17,0,2.944765,2016-03-23,3,4,10,1,0
1597,Cyclopentolate Hydrochloride Ophthalmic Solution,2025-02-19,0,1.586585,2025-03-19,3,4,10,1,0
1598,Cyclopentolate Hydrochloride Ophthalmic Solution,2018-02-21,0,2.7634350000000003,2018-03-21,3,4,10,1,0
1599,Cyclopentolate Hydrochloride Ophthalmic Solution,2017-02-22,0,3.1890150000000004,2017-03-22,3,4,10,1,0
1600,Cyclopentolate Hydrochloride Ophthalmic Solution,2025-03-19,0,1.600235,2025-04-23,3,4,10,1,0
1601,Cyclopentolate Hydrochloride Ophthalmic Solution,2018-03-21,0,2.1082761538461536,2018-04-18,3,4,10,1,0
1602,Cyclopentolate Hydrochloride Ophthalmic Solution,2017-03-22,0,3.15132,2017-04-19,3,4,10,1,0
1603,Cyclopentolate Hydrochloride Ophthalmic Solution,2016-03-23,0,3.230665,2016-04-20,3,4,10,1,0
1604,Cyclopentolate Hydrochloride Ophthalmic Solution,2018-04-18,0,3.57029,2018-05-23,3,4,10,1,0
1605,Cyclopentolate Hydrochloride Ophthalmic Solution,2017-04-19,0,2.804135,2017-05-17,3,4,10,1,0
1606,Cyclopentolate Hydrochloride Ophthalmic Solution,2016-04-20,0,3.245085,2016-05-18,3,4,10,1,0
1607,Cyclopentolate Hydrochloride Ophthalmic Solution,2025-04-23,0,1.607955,2025-05-21,3,4,10,1,0
1608,Cyclopentolate Hydrochloride Ophthalmic Solution,2017-05-17,0,3.06235,2017-06-21,3,4,10,1,0
1609,Cyclopentolate Hydrochloride Ophthalmic Solution,2016-05-18,0,2.988325,2016-06-22,3,4,10,1,0
1610,Cyclopentolate Hydrochloride Ophthalmic Solution,2025-05-21,0,1.59838,2025-06-18,3,4,10,1,0
1611,Cyclopentolate Hydrochloride Ophthalmic Solution,2018-05-23,0,2.03372,2018-06-20,3,4,10,1,0
1612,Cyclopentolate Hydrochloride Ophthalmic Solution,2025-06-18,0,1.595995,2025-07-23,3,4,10,1,0
1613,Cyclopentolate Hydrochloride Ophthalmic Solution,2018-06-20,0,3.6548,2018-07-18,3,4,10,1,0
1614,Cyclopentolate Hydrochloride Ophthalmic Solution,2017-06-21,0,3.1777,2017-07-19,3,4,10,1,0
1615,Cyclopentolate Hydrochloride Ophthalmic Solution,2016-06-22,0,2.752405,2016-07-20,3,4,10,1,0
1616,Cyclopentolate Hydrochloride Ophthalmic Solution,2018-07-18,0,2.5656950000000003,2018-08-22,3,4,10,1,0
1617,Cyclopentolate Hydrochloride Ophthalmic Solution,2017-07-19,0,2.6877307142857143,2017-08-23,3,4,10,1,0
1618,Cyclopentolate Hydrochloride Ophthalmic Solution,2016-07-20,0,3.127615,2016-08-17,3,4,10,1,0
1620,Cyclopentolate Hydrochloride Ophthalmic Solution,2016-08-17,0,3.2544250000000003,2016-09-21,3,4,10,1,0
1621,Cyclopentolate Hydrochloride Ophthalmic Solution,2018-08-22,0,2.3077433333333333,2018-09-19,3,4,10,1,0
1622,Cyclopentolate Hydrochloride Ophthalmic Solution,2017-08-23,0,4.53688,2017-09-20,3,4,10,1,0
1623,Cyclopentolate Hydrochloride Ophthalmic Solution,2018-09-19,0,4.40739,2018-10-17,3,4,10,1,0
1624,Cyclopentolate Hydrochloride Ophthalmic Solution,2017-09-20,0,2.930615,2017-10-18,3,4,10,1,0
1625,Cyclopentolate Hydrochloride Ophthalmic Solution,2016-09-21,0,3.191135,2016-10-19,3,4,10,1,0
1626,Cyclopentolate Hydrochloride Ophthalmic Solution,2018-10-17,0,3.030906666666666,2018-11-21,3,4,10,1,0
1627,Cyclopentolate Hydrochloride Ophthalmic Solution,2017-10-18,0,2.5837,2017-11-22,3,4,10,1,0
1628,Cyclopentolate Hydrochloride Ophthalmic Solution,2016-10-19,0,3.397505,2016-11-23,3,4,10,1,0
1629,Cyclopentolate Hydrochloride Ophthalmic Solution,2018-11-21,0,3.273906666666667,2018-12-12,3,4,10,1,0
1630,Cyclopentolate Hydrochloride Ophthalmic Solution,2017-11-22,0,3.076,2017-12-20,3,4,10,1,0
1631,Cyclopentolate Hydrochloride Ophthalmic Solution,2016-11-23,0,3.288235,2016-12-21,3,4,10,1,0
1632,Cyclopentolate Hydrochloride Ophthalmic Solution,2018-12-12,0,1.11284,2018-12-19,3,4,10,1,0
1633,Cyclopentolate Hydrochloride Ophthalmic Solution,2024-12-18,0,1.627695,2025-01-22,3,4,10,1,0
1635,Cyclopentolate Hydrochloride Ophthalmic Solution,2017-12-20,0,2.97118,2018-01-17,3,4,10,1,0
1636,Cyclopentolate Hydrochloride Ophthalmic Solution,2016-12-21,0,2.98912,2017-01-18,3,4,10,1,0
1637,Cyclopentolate Hydrochloride Ophthalmic Solution,2015-12-23,0,3.1681,2016-01-20,3,4,10,1,0
1638,Cyclosporine Capsules,2018-01-17,0,1.5023433333333334,2018-02-21,6,15,15,0,1
1639,Cyclosporine Capsules,2017-01-18,0,0.64943,2017-02-08,6,15,15,0,1
1640,Cyclosporine Capsules,2025-01-22,0,3.5481725,2025-02-19,6,15,15,0,1
1641,Cyclosporine Capsules,2017-02-08,0,2.35936,2017-02-22,6,15,15,0,1
1642,Cyclosporine Capsules,2025-02-19,0,3.440595,2025-03-19,6,15,15,0,1
1643,Cyclosporine Capsules,2018-02-21,0,1.7927090476190477,2018-03-21,6,15,15,0,1
1644,Cyclosporine Capsules,2017-02-22,0,1.54443,2017-03-22,6,15,15,0,1
1645,Cyclosporine Capsules,2025-03-19,0,3.3884775,2025-04-23,6,15,15,0,1
1646,Cyclosporine Capsules,2018-03-21,0,5.5657052,2018-04-18,6,15,15,0,1
1647,Cyclosporine Capsules,2017-03-22,0,3.788111666666667,2017-04-19,6,15,15,0,1
1648,Cyclosporine Capsules,2016-03-23,0,1.79667,2016-04-20,6,15,15,0,1
1649,Cyclosporine Capsules,2018-04-18,0,1.17203,2018-05-23,6,15,15,0,1
1650,Cyclosporine Capsules,2017-04-19,0,1.38819,2017-05-17,6,15,15,0,1
1651,Cyclosporine Capsules,2016-04-20,0,4.72983,2016-05-18,6,15,15,0,1
1652,Cyclosporine Capsules,2025-04-23,0,3.308095,2025-05-21,6,15,15,0,1
1653,Cyclosporine Capsules,2017-05-17,0,2.9177225,2017-06-21,6,15,15,0,1
1655,Cyclosporine Capsules,2025-05-21,0,3.1946025,2025-06-18,6,15,15,0,1
1656,Cyclosporine Capsules,2018-05-23,0,2.025075,2018-06-20,6,15,15,0,1
1658,Cyclosporine Capsules,2025-06-18,0,3.0792325,2025-07-23,6,15,15,0,1
1659,Cyclosporine Capsules,2018-06-20,0,1.4410184615384618,2018-07-18,6,15,15,0,1
1660,Cyclosporine Capsules,2017-06-21,0,5.4026958823529405,2017-07-19,6,15,15,0,1
1661,Cyclosporine Capsules,2018-07-18,0,4.7667850000000005,2018-08-22,6,15,15,0,1
1662,Cyclosporine Capsules,2017-07-19,0,1.821918421052632,2017-08-23,6,15,15,0,1
1663,Cyclosporine Capsules,2016-07-20,0,5.22903,2016-08-17,6,15,15,0,1
1665,Cyclosporine Capsules,2016-08-17,0,4.805795,2016-09-07,6,15,15,0,1
1666,Cyclosporine Capsules,2018-08-22,0,6.880641111111111,2018-09-19,6,15,15,0,1
1667,Cyclosporine Capsules,2017-08-23,0,6.313272105263159,2017-09-20,6,15,15,0,1
1668,Cyclosporine Capsules,2016-09-07,0,0.6334,2016-09-21,6,15,15,0,1
1669,Cyclosporine Capsules,2018-09-19,1,1.222075,2018-10-17,6,15,15,0,1
1670,Cyclosporine Capsules,2017-09-20,0,1.62715,2017-10-18,6,15,15,0,1
1671,Cyclosporine Capsules,2016-09-21,0,2.938424705882353,2016-10-19,6,15,15,0,1
1672,Cyclosporine Capsules,2018-10-17,1,1.19967,2018-11-21,6,15,15,0,1
1673,Cyclosporine Capsules,2017-10-18,0,1.6961915789473685,2017-11-22,6,15,15,0,1
1674,Cyclosporine Capsules,2016-10-19,0,4.571005,2016-11-23,6,15,15,0,1
1675,Cyclosporine Capsules,2018-11-21,1,1.140985,2018-12-19,6,15,15,0,1
1676,Cyclosporine Capsules,2017-11-22,0,1.28286,2017-12-20,6,15,15,0,1
1677,Cyclosporine Capsules,2016-11-23,0,2.7429668,2016-12-21,6,15,15,0,1
1678,Cyclosporine Capsules,2024-12-18,0,3.5517575000000003,2025-01-22,6,15,15,0,1
1680,Cyclosporine Capsules,2017-12-20,0,1.6333133333333334,2018-01-17,6,15,15,0,1
1681,Cyclosporine Capsules,2016-12-21,0,6.784264705882354,2017-01-18,6,15,15,0,1
1683,Daptomycin Injection,2025-01-22,0,20.829114285714287,2025-02-19,9,12,13,1,0
1684,Daptomycin Injection,2025-02-19,0,19.382836842105263,2025-03-19,9,12,13,1,0
1685,Daptomycin Injection,2025-03-19,0,20.30656,2025-04-23,9,12,13,1,0
1686,Daptomycin Injection,2025-04-23,0,18.23662857142857,2025-05-21,9,12,13,1,0
1687,Daptomycin Injection,2025-05-21,0,19.2721,2025-06-18,9,12,13,1,0
1688,Daptomycin Injection,2025-06-18,0,19.65735,2025-07-23,9,12,13,1,0
1690,Daptomycin Injection,2024-12-18,0,21.880142857142857,2025-01-22,9,12,13,1,0
1691,Desiccated Thyroid Tablets,2018-01-17,1,0.53754,2018-02-21,3,20,25,0,1
1692,Desiccated Thyroid Tablets,2025-01-22,1,0.7275366666666666,2025-02-19,3,20,25,0,1
1693,Desiccated Thyroid Tablets,2025-02-19,1,0.75931,2025-03-19,3,20,25,0,1
1694,Desiccated Thyroid Tablets,2018-02-21,1,0.5380266666666667,2018-03-21,3,20,25,0,1
1695,Desiccated Thyroid Tablets,2025-03-19,1,0.7896099999999999,2025-04-23,3,20,25,0,1
1696,Desiccated Thyroid Tablets,2018-03-21,1,0.5268733333333333,2018-04-18,3,20,25,0,1
1697,Desiccated Thyroid Tablets,2018-04-18,1,0.5064266666666667,2018-05-23,3,20,25,0,1
1698,Desiccated Thyroid Tablets,2017-04-19,0,0.50814,2017-05-17,3,20,25,0,1
1699,Desiccated Thyroid Tablets,2025-04-23,1,0.7879166666666667,2025-05-21,3,20,25,0,1
1700,Desiccated Thyroid Tablets,2017-05-17,0,0.4997833333333333,2017-06-21,3,20,25,0,1
1701,Desiccated Thyroid Tablets,2025-05-21,1,0.7858766666666667,2025-06-18,3,20,25,0,1
1702,Desiccated Thyroid Tablets,2018-05-23,1,0.5022433333333334,2018-06-20,3,20,25,0,1
1703,Desiccated Thyroid Tablets,2025-06-18,0,0.78477,2025-07-23,3,20,25,0,1
1705,Desiccated Thyroid Tablets,2017-06-21,0,0.5241333333333333,2017-07-19,3,20,25,0,1
1706,Desiccated Thyroid Tablets,2017-07-19,0,0.4926633333333333,2017-08-23,3,20,25,0,1
1708,Desiccated Thyroid Tablets,2017-08-23,0,0.49262,2017-09-20,3,20,25,0,1
1709,Desiccated Thyroid Tablets,2017-09-20,1,0.52575,2017-10-18,3,20,25,0,1
1710,Desiccated Thyroid Tablets,2018-10-03,1,0.4928366666666666,2018-11-21,3,20,25,0,1
1711,Desiccated Thyroid Tablets,2017-10-18,1,0.5058900000000001,2017-11-22,3,20,25,0,1
1712,Desiccated Thyroid Tablets,2018-11-21,1,0.5788733333333334,2018-12-19,3,20,25,0,1
1713,Desiccated Thyroid Tablets,2017-11-22,1,0.5081566666666667,2017-12-20,3,20,25,0,1
1714,Desiccated Thyroid Tablets,2024-12-18,1,0.7128966666666666,2025-01-22,3,20,25,0,1
1716,Desiccated Thyroid Tablets,2017-12-20,1,0.5268633333333334,2018-01-17,3,20,25,0,1
1717,Desmopressin Injection,2025-01-22,0,19.42441,2025-02-19,6,11,12,1,0
1718,Desmopressin Injection,2025-02-19,0,19.27213,2025-03-19,6,11,12,1,0
1719,Desmopressin Injection,2025-03-19,0,19.45027,2025-04-23,6,11,12,1,0
1720,Desmopressin Injection,2025-04-23,0,19.38979,2025-05-21,6,11,12,1,0
1721,Desmopressin Injection,2025-05-21,0,19.31617,2025-06-18,6,11,12,1,0
1722,Desmopressin Injection,2025-06-18,0,19.00605,2025-07-23,6,11,12,1,0
1724,Desmopressin Injection,2024-12-18,0,21.8458,2025-01-22,6,11,12,1,0
1725,Dexamethasone 0.1% Ophthalmic Drops,2018-01-17,0,9.46227,2018-02-21,2,2,2,0,1
1726,Dexamethasone 0.1% Ophthalmic Drops,2017-01-18,0,9.48609,2017-02-22,2,2,2,0,1
1727,Dexamethasone 0.1% Ophthalmic Drops,2016-01-20,1,10.646,2016-02-17,2,2,2,0,1
1728,Dexamethasone 0.1% Ophthalmic Drops,2025-01-22,0,6.91479,2025-02-19,2,2,2,0,1
1729,Dexamethasone 0.1% Ophthalmic Drops,2016-02-17,1,10.4656,2016-03-23,2,2,2,0,1
1730,Dexamethasone 0.1% Ophthalmic Drops,2025-02-19,0,6.46906,2025-03-19,2,2,2,0,1
1731,Dexamethasone 0.1% Ophthalmic Drops,2018-02-21,0,9.5676,2018-03-21,2,2,2,0,1
1732,Dexamethasone 0.1% Ophthalmic Drops,2017-02-22,0,9.82123,2017-03-22,2,2,2,0,1
1733,Dexamethasone 0.1% Ophthalmic Drops,2025-03-19,0,6.44957,2025-04-23,2,2,2,0,1
1734,Dexamethasone 0.1% Ophthalmic Drops,2018-03-21,0,9.39224,2018-04-18,2,2,2,0,1
1735,Dexamethasone 0.1% Ophthalmic Drops,2017-03-22,0,9.59347,2017-04-19,2,2,2,0,1
1736,Dexamethasone 0.1% Ophthalmic Drops,2016-03-23,1,10.286,2016-04-20,2,2,2,0,1
1737,Dexamethasone 0.1% Ophthalmic Drops,2018-04-18,0,9.67738,2018-05-23,2,2,2,0,1
1738,Dexamethasone 0.1% Ophthalmic Drops,2017-04-19,0,9.34456,2017-05-17,2,2,2,0,1
1739,Dexamethasone 0.1% Ophthalmic Drops,2016-04-20,1,11.11733,2016-05-18,2,2,2,0,1
1740,Dexamethasone 0.1% Ophthalmic Drops,2025-04-23,0,6.29776,2025-05-21,2,2,2,0,1
1741,Dexamethasone 0.1% Ophthalmic Drops,2017-05-17,0,9.3399,2017-06-21,2,2,2,0,1
1742,Dexamethasone 0.1% Ophthalmic Drops,2016-05-18,0,9.9905,2016-06-22,2,2,2,0,1
1743,Dexamethasone 0.1% Ophthalmic Drops,2025-05-21,0,6.43174,2025-06-18,2,2,2,0,1
1744,Dexamethasone 0.1% Ophthalmic Drops,2018-05-23,0,9.81541,2018-06-20,2,2,2,0,1
1745,Dexamethasone 0.1% Ophthalmic Drops,2025-06-18,0,6.4884,2025-07-23,2,2,2,0,1
1746,Dexamethasone 0.1% Ophthalmic Drops,2018-06-20,0,8.96095,2018-07-18,2,2,2,0,1
1747,Dexamethasone 0.1% Ophthalmic Drops,2017-06-21,0,9.38557,2017-07-19,2,2,2,0,1
1748,Dexamethasone 0.1% Ophthalmic Drops,2016-06-22,0,10.54032,2016-07-20,2,2,2,0,1
1749,Dexamethasone 0.1% Ophthalmic Drops,2018-07-18,0,9.8685,2018-08-22,2,2,2,0,1
1750,Dexamethasone 0.1% Ophthalmic Drops,2017-07-19,0,9.49217,2017-08-23,2,2,2,0,1
1751,Dexamethasone 0.1% Ophthalmic Drops,2016-07-20,0,10.63848,2016-08-17,2,2,2,0,1
1753,Dexamethasone 0.1% Ophthalmic Drops,2016-08-17,0,10.56662,2016-09-21,2,2,2,0,1
1754,Dexamethasone 0.1% Ophthalmic Drops,2018-08-22,0,9.34774,2018-09-19,2,2,2,0,1
1755,Dexamethasone 0.1% Ophthalmic Drops,2017-08-23,0,8.6156,2017-09-20,2,2,2,0,1
1756,Dexamethasone 0.1% Ophthalmic Drops,2018-09-19,0,9.58571,2018-10-17,2,2,2,0,1
1757,Dexamethasone 0.1% Ophthalmic Drops,2017-09-20,0,9.03455,2017-10-18,2,2,2,0,1
1758,Dexamethasone 0.1% Ophthalmic Drops,2016-09-21,0,10.50541,2016-10-19,2,2,2,0,1
1759,Dexamethasone 0.1% Ophthalmic Drops,2018-10-17,0,9.13809,2018-11-21,2,2,2,0,1
1760,Dexamethasone 0.1% Ophthalmic Drops,2017-10-18,0,9.26506,2017-11-22,2,2,2,0,1
1761,Dexamethasone 0.1% Ophthalmic Drops,2016-10-19,0,10.51522,2016-11-23,2,2,2,0,1
1762,Dexamethasone 0.1% Ophthalmic Drops,2018-11-21,0,9.15338,2018-12-19,2,2,2,0,1
1763,Dexamethasone 0.1% Ophthalmic Drops,2017-11-22,0,9.579,2017-12-20,2,2,2,0,1
1764,Dexamethasone 0.1% Ophthalmic Drops,2016-11-23,0,10.61914,2016-12-21,2,2,2,0,1
1765,Dexamethasone 0.1% Ophthalmic Drops,2024-12-18,0,7.08223,2025-01-22,2,2,2,0,1
1767,Dexamethasone 0.1% Ophthalmic Drops,2017-12-20,0,9.3798,2018-01-17,2,2,2,0,1
1768,Dexamethasone 0.1% Ophthalmic Drops,2016-12-21,0,9.74233,2017-01-18,2,2,2,0,1
1769,Dexamethasone 0.1% Ophthalmic Drops,2015-12-23,1,8.53657,2016-01-20,2,2,2,0,1
1770,Diazepam Rectal Gel,2018-01-17,0,240.54328666666663,2018-01-24,3,5,6,1,0
1771,Diazepam Rectal Gel,2025-01-22,0,218.37446666666665,2025-02-19,3,5,6,1,0
1772,Diazepam Rectal Gel,2018-01-24,0,262.67667,2018-02-21,3,5,6,1,0
1773,Diazepam Rectal Gel,2025-02-19,0,222.0407133333333,2025-03-19,3,5,6,1,0
1774,Diazepam Rectal Gel,2018-02-21,0,248.518,2018-03-21,3,5,6,1,0
1775,Diazepam Rectal Gel,2025-03-19,0,228.3069166666667,2025-04-23,3,5,6,1,0
1776,Diazepam Rectal Gel,2018-03-21,0,251.52545,2018-04-11,3,5,6,1,0
1777,Diazepam Rectal Gel,2018-04-11,0,256.87714,2018-05-23,3,5,6,1,0
1778,Diazepam Rectal Gel,2025-04-23,0,230.3472,2025-05-21,3,5,6,1,0
1779,Diazepam Rectal Gel,2025-05-21,0,234.27784,2025-06-18,3,5,6,1,0
1780,Diazepam Rectal Gel,2018-05-23,0,264.18667,2018-06-20,3,5,6,1,0
1781,Diazepam Rectal Gel,2025-06-18,0,238.5835133333333,2025-07-23,3,5,6,1,0
1782,Diazepam Rectal Gel,2018-06-20,0,251.00056,2018-07-18,3,5,6,1,0
1783,Diazepam Rectal Gel,2018-07-18,0,256.33077,2018-08-22,3,5,6,1,0
1786,Diazepam Rectal Gel,2018-08-22,0,260.381665,2018-09-19,3,5,6,1,0
1787,Diazepam Rectal Gel,2018-09-19,0,254.81145,2018-10-17,3,5,6,1,0
1788,Diazepam Rectal Gel,2018-10-17,0,259.907155,2018-11-21,3,5,6,1,0
1790,Diazepam Rectal Gel,2018-11-21,0,248.70742,2018-12-19,3,5,6,1,0
1791,Diazepam Rectal Gel,2024-12-18,0,219.7469033333333,2025-01-22,3,5,6,1,0
1793,Diazepam Rectal Gel,2017-12-20,0,265.897,2018-01-17,3,5,6,1,0
1794,Diazoxide Oral Suspension,2025-01-22,0,7.0457,2025-02-19,3,3,3,1,0
1795,Diazoxide Oral Suspension,2025-02-19,0,7.05491,2025-03-19,3,3,3,1,0
1796,Diazoxide Oral Suspension,2025-03-19,0,7.0637,2025-04-23,3,3,3,1,0
1797,Diazoxide Oral Suspension,2025-04-23,0,7.11837,2025-05-21,3,3,3,1,0
1798,Diazoxide Oral Suspension,2025-05-21,0,7.23792,2025-06-18,3,3,3,1,0
1799,Diazoxide Oral Suspension,2025-06-18,0,7.19328,2025-07-23,3,3,3,1,0
1801,Diazoxide Oral Suspension,2024-12-18,0,7.09782,2025-01-22,3,3,3,1,0
1803,Dibucaine Ointment,2018-05-23,0,0.16371,2018-06-20,4,4,4,1,0
1805,Dibucaine Ointment,2018-09-19,0,0.184,2018-10-17,4,4,4,1,0
1810,Diclofenac 0.1% Ophthalmic Solution,2017-01-18,0,1.991266,2017-02-22,3,3,5,1,0
1811,Diclofenac 0.1% Ophthalmic Solution,2016-01-20,0,1.84507,2016-02-17,3,3,5,1,0
1812,Diclofenac 0.1% Ophthalmic Solution,2025-01-22,0,1.4551833333333333,2025-02-19,3,3,5,1,0
1813,Diclofenac 0.1% Ophthalmic Solution,2016-02-17,0,1.810174,2016-03-23,3,3,5,1,0
1814,Diclofenac 0.1% Ophthalmic Solution,2025-02-19,0,1.61338,2025-03-19,3,3,5,1,0
1815,Diclofenac 0.1% Ophthalmic Solution,2017-02-22,0,1.7479679999999995,2017-03-22,3,3,5,1,0
1816,Diclofenac 0.1% Ophthalmic Solution,2025-03-19,0,1.7610333333333332,2025-04-23,3,3,5,1,0
1817,Diclofenac 0.1% Ophthalmic Solution,2018-03-21,1,4.41405,2018-04-18,3,3,5,1,0
1818,Diclofenac 0.1% Ophthalmic Solution,2017-03-22,0,1.581944,2017-04-19,3,3,5,1,0
1819,Diclofenac 0.1% Ophthalmic Solution,2016-03-23,0,1.842042,2016-04-20,3,3,5,1,0
1821,Diclofenac 0.1% Ophthalmic Solution,2017-04-19,0,1.7892040000000002,2017-05-17,3,3,5,1,0
1822,Diclofenac 0.1% Ophthalmic Solution,2016-04-20,0,1.81883,2016-05-18,3,3,5,1,0
1823,Diclofenac 0.1% Ophthalmic Solution,2025-04-23,0,1.7557266666666669,2025-05-21,3,3,5,1,0
1824,Diclofenac 0.1% Ophthalmic Solution,2017-05-17,0,1.897168,2017-06-21,3,3,5,1,0
1825,Diclofenac 0.1% Ophthalmic Solution,2016-05-18,0,1.6639000000000002,2016-06-22,3,3,5,1,0
1826,Diclofenac 0.1% Ophthalmic Solution,2025-05-21,0,1.823923333333333,2025-06-18,3,3,5,1,0
1827,Diclofenac 0.1% Ophthalmic Solution,2025-06-18,0,1.8634366666666664,2025-07-23,3,3,5,1,0
1828,Diclofenac 0.1% Ophthalmic Solution,2018-06-20,1,2.11956,2018-07-18,3,3,5,1,0
1829,Diclofenac 0.1% Ophthalmic Solution,2017-06-21,0,2.135436,2017-07-19,3,3,5,1,0
1830,Diclofenac 0.1% Ophthalmic Solution,2016-06-22,0,1.7186979999999998,2016-07-20,3,3,5,1,0
1831,Diclofenac 0.1% Ophthalmic Solution,2018-07-18,1,2.598,2018-08-22,3,3,5,1,0
1832,Diclofenac 0.1% Ophthalmic Solution,2017-07-19,0,1.764538,2017-08-23,3,3,5,1,0
1833,Diclofenac 0.1% Ophthalmic Solution,2016-07-20,0,1.622448,2016-08-17,3,3,5,1,0
1835,Diclofenac 0.1% Ophthalmic Solution,2016-08-17,0,1.962018,2016-09-21,3,3,5,1,0
1836,Diclofenac 0.1% Ophthalmic Solution,2018-08-22,1,2.379544,2018-09-19,3,3,5,1,0
1837,Diclofenac 0.1% Ophthalmic Solution,2017-08-23,0,1.672106,2017-09-20,3,3,5,1,0
1838,Diclofenac 0.1% Ophthalmic Solution,2018-09-19,1,2.3052585714285714,2018-10-17,3,3,5,1,0
1839,Diclofenac 0.1% Ophthalmic Solution,2017-09-20,0,2.321106,2017-10-18,3,3,5,1,0
1840,Diclofenac 0.1% Ophthalmic Solution,2016-09-21,0,1.7680060000000002,2016-10-19,3,3,5,1,0
1841,Diclofenac 0.1% Ophthalmic Solution,2018-10-17,1,2.1671399999999994,2018-11-21,3,3,5,1,0
1842,Diclofenac 0.1% Ophthalmic Solution,2017-10-18,0,1.69207,2017-11-22,3,3,5,1,0
1843,Diclofenac 0.1% Ophthalmic Solution,2016-10-19,0,1.926674,2016-11-23,3,3,5,1,0
1844,Diclofenac 0.1% Ophthalmic Solution,2018-11-21,1,2.31093,2018-12-19,3,3,5,1,0
1845,Diclofenac 0.1% Ophthalmic Solution,2017-11-22,0,2.316484,2017-12-20,3,3,5,1,0
1846,Diclofenac 0.1% Ophthalmic Solution,2016-11-23,0,1.6217,2016-12-21,3,3,5,1,0
1847,Diclofenac 0.1% Ophthalmic Solution,2024-12-18,0,1.48572,2025-01-22,3,3,5,1,0
1849,Diclofenac 0.1% Ophthalmic Solution,2017-12-20,0,1.8938297872340424,2018-01-17,3,3,5,1,0
1850,Diclofenac 0.1% Ophthalmic Solution,2016-12-21,0,1.83477,2017-01-18,3,3,5,1,0
1851,Diclofenac 0.1% Ophthalmic Solution,2015-12-23,0,1.805134,2016-01-20,3,3,5,1,0
1852,Diclofenac Sodium 1% Topical Gel,2017-01-04,0,0.49212,2017-01-18,4,4,5,1,0
1854,Diclofenac Sodium 1% Topical Gel,2018-01-05,0,0.51778,2018-01-17,4,4,5,1,0
1855,Diclofenac Sodium 1% Topical Gel,2018-01-17,0,0.29732,2018-02-21,4,4,5,1,0
1856,Diclofenac Sodium 1% Topical Gel,2017-01-18,0,0.35781,2017-02-22,4,4,5,1,0
1857,Diclofenac Sodium 1% Topical Gel,2018-02-21,0,0.29264,2018-03-21,4,4,5,1,0
1858,Diclofenac Sodium 1% Topical Gel,2017-02-22,0,0.4681710638297872,2017-03-22,4,4,5,1,0
1859,Diclofenac Sodium 1% Topical Gel,2018-03-21,0,0.27285,2018-04-18,4,4,5,1,0
1860,Diclofenac Sodium 1% Topical Gel,2017-03-22,0,0.35523,2017-04-19,4,4,5,1,0
1861,Diclofenac Sodium 1% Topical Gel,2018-04-18,0,0.2731,2018-05-23,4,4,5,1,0
1862,Diclofenac Sodium 1% Topical Gel,2017-04-19,0,0.33029,2017-05-17,4,4,5,1,0
1863,Diclofenac Sodium 1% Topical Gel,2017-05-17,0,0.31654,2017-06-21,4,4,5,1,0
1864,Diclofenac Sodium 1% Topical Gel,2016-05-18,0,0.44913,2016-06-22,4,4,5,1,0
1865,Diclofenac Sodium 1% Topical Gel,2018-05-23,0,0.27722,2018-06-20,4,4,5,1,0
1866,Diclofenac Sodium 1% Topical Gel,2018-06-20,0,0.27384,2018-07-18,4,4,5,1,0
1867,Diclofenac Sodium 1% Topical Gel,2017-06-21,0,0.3143,2017-07-19,4,4,5,1,0
1868,Diclofenac Sodium 1% Topical Gel,2016-06-22,0,0.44032,2016-07-20,4,4,5,1,0
1869,Diclofenac Sodium 1% Topical Gel,2018-07-18,0,0.26507,2018-08-22,4,4,5,1,0
1870,Diclofenac Sodium 1% Topical Gel,2017-07-19,0,0.30872,2017-08-23,4,4,5,1,0
1871,Diclofenac Sodium 1% Topical Gel,2016-07-20,0,0.43618,2016-08-17,4,4,5,1,0
1872,Diclofenac Sodium 1% Topical Gel,2016-08-17,0,0.44345,2016-09-21,4,4,5,1,0
1873,Diclofenac Sodium 1% Topical Gel,2018-08-22,0,0.26505,2018-09-19,4,4,5,1,0
1874,Diclofenac Sodium 1% Topical Gel,2017-08-23,0,0.30784,2017-09-20,4,4,5,1,0
1876,Diclofenac Sodium 1% Topical Gel,2018-09-19,0,0.26,2018-10-10,4,4,5,1,0
1877,Diclofenac Sodium 1% Topical Gel,2017-09-20,0,0.30952,2017-10-18,4,4,5,1,0
1878,Diclofenac Sodium 1% Topical Gel,2016-09-21,0,0.42482,2016-10-19,4,4,5,1,0
1879,Diclofenac Sodium 1% Topical Gel,2018-10-10,0,0.26,2018-10-17,4,4,5,1,0
1880,Diclofenac Sodium 1% Topical Gel,2018-10-17,0,0.3632457692307692,2018-11-21,4,4,5,1,0
1881,Diclofenac Sodium 1% Topical Gel,2017-10-18,0,0.30012,2017-11-22,4,4,5,1,0
1882,Diclofenac Sodium 1% Topical Gel,2016-10-19,0,0.4480394117647059,2016-11-23,4,4,5,1,0
1884,Diclofenac Sodium 1% Topical Gel,2018-11-21,0,0.23832,2018-12-19,4,4,5,1,0
1885,Diclofenac Sodium 1% Topical Gel,2017-11-22,0,0.387805,2017-12-20,4,4,5,1,0
1886,Diclofenac Sodium 1% Topical Gel,2016-11-23,0,0.38678,2016-12-14,4,4,5,1,0
1887,Diclofenac Sodium 1% Topical Gel,2016-12-14,0,0.38678,2016-12-21,4,4,5,1,0
1889,Diclofenac Sodium 1% Topical Gel,2017-12-20,0,0.29288,2018-01-05,4,4,5,1,0
1890,Diclofenac Sodium 1% Topical Gel,2016-12-21,0,0.37631,2017-01-04,4,4,5,1,0
1891,Diltiazem Extended-Release Capsules (Twice-Daily Dosing),2018-01-17,0,2.8907714814814818,2018-02-21,2,6,6,0,1
1892,Diltiazem Extended-Release Capsules (Twice-Daily Dosing),2017-01-18,0,3.0403353846153847,2017-02-22,2,6,6,0,1
1893,Diltiazem Extended-Release Capsules (Twice-Daily Dosing),2016-01-20,0,2.070253333333333,2016-02-17,2,6,6,0,1
1894,Diltiazem Extended-Release Capsules (Twice-Daily Dosing),2025-01-22,0,1.949466666666667,2025-02-19,2,6,6,0,1
1895,Diltiazem Extended-Release Capsules (Twice-Daily Dosing),2016-02-17,0,2.33151,2016-03-23,2,6,6,0,1
1896,Diltiazem Extended-Release Capsules (Twice-Daily Dosing),2025-02-19,0,2.0585,2025-03-19,2,6,6,0,1
1897,Diltiazem Extended-Release Capsules (Twice-Daily Dosing),2018-02-21,0,2.43366,2018-03-21,2,6,6,0,1
1898,Diltiazem Extended-Release Capsules (Twice-Daily Dosing),2017-02-22,0,2.4893,2017-03-15,2,6,6,0,1
1899,Diltiazem Extended-Release Capsules (Twice-Daily Dosing),2017-03-15,0,3.60364,2017-03-22,2,6,6,0,1
1900,Diltiazem Extended-Release Capsules (Twice-Daily Dosing),2025-03-19,0,2.143186666666667,2025-04-23,2,6,6,0,1
1901,Diltiazem Extended-Release Capsules (Twice-Daily Dosing),2018-03-21,0,2.92258,2018-04-18,2,6,6,0,1
1902,Diltiazem Extended-Release Capsules (Twice-Daily Dosing),2017-03-22,0,2.78498,2017-04-19,2,6,6,0,1
1903,Diltiazem Extended-Release Capsules (Twice-Daily Dosing),2016-03-23,0,2.19505,2016-04-20,2,6,6,0,1
1904,Diltiazem Extended-Release Capsules (Twice-Daily Dosing),2018-04-18,0,2.677213333333333,2018-05-23,2,6,6,0,1
1905,Diltiazem Extended-Release Capsules (Twice-Daily Dosing),2017-04-19,0,2.4835338461538465,2017-05-17,2,6,6,0,1
1906,Diltiazem Extended-Release Capsules (Twice-Daily Dosing),2016-04-20,0,2.27311,2016-05-18,2,6,6,0,1
1907,Diltiazem Extended-Release Capsules (Twice-Daily Dosing),2025-04-23,0,2.126573333333333,2025-05-21,2,6,6,0,1
1908,Diltiazem Extended-Release Capsules (Twice-Daily Dosing),2017-05-17,0,2.1242,2017-06-21,2,6,6,0,1
1910,Diltiazem Extended-Release Capsules (Twice-Daily Dosing),2025-05-21,0,2.008573333333333,2025-06-18,2,6,6,0,1
1911,Diltiazem Extended-Release Capsules (Twice-Daily Dosing),2018-05-23,0,3.163222,2018-06-20,2,6,6,0,1
1912,Diltiazem Extended-Release Capsules (Twice-Daily Dosing),2025-06-18,0,1.9426133333333333,2025-07-23,2,6,6,0,1
1913,Diltiazem Extended-Release Capsules (Twice-Daily Dosing),2018-06-20,0,2.47162,2018-07-18,2,6,6,0,1
1914,Diltiazem Extended-Release Capsules (Twice-Daily Dosing),2017-06-21,0,2.9674,2017-07-19,2,6,6,0,1
1915,Diltiazem Extended-Release Capsules (Twice-Daily Dosing),2018-07-18,0,2.49128,2018-08-22,2,6,6,0,1
1917,Diltiazem Extended-Release Capsules (Twice-Daily Dosing),2016-07-20,0,2.931778235294117,2016-08-17,2,6,6,0,1
1919,Diltiazem Extended-Release Capsules (Twice-Daily Dosing),2016-08-17,0,2.48535,2016-09-21,2,6,6,0,1
1920,Diltiazem Extended-Release Capsules (Twice-Daily Dosing),2018-08-22,0,2.616324782608696,2018-09-19,2,6,6,0,1
1921,Diltiazem Extended-Release Capsules (Twice-Daily Dosing),2018-09-19,0,2.43398,2018-10-17,2,6,6,0,1
1922,Diltiazem Extended-Release Capsules (Twice-Daily Dosing),2017-09-20,0,2.93051,2017-10-18,2,6,6,0,1
1923,Diltiazem Extended-Release Capsules (Twice-Daily Dosing),2016-09-21,1,2.9719617647058825,2016-10-19,2,6,6,0,1
1925,Diltiazem Extended-Release Capsules (Twice-Daily Dosing),2017-10-18,0,2.8467433333333334,2017-11-22,2,6,6,0,1
1926,Diltiazem Extended-Release Capsules (Twice-Daily Dosing),2016-10-19,1,3.005842857142857,2016-11-23,2,6,6,0,1
1927,Diltiazem Extended-Release Capsules (Twice-Daily Dosing),2017-11-22,0,2.898424,2017-12-20,2,6,6,0,1
1928,Diltiazem Extended-Release Capsules (Twice-Daily Dosing),2016-11-23,1,3.33372,2016-12-21,2,6,6,0,1
1929,Diltiazem Extended-Release Capsules (Twice-Daily Dosing),2024-12-18,0,1.9860733333333327,2025-01-22,2,6,6,0,1
1930,Diltiazem Extended-Release Capsules (Twice-Daily Dosing),2017-12-20,0,2.39093,2018-01-17,2,6,6,0,1
1931,Diltiazem Extended-Release Capsules (Twice-Daily Dosing),2016-12-21,1,3.069367647058823,2017-01-18,2,6,6,0,1
1932,Diltiazem Extended-Release Capsules (Twice-Daily Dosing),2015-12-23,0,2.256,2016-01-20,2,6,6,0,1
1933,Diphenhydramine Injection,2016-01-20,0,0.774,2016-02-17,6,6,6,1,0
1934,Diphenhydramine Injection,2025-01-22,1,0.98275,2025-02-19,6,6,6,1,0
1935,Diphenhydramine Injection,2016-02-17,0,0.77784,2016-03-23,6,6,6,1,0
1936,Diphenhydramine Injection,2025-02-19,1,0.9867425,2025-03-19,6,6,6,1,0
1937,Diphenhydramine Injection,2025-03-19,1,0.8947999999999999,2025-04-16,6,6,6,1,0
1938,Diphenhydramine Injection,2016-03-23,0,0.76907,2016-04-20,6,6,6,1,0
1939,Diphenhydramine Injection,2025-04-16,1,0.90656,2025-04-23,6,6,6,1,0
1941,Diphenhydramine Injection,2016-04-20,0,0.75128,2016-05-18,6,6,6,1,0
1942,Diphenhydramine Injection,2025-04-23,1,1.0141325,2025-05-21,6,6,6,1,0
1943,Diphenhydramine Injection,2016-05-18,0,0.7914,2016-06-22,6,6,6,1,0
1944,Diphenhydramine Injection,2025-05-21,0,1.0170275,2025-06-18,6,6,6,1,0
1945,Diphenhydramine Injection,2025-06-18,0,1.00722,2025-07-23,6,6,6,1,0
1946,Diphenhydramine Injection,2018-06-20,0,0.64777,2018-07-18,6,6,6,1,0
1947,Diphenhydramine Injection,2016-06-22,0,0.74128,2016-07-20,6,6,6,1,0
1948,Diphenhydramine Injection,2018-07-18,1,0.64034,2018-08-22,6,6,6,1,0
1949,Diphenhydramine Injection,2017-07-19,0,0.70568,2017-08-23,6,6,6,1,0
1950,Diphenhydramine Injection,2016-07-20,0,0.77547,2016-08-17,6,6,6,1,0
1952,Diphenhydramine Injection,2016-08-17,0,0.80773,2016-09-21,6,6,6,1,0
1954,Diphenhydramine Injection,2017-08-23,0,0.67777,2017-09-20,6,6,6,1,0
1955,Diphenhydramine Injection,2017-09-20,0,0.77224,2017-10-18,6,6,6,1,0
1956,Diphenhydramine Injection,2016-09-21,0,0.8108,2016-10-19,6,6,6,1,0
1957,Diphenhydramine Injection,2017-10-18,0,0.74368,2017-11-22,6,6,6,1,0
1958,Diphenhydramine Injection,2016-10-19,0,0.8256,2016-11-23,6,6,6,1,0
1960,Diphenhydramine Injection,2016-11-23,0,0.81363,2016-12-21,6,6,6,1,0
1961,Diphenhydramine Injection,2024-12-18,1,0.9853625,2025-01-22,6,6,6,1,0
1963,Diphenhydramine Injection,2015-12-23,0,0.69513,2016-01-20,6,6,6,1,0
1964,Disulfiram Tablets,2018-01-17,0,1.5536,2018-02-21,2,3,3,0,1
1965,Disulfiram Tablets,2017-01-18,0,2.01536,2017-02-22,2,3,3,0,1
1966,Disulfiram Tablets,2016-01-20,0,1.84757,2016-02-17,2,3,3,0,1
1967,Disulfiram Tablets,2025-01-22,1,1.35224,2025-02-12,2,3,3,0,1
1968,Disulfiram Tablets,2025-02-12,1,1.7649,2025-02-19,2,3,3,0,1
1969,Disulfiram Tablets,2016-02-17,0,1.90756,2016-03-23,2,3,3,0,1
1970,Disulfiram Tablets,2025-02-19,1,13.31433,2025-03-19,2,3,3,0,1
1971,Disulfiram Tablets,2018-02-21,0,1.70434,2018-03-21,2,3,3,0,1
1972,Disulfiram Tablets,2017-02-22,0,1.811,2017-03-22,2,3,3,0,1
1973,Disulfiram Tablets,2025-03-19,1,13.31473,2025-04-23,2,3,3,0,1
1974,Disulfiram Tablets,2018-03-21,0,1.45253,2018-04-18,2,3,3,0,1
1975,Disulfiram Tablets,2017-03-22,0,1.91115,2017-04-19,2,3,3,0,1
1976,Disulfiram Tablets,2016-03-23,0,1.64858,2016-04-20,2,3,3,0,1
1977,Disulfiram Tablets,2018-04-18,0,1.56047,2018-05-23,2,3,3,0,1
1978,Disulfiram Tablets,2017-04-19,0,2.02548,2017-05-17,2,3,3,0,1
1979,Disulfiram Tablets,2016-04-20,0,2.0357,2016-05-18,2,3,3,0,1
1980,Disulfiram Tablets,2025-04-23,1,13.31488,2025-05-21,2,3,3,0,1
1981,Disulfiram Tablets,2017-05-17,0,1.54323,2017-06-21,2,3,3,0,1
1982,Disulfiram Tablets,2016-05-18,0,2.18847,2016-06-22,2,3,3,0,1
1983,Disulfiram Tablets,2025-05-21,0,13.31516,2025-06-18,2,3,3,0,1
1984,Disulfiram Tablets,2018-05-23,0,1.44792,2018-06-20,2,3,3,0,1
1985,Disulfiram Tablets,2025-06-18,0,13.31516,2025-07-23,2,3,3,0,1
1986,Disulfiram Tablets,2018-06-20,0,1.56264,2018-07-18,2,3,3,0,1
1987,Disulfiram Tablets,2017-06-21,0,1.92752,2017-07-19,2,3,3,0,1
1988,Disulfiram Tablets,2016-06-22,0,1.68012,2016-07-20,2,3,3,0,1
1989,Disulfiram Tablets,2018-07-18,0,1.77573,2018-08-22,2,3,3,0,1
1990,Disulfiram Tablets,2017-07-19,0,1.6375800000000005,2017-08-23,2,3,3,0,1
1991,Disulfiram Tablets,2016-07-20,0,2.20757,2016-08-17,2,3,3,0,1
1993,Disulfiram Tablets,2016-08-17,0,1.81512,2016-09-21,2,3,3,0,1
1994,Disulfiram Tablets,2018-08-22,0,1.57407,2018-09-19,2,3,3,0,1
1995,Disulfiram Tablets,2017-08-23,0,1.51888,2017-09-20,2,3,3,0,1
1996,Disulfiram Tablets,2018-09-19,0,1.79842,2018-10-17,2,3,3,0,1
1997,Disulfiram Tablets,2017-09-20,0,1.61811,2017-10-18,2,3,3,0,1
1998,Disulfiram Tablets,2016-09-21,0,1.77337,2016-10-19,2,3,3,0,1
1999,Disulfiram Tablets,2018-10-17,0,1.61661,2018-11-21,2,3,3,0,1
2000,Disulfiram Tablets,2017-10-18,0,1.5006,2017-11-22,2,3,3,0,1
2001,Disulfiram Tablets,2016-10-19,0,1.88428,2016-11-23,2,3,3,0,1
2002,Disulfiram Tablets,2018-11-21,0,1.89103,2018-12-19,2,3,3,0,1
2003,Disulfiram Tablets,2017-11-22,0,1.64891,2017-12-20,2,3,3,0,1
2004,Disulfiram Tablets,2016-11-23,0,1.5982,2016-12-21,2,3,3,0,1
2005,Disulfiram Tablets,2024-12-18,1,1.54574,2025-01-22,2,3,3,0,1
2007,Disulfiram Tablets,2017-12-20,0,1.53152,2018-01-17,2,3,3,0,1
2008,Disulfiram Tablets,2016-12-21,0,1.76313,2017-01-18,2,3,3,0,1
2009,Disulfiram Tablets,2015-12-23,0,1.77742,2016-01-20,2,3,3,0,1
2010,Docusate Sodium Oral Liquid in Bulk Bottles,2018-01-17,0,0.0074666666666666,2018-02-21,3,5,5,1,0
2011,Docusate Sodium Oral Liquid in Bulk Bottles,2017-01-18,0,0.0072999999999999,2017-02-22,3,5,5,1,0
2012,Docusate Sodium Oral Liquid in Bulk Bottles,2016-01-20,0,0.0074166666666666,2016-02-17,3,5,5,1,0
2013,Docusate Sodium Oral Liquid in Bulk Bottles,2016-02-17,0,0.00748,2016-03-23,3,5,5,1,0
2014,Docusate Sodium Oral Liquid in Bulk Bottles,2018-02-21,0,0.0072766666666666,2018-03-21,3,5,5,1,0
2015,Docusate Sodium Oral Liquid in Bulk Bottles,2017-02-22,0,0.00744,2017-03-22,3,5,5,1,0
2016,Docusate Sodium Oral Liquid in Bulk Bottles,2018-03-21,0,0.0072666666666666,2018-04-18,3,5,5,1,0
2017,Docusate Sodium Oral Liquid in Bulk Bottles,2017-03-22,0,0.00705,2017-04-19,3,5,5,1,0
2018,Docusate Sodium Oral Liquid in Bulk Bottles,2016-03-23,0,0.0076633333333333,2016-04-20,3,5,5,1,0
2019,Docusate Sodium Oral Liquid in Bulk Bottles,2018-04-18,0,0.0068566666666666,2018-05-23,3,5,5,1,0
2020,Docusate Sodium Oral Liquid in Bulk Bottles,2017-04-19,0,0.00741,2017-05-17,3,5,5,1,0
2021,Docusate Sodium Oral Liquid in Bulk Bottles,2016-04-20,0,0.0079433333333333,2016-05-18,3,5,5,1,0
2022,Docusate Sodium Oral Liquid in Bulk Bottles,2017-05-17,0,0.0074784210526315,2017-06-21,3,5,5,1,0
2023,Docusate Sodium Oral Liquid in Bulk Bottles,2016-05-18,0,0.0085333333333333,2016-06-22,3,5,5,1,0
2024,Docusate Sodium Oral Liquid in Bulk Bottles,2018-05-23,0,0.007105,2018-06-20,3,5,5,1,0
2025,Docusate Sodium Oral Liquid in Bulk Bottles,2018-06-20,0,0.00755,2018-07-18,3,5,5,1,0
2026,Docusate Sodium Oral Liquid in Bulk Bottles,2017-06-21,0,0.00842,2017-07-19,3,5,5,1,0
2027,Docusate Sodium Oral Liquid in Bulk Bottles,2016-06-22,0,0.00749,2016-07-20,3,5,5,1,0
2028,Docusate Sodium Oral Liquid in Bulk Bottles,2018-07-18,0,0.0066933333333333,2018-08-22,3,5,5,1,0
2029,Docusate Sodium Oral Liquid in Bulk Bottles,2017-07-19,0,0.0077866666666666,2017-08-23,3,5,5,1,0
2030,Docusate Sodium Oral Liquid in Bulk Bottles,2016-07-20,0,0.00757,2016-08-17,3,5,5,1,0
2031,Docusate Sodium Oral Liquid in Bulk Bottles,2016-08-17,0,0.0079633333333333,2016-09-21,3,5,5,1,0
2032,Docusate Sodium Oral Liquid in Bulk Bottles,2018-08-22,0,0.0074433333333333,2018-09-19,3,5,5,1,0
2033,Docusate Sodium Oral Liquid in Bulk Bottles,2017-08-23,0,0.0066966666666666,2017-09-20,3,5,5,1,0
2034,Docusate Sodium Oral Liquid in Bulk Bottles,2018-09-19,0,0.00734,2018-10-17,3,5,5,1,0
2035,Docusate Sodium Oral Liquid in Bulk Bottles,2017-09-20,0,0.006882,2017-10-18,3,5,5,1,0
2036,Docusate Sodium Oral Liquid in Bulk Bottles,2016-09-21,0,0.0084366666666666,2016-10-19,3,5,5,1,0
2037,Docusate Sodium Oral Liquid in Bulk Bottles,2018-10-17,0,0.0068266666666666,2018-11-21,3,5,5,1,0
2038,Docusate Sodium Oral Liquid in Bulk Bottles,2017-10-18,0,0.00766,2017-11-22,3,5,5,1,0
2039,Docusate Sodium Oral Liquid in Bulk Bottles,2016-10-19,0,0.00754,2016-11-23,3,5,5,1,0
2040,Docusate Sodium Oral Liquid in Bulk Bottles,2018-11-21,0,0.0073628571428571,2018-12-19,3,5,5,1,0
2041,Docusate Sodium Oral Liquid in Bulk Bottles,2017-11-22,0,0.00673,2017-12-20,3,5,5,1,0
2042,Docusate Sodium Oral Liquid in Bulk Bottles,2016-11-23,0,0.0072166666666666,2016-12-21,3,5,5,1,0
2044,Docusate Sodium Oral Liquid in Bulk Bottles,2017-12-20,0,0.00738,2018-01-17,3,5,5,1,0
2045,Docusate Sodium Oral Liquid in Bulk Bottles,2016-12-21,0,0.00738,2017-01-18,3,5,5,1,0
2046,Docusate Sodium Oral Liquid in Bulk Bottles,2015-12-23,0,0.00748,2016-01-20,3,5,5,1,0
2047,Dofetilide Capsules,2025-01-22,1,0.2042572727272727,2025-02-19,6,18,21,0,1
2048,Dofetilide Capsules,2025-02-19,1,0.22201,2025-03-19,6,18,21,0,1
2049,Dofetilide Capsules,2025-03-19,1,0.2341572727272727,2025-04-23,6,18,21,0,1
2050,Dofetilide Capsules,2025-04-23,1,0.2304299999999999,2025-05-21,6,18,21,0,1
2051,Dofetilide Capsules,2025-05-21,1,0.2212927272727272,2025-06-18,6,18,21,0,1
2052,Dofetilide Capsules,2018-06-13,0,4.620676666666667,2018-06-20,6,18,21,0,1
2053,Dofetilide Capsules,2025-06-18,0,0.2157109090909091,2025-07-23,6,18,21,0,1
2054,Dofetilide Capsules,2018-06-20,0,4.715136666666666,2018-07-18,6,18,21,0,1
2055,Dofetilide Capsules,2018-07-18,0,4.673586666666667,2018-08-22,6,18,21,0,1
2057,Dofetilide Capsules,2018-08-22,0,4.745883333333333,2018-09-19,6,18,21,0,1
2058,Dofetilide Capsules,2018-09-19,0,4.5243633333333335,2018-10-17,6,18,21,0,1
2059,Dofetilide Capsules,2018-10-17,0,4.029523333333334,2018-11-21,6,18,21,0,1
2060,Dofetilide Capsules,2018-11-21,0,3.74562,2018-12-19,6,18,21,0,1
2061,Dofetilide Capsules,2024-12-18,1,0.2052954545454545,2025-01-22,6,18,21,0,1
2063,Dorzolamide 2% and Timolol 0.5% Ophthalmic Solution,2018-01-17,1,0.87507,2018-02-07,4,5,5,1,0
2064,Dorzolamide 2% and Timolol 0.5% Ophthalmic Solution,2017-01-18,0,0.91759,2017-02-22,4,5,5,1,0
2065,Dorzolamide 2% and Timolol 0.5% Ophthalmic Solution,2016-01-20,0,1.17054,2016-02-01,4,5,5,1,0
2066,Dorzolamide 2% and Timolol 0.5% Ophthalmic Solution,2025-01-22,0,1.0623,2025-02-19,4,5,5,1,0
2067,Dorzolamide 2% and Timolol 0.5% Ophthalmic Solution,2016-02-01,0,10.288095,2016-02-17,4,5,5,1,0
2068,Dorzolamide 2% and Timolol 0.5% Ophthalmic Solution,2018-02-07,1,0.98737,2018-02-21,4,5,5,1,0
2069,Dorzolamide 2% and Timolol 0.5% Ophthalmic Solution,2016-02-17,0,1.18356,2016-03-23,4,5,5,1,0
2070,Dorzolamide 2% and Timolol 0.5% Ophthalmic Solution,2025-02-19,0,1.0944,2025-03-19,4,5,5,1,0
2071,Dorzolamide 2% and Timolol 0.5% Ophthalmic Solution,2018-02-21,1,2.411,2018-03-16,4,5,5,1,0
2072,Dorzolamide 2% and Timolol 0.5% Ophthalmic Solution,2017-02-22,0,0.99503,2017-03-22,4,5,5,1,0
2073,Dorzolamide 2% and Timolol 0.5% Ophthalmic Solution,2018-03-16,1,18.50881069767442,2018-03-21,4,5,5,1,0
2074,Dorzolamide 2% and Timolol 0.5% Ophthalmic Solution,2025-03-19,0,1.18201,2025-04-23,4,5,5,1,0
2075,Dorzolamide 2% and Timolol 0.5% Ophthalmic Solution,2018-03-21,1,0.99281,2018-04-18,4,5,5,1,0
2076,Dorzolamide 2% and Timolol 0.5% Ophthalmic Solution,2017-03-22,0,0.99812,2017-04-06,4,5,5,1,0
2077,Dorzolamide 2% and Timolol 0.5% Ophthalmic Solution,2016-03-23,0,1.23194,2016-04-20,4,5,5,1,0
2078,Dorzolamide 2% and Timolol 0.5% Ophthalmic Solution,2017-04-06,0,2.39568,2017-04-19,4,5,5,1,0
2079,Dorzolamide 2% and Timolol 0.5% Ophthalmic Solution,2018-04-18,1,2.157731730769231,2018-05-23,4,5,5,1,0
2080,Dorzolamide 2% and Timolol 0.5% Ophthalmic Solution,2017-04-19,0,0.8444699999999999,2017-05-17,4,5,5,1,0
2081,Dorzolamide 2% and Timolol 0.5% Ophthalmic Solution,2016-04-20,0,1.21083,2016-05-18,4,5,5,1,0
2082,Dorzolamide 2% and Timolol 0.5% Ophthalmic Solution,2025-04-23,0,1.16981,2025-05-21,4,5,5,1,0
2083,Dorzolamide 2% and Timolol 0.5% Ophthalmic Solution,2017-05-17,0,1.994049090909091,2017-06-21,4,5,5,1,0
2084,Dorzolamide 2% and Timolol 0.5% Ophthalmic Solution,2016-05-18,0,1.1089,2016-06-22,4,5,5,1,0
2085,Dorzolamide 2% and Timolol 0.5% Ophthalmic Solution,2025-05-21,0,1.15781,2025-06-18,4,5,5,1,0
2086,Dorzolamide 2% and Timolol 0.5% Ophthalmic Solution,2018-05-23,1,0.9676,2018-06-20,4,5,5,1,0
2087,Dorzolamide 2% and Timolol 0.5% Ophthalmic Solution,2025-06-18,0,1.11315,2025-07-23,4,5,5,1,0
2088,Dorzolamide 2% and Timolol 0.5% Ophthalmic Solution,2018-06-20,1,0.9713,2018-07-18,4,5,5,1,0
2089,Dorzolamide 2% and Timolol 0.5% Ophthalmic Solution,2017-06-21,0,0.86634,2017-07-19,4,5,5,1,0
2090,Dorzolamide 2% and Timolol 0.5% Ophthalmic Solution,2016-06-22,0,1.11172,2016-07-20,4,5,5,1,0
2093,Dorzolamide 2% and Timolol 0.5% Ophthalmic Solution,2017-07-19,0,0.8945,2017-08-23,4,5,5,1,0
2094,Dorzolamide 2% and Timolol 0.5% Ophthalmic Solution,2016-07-20,0,1.07775,2016-08-17,4,5,5,1,0
2096,Dorzolamide 2% and Timolol 0.5% Ophthalmic Solution,2016-08-17,0,1.09528,2016-09-21,4,5,5,1,0
2097,Dorzolamide 2% and Timolol 0.5% Ophthalmic Solution,2017-08-23,0,0.8765300000000001,2017-09-20,4,5,5,1,0
2098,Dorzolamide 2% and Timolol 0.5% Ophthalmic Solution,2018-09-19,1,1.10142,2018-10-17,4,5,5,1,0
2099,Dorzolamide 2% and Timolol 0.5% Ophthalmic Solution,2017-09-20,0,12.816722631578948,2017-10-18,4,5,5,1,0
2100,Dorzolamide 2% and Timolol 0.5% Ophthalmic Solution,2016-09-21,0,1.0184,2016-10-19,4,5,5,1,0
2101,Dorzolamide 2% and Timolol 0.5% Ophthalmic Solution,2018-10-17,1,1.20065,2018-11-21,4,5,5,1,0
2102,Dorzolamide 2% and Timolol 0.5% Ophthalmic Solution,2017-10-18,1,0.92353,2017-11-22,4,5,5,1,0
2103,Dorzolamide 2% and Timolol 0.5% Ophthalmic Solution,2016-10-19,0,1.02773,2016-11-23,4,5,5,1,0
2104,Dorzolamide 2% and Timolol 0.5% Ophthalmic Solution,2018-11-21,1,1.25382,2018-12-19,4,5,5,1,0
2105,Dorzolamide 2% and Timolol 0.5% Ophthalmic Solution,2017-11-22,1,0.87392,2017-12-20,4,5,5,1,0
2106,Dorzolamide 2% and Timolol 0.5% Ophthalmic Solution,2016-11-23,0,3.596413333333333,2016-12-21,4,5,5,1,0
2107,Dorzolamide 2% and Timolol 0.5% Ophthalmic Solution,2024-12-18,0,1.03405,2025-01-22,4,5,5,1,0
2109,Dorzolamide 2% and Timolol 0.5% Ophthalmic Solution,2017-12-20,1,0.8203299999999999,2018-01-17,4,5,5,1,0
2110,Dorzolamide 2% and Timolol 0.5% Ophthalmic Solution,2016-12-21,0,14.12976117647059,2017-01-18,4,5,5,1,0
2111,Dorzolamide 2% and Timolol 0.5% Ophthalmic Solution,2015-12-23,0,1.19519,2016-01-20,4,5,5,1,0
2112,Dorzolamide Ophthalmic Solution,2018-01-17,1,1.09339,2018-02-21,6,6,6,1,0
2113,Dorzolamide Ophthalmic Solution,2017-01-18,0,1.06951,2017-02-22,6,6,6,1,0
2114,Dorzolamide Ophthalmic Solution,2016-01-20,0,1.17026,2016-02-17,6,6,6,1,0
2115,Dorzolamide Ophthalmic Solution,2025-01-22,1,1.27921,2025-02-19,6,6,6,1,0
2116,Dorzolamide Ophthalmic Solution,2016-02-17,0,1.13571,2016-03-23,6,6,6,1,0
2117,Dorzolamide Ophthalmic Solution,2025-02-19,1,1.33748,2025-03-19,6,6,6,1,0
2118,Dorzolamide Ophthalmic Solution,2018-02-21,1,1.28266,2018-03-21,6,6,6,1,0
2119,Dorzolamide Ophthalmic Solution,2017-02-22,0,1.15103,2017-03-22,6,6,6,1,0
2120,Dorzolamide Ophthalmic Solution,2025-03-19,1,1.31505,2025-04-23,6,6,6,1,0
2121,Dorzolamide Ophthalmic Solution,2018-03-21,1,1.17431,2018-04-18,6,6,6,1,0
2122,Dorzolamide Ophthalmic Solution,2017-03-22,0,1.08678,2017-04-19,6,6,6,1,0
2123,Dorzolamide Ophthalmic Solution,2016-03-23,0,1.20775,2016-04-20,6,6,6,1,0
2124,Dorzolamide Ophthalmic Solution,2018-04-18,1,1.24265,2018-05-23,6,6,6,1,0
2125,Dorzolamide Ophthalmic Solution,2017-04-19,0,1.04122,2017-05-17,6,6,6,1,0
2126,Dorzolamide Ophthalmic Solution,2016-04-20,0,1.13363,2016-05-18,6,6,6,1,0
2127,Dorzolamide Ophthalmic Solution,2025-04-23,1,1.38924,2025-05-21,6,6,6,1,0
2128,Dorzolamide Ophthalmic Solution,2017-05-17,0,1.10248,2017-06-21,6,6,6,1,0
2129,Dorzolamide Ophthalmic Solution,2016-05-18,0,1.15547,2016-06-22,6,6,6,1,0
2130,Dorzolamide Ophthalmic Solution,2025-05-21,1,1.40584,2025-06-18,6,6,6,1,0
2131,Dorzolamide Ophthalmic Solution,2018-05-23,1,1.29487,2018-06-20,6,6,6,1,0
2132,Dorzolamide Ophthalmic Solution,2025-06-18,1,1.31141,2025-07-23,6,6,6,1,0
2133,Dorzolamide Ophthalmic Solution,2018-06-20,1,1.30339,2018-07-18,6,6,6,1,0
2134,Dorzolamide Ophthalmic Solution,2017-06-21,0,1.08094,2017-07-19,6,6,6,1,0
2135,Dorzolamide Ophthalmic Solution,2016-06-22,0,1.08811,2016-07-20,6,6,6,1,0
2136,Dorzolamide Ophthalmic Solution,2018-07-18,1,1.38424,2018-08-22,6,6,6,1,0
2137,Dorzolamide Ophthalmic Solution,2017-07-19,0,1.08592,2017-08-23,6,6,6,1,0
2138,Dorzolamide Ophthalmic Solution,2016-07-20,0,1.14729,2016-08-17,6,6,6,1,0
2140,Dorzolamide Ophthalmic Solution,2016-08-17,0,1.1417499999999998,2016-09-21,6,6,6,1,0
2141,Dorzolamide Ophthalmic Solution,2018-08-22,1,1.37181,2018-09-19,6,6,6,1,0
2142,Dorzolamide Ophthalmic Solution,2017-08-23,0,1.087,2017-09-20,6,6,6,1,0
2143,Dorzolamide Ophthalmic Solution,2018-09-19,1,1.34109,2018-10-17,6,6,6,1,0
2144,Dorzolamide Ophthalmic Solution,2017-09-20,0,1.13637,2017-10-18,6,6,6,1,0
2145,Dorzolamide Ophthalmic Solution,2016-09-21,0,1.15153,2016-10-19,6,6,6,1,0
2146,Dorzolamide Ophthalmic Solution,2018-10-17,1,1.37412,2018-11-21,6,6,6,1,0
2147,Dorzolamide Ophthalmic Solution,2017-10-18,1,1.12256,2017-11-22,6,6,6,1,0
2148,Dorzolamide Ophthalmic Solution,2016-10-19,0,1.15093,2016-11-23,6,6,6,1,0
2149,Dorzolamide Ophthalmic Solution,2018-11-21,1,1.3661,2018-12-19,6,6,6,1,0
2150,Dorzolamide Ophthalmic Solution,2017-11-22,1,1.11584,2017-12-20,6,6,6,1,0
2151,Dorzolamide Ophthalmic Solution,2016-11-23,0,1.05712,2016-12-21,6,6,6,1,0
2152,Dorzolamide Ophthalmic Solution,2024-12-18,1,1.41083,2025-01-22,6,6,6,1,0
2154,Dorzolamide Ophthalmic Solution,2017-12-20,1,1.15339,2018-01-17,6,6,6,1,0
2155,Dorzolamide Ophthalmic Solution,2016-12-21,0,1.15817,2017-01-18,6,6,6,1,0
2156,Dorzolamide Ophthalmic Solution,2015-12-23,0,1.16338,2016-01-20,6,6,6,1,0
2159,Doxycycline Oral Suspension,2025-01-22,0,0.20201,2025-02-19,4,5,5,1,0
2160,Doxycycline Oral Suspension,2025-02-19,0,0.20764,2025-03-19,4,5,5,1,0
2161,Doxycycline Oral Suspension,2025-03-19,0,0.2052999999999999,2025-04-23,4,5,5,1,0
2162,Doxycycline Oral Suspension,2025-04-23,0,0.20787,2025-05-21,4,5,5,1,0
2164,Doxycycline Oral Suspension,2025-05-21,0,0.22655,2025-06-18,4,5,5,1,0
2165,Doxycycline Oral Suspension,2025-06-18,0,0.2323099999999999,2025-07-23,4,5,5,1,0
2166,Doxycycline Oral Suspension,2018-06-20,0,0.2755,2018-07-18,4,5,5,1,0
2167,Doxycycline Oral Suspension,2016-06-22,0,0.31415,2016-07-20,4,5,5,1,0
2169,Doxycycline Oral Suspension,2017-07-19,0,0.29552,2017-08-23,4,5,5,1,0
2170,Doxycycline Oral Suspension,2016-07-20,0,0.29278,2016-08-17,4,5,5,1,0
2172,Doxycycline Oral Suspension,2016-08-17,0,0.30094,2016-09-21,4,5,5,1,0
2173,Doxycycline Oral Suspension,2017-08-23,0,0.26386,2017-09-20,4,5,5,1,0
2174,Doxycycline Oral Suspension,2018-09-19,0,0.30865,2018-10-17,4,5,5,1,0
2176,Doxycycline Oral Suspension,2016-09-21,0,0.32667,2016-10-19,4,5,5,1,0
2177,Doxycycline Oral Suspension,2018-10-17,0,0.27821,2018-11-21,4,5,5,1,0
2178,Doxycycline Oral Suspension,2016-10-19,0,0.29727,2016-11-23,4,5,5,1,0
2180,Doxycycline Oral Suspension,2016-11-23,0,0.2985,2016-12-21,4,5,5,1,0
2181,Doxycycline Oral Suspension,2024-12-18,0,0.19914,2025-01-22,4,5,5,1,0
2183,Doxycycline Oral Suspension,2015-12-23,0,0.2823,2016-01-20,4,5,5,1,0
2184,Duloxetine Delayed Release Sprinkle Capsules,2025-01-22,0,6.45515,2025-02-19,1,4,4,0,1
2185,Duloxetine Delayed Release Sprinkle Capsules,2025-02-19,0,6.457075,2025-03-19,1,4,4,0,1
2186,Duloxetine Delayed Release Sprinkle Capsules,2025-03-19,0,6.481917500000001,2025-04-01,1,4,4,0,1
2188,Duloxetine Delayed Release Sprinkle Capsules,2024-12-18,0,6.45515,2025-01-22,1,4,4,0,1
2189,Enoxaparin Sodium Injection,2018-01-17,0,9.43361,2018-02-21,6,49,49,1,0
2190,Enoxaparin Sodium Injection,2017-01-18,0,13.36976,2017-02-22,6,49,49,1,0
2191,Enoxaparin Sodium Injection,2016-01-20,0,19.73151,2016-02-17,6,49,49,1,0
2192,Enoxaparin Sodium Injection,2025-01-22,0,9.261143636363636,2025-02-19,6,49,49,1,0
2193,Enoxaparin Sodium Injection,2016-02-17,0,18.22554,2016-03-23,6,49,49,1,0
2194,Enoxaparin Sodium Injection,2025-02-19,0,9.935921818181818,2025-03-19,6,49,49,1,0
2195,Enoxaparin Sodium Injection,2018-02-21,0,11.82398,2018-03-21,6,49,49,1,0
2196,Enoxaparin Sodium Injection,2017-02-22,0,15.5625,2017-03-22,6,49,49,1,0
2197,Enoxaparin Sodium Injection,2025-03-19,0,10.291123636363636,2025-04-23,6,49,49,1,0
2198,Enoxaparin Sodium Injection,2018-03-21,0,11.11224,2018-04-18,6,49,49,1,0
2199,Enoxaparin Sodium Injection,2017-03-22,0,15.67683,2017-04-19,6,49,49,1,0
2200,Enoxaparin Sodium Injection,2016-03-23,0,19.07278,2016-04-20,6,49,49,1,0
2201,Enoxaparin Sodium Injection,2018-04-18,0,10.52026,2018-05-23,6,49,49,1,0
2202,Enoxaparin Sodium Injection,2017-04-19,0,15.09019,2017-05-17,6,49,49,1,0
2203,Enoxaparin Sodium Injection,2016-04-20,0,18.38479,2016-05-18,6,49,49,1,0
2204,Enoxaparin Sodium Injection,2025-04-23,0,10.21086,2025-05-21,6,49,49,1,0
2205,Enoxaparin Sodium Injection,2017-05-17,0,13.88585,2017-06-21,6,49,49,1,0
2206,Enoxaparin Sodium Injection,2016-05-18,0,16.24016,2016-06-22,6,49,49,1,0
2207,Enoxaparin Sodium Injection,2025-05-21,0,10.211094545454545,2025-06-18,6,49,49,1,0
2208,Enoxaparin Sodium Injection,2018-05-23,0,11.02356,2018-06-20,6,49,49,1,0
2209,Enoxaparin Sodium Injection,2025-06-18,0,10.245075454545455,2025-07-23,6,49,49,1,0
2210,Enoxaparin Sodium Injection,2018-06-20,0,11.80783,2018-07-18,6,49,49,1,0
2211,Enoxaparin Sodium Injection,2017-06-21,0,14.1571,2017-07-19,6,49,49,1,0
2212,Enoxaparin Sodium Injection,2016-06-22,0,16.66153,2016-07-20,6,49,49,1,0
2213,Enoxaparin Sodium Injection,2018-07-18,0,10.68356,2018-08-22,6,49,49,1,0
2214,Enoxaparin Sodium Injection,2017-07-19,0,14.791140000000002,2017-08-23,6,49,49,1,0
2215,Enoxaparin Sodium Injection,2016-07-20,0,17.89938,2016-08-17,6,49,49,1,0
2217,Enoxaparin Sodium Injection,2016-08-17,0,16.52005,2016-09-21,6,49,49,1,0
2218,Enoxaparin Sodium Injection,2018-08-22,1,10.89667,2018-09-19,6,49,49,1,0
2219,Enoxaparin Sodium Injection,2017-08-23,0,14.15725,2017-09-20,6,49,49,1,0
2220,Enoxaparin Sodium Injection,2018-09-19,1,9.57474,2018-10-17,6,49,49,1,0
2221,Enoxaparin Sodium Injection,2017-09-20,0,12.87053,2017-10-18,6,49,49,1,0
2222,Enoxaparin Sodium Injection,2016-09-21,0,14.79842,2016-10-19,6,49,49,1,0
2223,Enoxaparin Sodium Injection,2018-10-17,1,11.85344,2018-11-21,6,49,49,1,0
2224,Enoxaparin Sodium Injection,2017-10-18,0,12.59957,2017-11-22,6,49,49,1,0
2225,Enoxaparin Sodium Injection,2016-10-19,0,14.579129999999996,2016-11-23,6,49,49,1,0
2226,Enoxaparin Sodium Injection,2018-11-21,1,11.38265,2018-12-19,6,49,49,1,0
2227,Enoxaparin Sodium Injection,2017-11-22,0,10.80486,2017-12-20,6,49,49,1,0
2228,Enoxaparin Sodium Injection,2016-11-23,0,14.57904,2016-12-21,6,49,49,1,0
2229,Enoxaparin Sodium Injection,2024-12-18,0,9.25713090909091,2025-01-22,6,49,49,1,0
2231,Enoxaparin Sodium Injection,2017-12-20,0,12.23116,2018-01-17,6,49,49,1,0
2232,Enoxaparin Sodium Injection,2016-12-21,0,15.75286,2017-01-18,6,49,49,1,0
2233,Enoxaparin Sodium Injection,2015-12-23,0,17.50833,2016-01-20,6,49,49,1,0
2234,Epinephrine Injection,2025-01-22,1,14.24785,2025-02-19,4,8,8,1,0
2235,Epinephrine Injection,2025-02-19,1,14.23648,2025-03-19,4,8,8,1,0
2236,Epinephrine Injection,2025-03-19,1,14.23648,2025-04-23,4,8,8,1,0
2238,Epinephrine Injection,2025-04-23,1,14.23648,2025-05-21,4,8,8,1,0
2239,Epinephrine Injection,2025-05-21,1,14.25231,2025-06-18,4,8,8,1,0
2240,Epinephrine Injection,2025-06-18,1,14.25231,2025-07-23,4,8,8,1,0
2243,Epinephrine Injection,2016-11-23,1,2.03844,2016-12-21,4,8,8,1,0
2244,Epinephrine Injection,2024-12-18,1,14.23153,2025-01-22,4,8,8,1,0
2248,Epoetin Alfa Injection,2017-01-14,0,427.7763024752475,2017-01-18,3,20,21,1,0
2249,Epoetin Alfa Injection,2017-01-18,0,448.86361,2017-01-19,3,20,21,1,0
2251,Epoetin Alfa Injection,2016-01-20,0,428.24107,2016-02-17,3,20,21,1,0
2252,Epoetin Alfa Injection,2025-01-22,1,141.5682331818182,2025-02-19,3,20,21,1,0
2253,Epoetin Alfa Injection,2016-02-17,0,212.431,2016-03-23,3,20,21,1,0
2254,Epoetin Alfa Injection,2025-02-19,1,401.930908,2025-03-19,3,20,21,1,0
2255,Epoetin Alfa Injection,2025-03-19,1,283.8243646153846,2025-04-23,3,20,21,1,0
2256,Epoetin Alfa Injection,2016-03-23,0,858.5525000000001,2016-04-06,3,20,21,1,0
2259,Epoetin Alfa Injection,2025-04-23,1,352.2282400000001,2025-05-21,3,20,21,1,0
2261,Epoetin Alfa Injection,2025-05-21,1,352.40528666666665,2025-06-18,3,20,21,1,0
2262,Epoetin Alfa Injection,2025-06-18,1,262.14467093023256,2025-07-23,3,20,21,1,0
2264,Epoetin Alfa Injection,2016-06-22,0,229.39806,2016-07-20,3,20,21,1,0
2267,Epoetin Alfa Injection,2018-10-17,0,989.7635,2018-11-21,3,20,21,1,0
2270,Epoetin Alfa Injection,2024-12-18,1,275.51465375000004,2025-01-22,3,20,21,1,0
2271,Epoetin Alfa Injection,2017-12-20,0,355.332035,2018-01-03,3,20,21,1,0
2272,Erythromycin Ophthalmic Ointment,2018-01-17,0,1.8623,2018-02-21,3,3,7,1,0
2273,Erythromycin Ophthalmic Ointment,2017-01-18,0,2.11467,2017-02-22,3,3,7,1,0
2274,Erythromycin Ophthalmic Ointment,2016-01-20,0,2.54271,2016-02-17,3,3,7,1,0
2275,Erythromycin Ophthalmic Ointment,2025-01-22,0,3.790715,2025-02-19,3,3,7,1,0
2276,Erythromycin Ophthalmic Ointment,2016-02-17,0,2.47466,2016-03-23,3,3,7,1,0
2277,Erythromycin Ophthalmic Ointment,2025-02-19,0,4.167655,2025-03-19,3,3,7,1,0
2278,Erythromycin Ophthalmic Ointment,2018-02-21,0,1.93078,2018-03-21,3,3,7,1,0
2279,Erythromycin Ophthalmic Ointment,2017-02-22,0,1.98813,2017-03-22,3,3,7,1,0
2280,Erythromycin Ophthalmic Ointment,2025-03-19,0,4.617649999999999,2025-04-23,3,3,7,1,0
2281,Erythromycin Ophthalmic Ointment,2018-03-21,0,1.94041,2018-04-18,3,3,7,1,0
2282,Erythromycin Ophthalmic Ointment,2017-03-22,0,2.04654,2017-04-19,3,3,7,1,0
2283,Erythromycin Ophthalmic Ointment,2016-03-23,0,2.50837,2016-04-20,3,3,7,1,0
2284,Erythromycin Ophthalmic Ointment,2018-04-18,0,2.06589,2018-05-23,3,3,7,1,0
2285,Erythromycin Ophthalmic Ointment,2017-04-19,0,2.31541,2017-05-17,3,3,7,1,0
2286,Erythromycin Ophthalmic Ointment,2016-04-20,0,2.62884,2016-05-18,3,3,7,1,0
2287,Erythromycin Ophthalmic Ointment,2025-04-23,0,4.756515,2025-05-21,3,3,7,1,0
2288,Erythromycin Ophthalmic Ointment,2017-05-17,0,6.680923103448276,2017-06-21,3,3,7,1,0
2289,Erythromycin Ophthalmic Ointment,2016-05-18,0,2.56006,2016-06-22,3,3,7,1,0
2290,Erythromycin Ophthalmic Ointment,2025-05-21,0,4.930245,2025-06-18,3,3,7,1,0
2291,Erythromycin Ophthalmic Ointment,2018-05-23,0,2.1036,2018-06-20,3,3,7,1,0
2292,Erythromycin Ophthalmic Ointment,2025-06-18,0,5.050050000000001,2025-07-23,3,3,7,1,0
2293,Erythromycin Ophthalmic Ointment,2018-06-20,0,1.77612,2018-07-18,3,3,7,1,0
2294,Erythromycin Ophthalmic Ointment,2017-06-21,0,2.23803,2017-07-19,3,3,7,1,0
2295,Erythromycin Ophthalmic Ointment,2016-06-22,0,2.43734,2016-07-20,3,3,7,1,0
2296,Erythromycin Ophthalmic Ointment,2018-07-18,0,1.94727,2018-08-22,3,3,7,1,0
2297,Erythromycin Ophthalmic Ointment,2017-07-19,0,2.12327,2017-08-23,3,3,7,1,0
2298,Erythromycin Ophthalmic Ointment,2016-07-20,0,2.62048,2016-08-17,3,3,7,1,0
2300,Erythromycin Ophthalmic Ointment,2016-08-17,0,2.71044,2016-09-21,3,3,7,1,0
2301,Erythromycin Ophthalmic Ointment,2018-08-22,0,2.08175,2018-09-19,3,3,7,1,0
2302,Erythromycin Ophthalmic Ointment,2017-08-23,0,2.17103,2017-09-20,3,3,7,1,0
2303,Erythromycin Ophthalmic Ointment,2018-09-19,0,1.75864,2018-10-17,3,3,7,1,0
2304,Erythromycin Ophthalmic Ointment,2017-09-20,0,2.09158,2017-10-18,3,3,7,1,0
2305,Erythromycin Ophthalmic Ointment,2016-09-21,0,2.6918,2016-10-19,3,3,7,1,0
2306,Erythromycin Ophthalmic Ointment,2018-10-17,0,2.14902,2018-11-21,3,3,7,1,0
2307,Erythromycin Ophthalmic Ointment,2017-10-18,0,1.98856,2017-11-22,3,3,7,1,0
2308,Erythromycin Ophthalmic Ointment,2016-10-19,0,2.78226,2016-11-23,3,3,7,1,0
2309,Erythromycin Ophthalmic Ointment,2018-11-21,0,2.25744,2018-12-19,3,3,7,1,0
2310,Erythromycin Ophthalmic Ointment,2017-11-22,0,1.91402,2017-12-20,3,3,7,1,0
2311,Erythromycin Ophthalmic Ointment,2016-11-23,0,2.24209,2016-12-21,3,3,7,1,0
2312,Erythromycin Ophthalmic Ointment,2024-12-18,0,3.34859,2025-01-22,3,3,7,1,0
2314,Erythromycin Ophthalmic Ointment,2017-12-20,0,1.85012,2018-01-17,3,3,7,1,0
2315,Erythromycin Ophthalmic Ointment,2016-12-21,0,2.57029,2017-01-18,3,3,7,1,0
2316,Erythromycin Ophthalmic Ointment,2015-12-23,0,2.49847,2016-01-20,3,3,7,1,0
2317,Estradiol Valerate Injection,2025-01-22,0,30.67827,2025-02-19,2,5,5,1,0
2318,Estradiol Valerate Injection,2025-02-19,0,30.730325,2025-03-19,2,5,5,1,0
2319,Estradiol Valerate Injection,2025-03-19,0,30.749225000000003,2025-04-23,2,5,5,1,0
2321,Estradiol Valerate Injection,2025-04-23,0,30.734615,2025-05-21,2,5,5,1,0
2322,Estradiol Valerate Injection,2025-05-21,0,30.722835000000003,2025-06-18,2,5,5,1,0
2323,Estradiol Valerate Injection,2025-06-18,0,30.66287,2025-07-23,2,5,5,1,0
2326,Estradiol Valerate Injection,2024-11-20,0,59.6928,2024-12-18,2,5,5,1,0
2327,Estradiol Valerate Injection,2024-12-18,0,30.678055,2025-01-22,2,5,5,1,0
2331,Estradiol and Norethindrone Acetate Transdermal System (Combipatch),2017-01-04,0,19.09164,2017-02-22,1,2,2,0,1
2335,Estradiol and Norethindrone Acetate Transdermal System (Combipatch),2025-05-21,0,31.18655,2025-06-18,1,2,2,0,1
2336,Estradiol and Norethindrone Acetate Transdermal System (Combipatch),2025-06-18,0,31.17904,2025-07-23,1,2,2,0,1
2340,Estradiol and Norethindrone Acetate Transdermal System (Combipatch),2016-09-21,0,17.59029,2016-10-19,1,2,2,0,1
2343,Estradiol and Norethindrone Acetate Transdermal System (Combipatch),2015-11-18,0,15.95663,2016-01-05,1,2,2,0,1
2344,Estradiol and Norethindrone Acetate Transdermal System (Combipatch),2017-11-22,0,18.99263,2018-01-04,1,2,2,0,1
2345,Ethambutol Tablets,2018-01-17,0,0.86938,2018-02-21,4,7,8,0,1
2346,Ethambutol Tablets,2017-01-18,0,0.89253,2017-02-22,4,7,8,0,1
2347,Ethambutol Tablets,2016-01-20,1,0.99675,2016-02-17,4,7,8,0,1
2348,Ethambutol Tablets,2025-01-22,0,0.3697749999999999,2025-02-19,4,7,8,0,1
2349,Ethambutol Tablets,2016-02-17,1,0.84878,2016-03-23,4,7,8,0,1
2350,Ethambutol Tablets,2025-02-19,0,0.394775,2025-03-19,4,7,8,0,1
2351,Ethambutol Tablets,2018-02-21,0,0.77508,2018-03-21,4,7,8,0,1
2352,Ethambutol Tablets,2017-02-22,0,0.90211,2017-03-22,4,7,8,0,1
2353,Ethambutol Tablets,2025-03-19,0,0.4088949999999999,2025-04-23,4,7,8,0,1
2354,Ethambutol Tablets,2018-03-21,0,0.77852,2018-04-18,4,7,8,0,1
2355,Ethambutol Tablets,2017-03-22,0,0.8677199999999999,2017-04-19,4,7,8,0,1
2356,Ethambutol Tablets,2016-03-23,1,1.00787,2016-04-20,4,7,8,0,1
2357,Ethambutol Tablets,2018-04-18,0,0.80078,2018-05-23,4,7,8,0,1
2358,Ethambutol Tablets,2017-04-19,0,0.803,2017-05-17,4,7,8,0,1
2359,Ethambutol Tablets,2016-04-20,1,0.99635,2016-05-18,4,7,8,0,1
2360,Ethambutol Tablets,2025-04-23,0,0.40614,2025-05-21,4,7,8,0,1
2361,Ethambutol Tablets,2017-05-17,0,0.826,2017-06-21,4,7,8,0,1
2362,Ethambutol Tablets,2016-05-18,1,0.92175,2016-06-22,4,7,8,0,1
2363,Ethambutol Tablets,2025-05-21,0,0.411885,2025-06-18,4,7,8,0,1
2364,Ethambutol Tablets,2018-05-23,0,0.71521,2018-06-20,4,7,8,0,1
2365,Ethambutol Tablets,2025-06-18,0,0.40967,2025-07-23,4,7,8,0,1
2366,Ethambutol Tablets,2018-06-20,0,0.8471100000000001,2018-07-18,4,7,8,0,1
2367,Ethambutol Tablets,2017-06-21,0,0.79921,2017-07-19,4,7,8,0,1
2368,Ethambutol Tablets,2016-06-22,0,0.81506,2016-07-20,4,7,8,0,1
2369,Ethambutol Tablets,2018-07-18,0,0.77653,2018-08-22,4,7,8,0,1
2370,Ethambutol Tablets,2017-07-19,0,0.79465,2017-08-23,4,7,8,0,1
2371,Ethambutol Tablets,2016-07-20,0,0.92275,2016-08-17,4,7,8,0,1
2373,Ethambutol Tablets,2016-08-17,0,1.04276,2016-09-21,4,7,8,0,1
2374,Ethambutol Tablets,2018-08-22,0,0.68411,2018-09-19,4,7,8,0,1
2375,Ethambutol Tablets,2017-08-23,0,0.75571,2017-09-20,4,7,8,0,1
2376,Ethambutol Tablets,2018-09-19,0,0.7224400000000001,2018-10-17,4,7,8,0,1
2377,Ethambutol Tablets,2017-09-20,0,0.82064,2017-10-18,4,7,8,0,1
2378,Ethambutol Tablets,2016-09-21,0,0.95172,2016-10-19,4,7,8,0,1
2379,Ethambutol Tablets,2018-10-17,0,0.76052,2018-11-21,4,7,8,0,1
2380,Ethambutol Tablets,2017-10-18,0,0.82905,2017-11-22,4,7,8,0,1
2381,Ethambutol Tablets,2016-10-19,0,0.9257,2016-11-23,4,7,8,0,1
2382,Ethambutol Tablets,2018-11-21,0,0.74432,2018-12-19,4,7,8,0,1
2383,Ethambutol Tablets,2017-11-22,0,0.73493,2017-12-20,4,7,8,0,1
2384,Ethambutol Tablets,2016-11-23,0,0.92362,2016-12-21,4,7,8,0,1
2385,Ethambutol Tablets,2024-12-18,0,0.3656049999999999,2025-01-22,4,7,8,0,1
2387,Ethambutol Tablets,2017-12-20,0,0.7229899999999999,2018-01-17,4,7,8,0,1
2388,Ethambutol Tablets,2016-12-21,0,0.86451,2017-01-18,4,7,8,0,1
2389,Ethambutol Tablets,2015-12-23,1,1.04736,2016-01-20,4,7,8,0,1
2390,Famotidine Tablets,2018-01-17,0,0.0594019999999999,2018-02-21,4,7,15,0,1
2391,Famotidine Tablets,2017-01-18,0,0.06352,2017-02-22,4,7,15,0,1
2392,Famotidine Tablets,2025-01-22,0,0.042648,2025-02-19,4,7,15,0,1
2393,Famotidine Tablets,2025-02-19,0,0.045254,2025-03-19,4,7,15,0,1
2394,Famotidine Tablets,2018-02-21,0,0.0574239999999999,2018-03-21,4,7,15,0,1
2395,Famotidine Tablets,2017-02-22,0,0.069276,2017-03-22,4,7,15,0,1
2396,Famotidine Tablets,2025-03-19,0,0.046834,2025-04-23,4,7,15,0,1
2397,Famotidine Tablets,2018-03-21,0,0.057946,2018-04-18,4,7,15,0,1
2398,Famotidine Tablets,2017-03-22,0,0.06676,2017-04-19,4,7,15,0,1
2399,Famotidine Tablets,2016-03-30,0,0.04388,2016-04-06,4,7,15,0,1
2400,Famotidine Tablets,2016-04-06,0,0.07276,2016-04-20,4,7,15,0,1
2401,Famotidine Tablets,2018-04-18,0,0.0565959999999999,2018-05-23,4,7,15,0,1
2402,Famotidine Tablets,2017-04-19,0,0.0607319999999999,2017-05-17,4,7,15,0,1
2403,Famotidine Tablets,2016-04-20,0,0.05842,2016-05-18,4,7,15,0,1
2404,Famotidine Tablets,2025-04-23,0,0.0457399999999999,2025-05-21,4,7,15,0,1
2405,Famotidine Tablets,2017-05-17,0,0.064176,2017-06-21,4,7,15,0,1
2406,Famotidine Tablets,2016-05-18,0,0.056025,2016-06-22,4,7,15,0,1
2407,Famotidine Tablets,2025-05-21,0,0.045348,2025-06-18,4,7,15,0,1
2408,Famotidine Tablets,2018-05-23,0,0.060432,2018-06-20,4,7,15,0,1
2409,Famotidine Tablets,2025-06-18,0,0.04607,2025-07-23,4,7,15,0,1
2410,Famotidine Tablets,2018-06-20,0,0.05576,2018-07-18,4,7,15,0,1
2411,Famotidine Tablets,2017-06-21,0,0.067066,2017-07-19,4,7,15,0,1
2412,Famotidine Tablets,2016-06-22,0,0.056635,2016-07-20,4,7,15,0,1
2413,Famotidine Tablets,2018-07-18,0,0.0581039999999999,2018-08-22,4,7,15,0,1
2414,Famotidine Tablets,2017-07-19,0,0.064298,2017-08-23,4,7,15,0,1
2415,Famotidine Tablets,2016-07-20,0,0.06007,2016-08-17,4,7,15,0,1
2417,Famotidine Tablets,2016-08-17,0,0.05928,2016-09-21,4,7,15,0,1
2418,Famotidine Tablets,2018-08-22,0,0.0595739999999999,2018-09-19,4,7,15,0,1
2419,Famotidine Tablets,2017-08-23,0,0.06545,2017-09-20,4,7,15,0,1
2420,Famotidine Tablets,2018-09-19,0,0.0523579999999999,2018-10-17,4,7,15,0,1
2421,Famotidine Tablets,2017-09-20,0,0.064174,2017-10-18,4,7,15,0,1
2422,Famotidine Tablets,2016-09-21,0,0.06,2016-10-19,4,7,15,0,1
2423,Famotidine Tablets,2018-10-17,0,0.05454,2018-11-21,4,7,15,0,1
2424,Famotidine Tablets,2017-10-18,0,0.062424,2017-11-22,4,7,15,0,1
2425,Famotidine Tablets,2016-10-19,0,0.058665,2016-11-23,4,7,15,0,1
2426,Famotidine Tablets,2018-11-21,0,0.0562379999999999,2018-12-19,4,7,15,0,1
2427,Famotidine Tablets,2017-11-22,0,0.062034,2017-12-20,4,7,15,0,1
2428,Famotidine Tablets,2016-11-23,0,0.0594,2016-12-21,4,7,15,0,1
2429,Famotidine Tablets,2024-12-18,0,0.042932,2025-01-22,4,7,15,0,1
2431,Famotidine Tablets,2017-12-20,0,0.0596399999999999,2018-01-17,4,7,15,0,1
2432,Famotidine Tablets,2016-12-21,0,0.065078,2017-01-18,4,7,15,0,1
2433,Flumazenil Injection,2025-01-22,0,1.05348,2025-02-19,3,5,6,1,0
2434,Flumazenil Injection,2025-02-19,0,1.05346,2025-03-19,3,5,6,1,0
2435,Flumazenil Injection,2025-03-19,0,1.05865,2025-04-23,3,5,6,1,0
2436,Flumazenil Injection,2025-04-23,0,1.06155,2025-05-21,3,5,6,1,0
2437,Flumazenil Injection,2025-05-21,0,1.05971,2025-06-18,3,5,6,1,0
2438,Flumazenil Injection,2025-06-18,0,1.05651,2025-07-23,3,5,6,1,0
2440,Flumazenil Injection,2024-12-18,0,1.05043,2025-01-22,3,5,6,1,0
2441,Flurbiprofen Sodium Ophthalmic Solution,2018-01-17,1,1.49333,2018-02-21,2,2,2,1,0
2442,Flurbiprofen Sodium Ophthalmic Solution,2017-01-18,0,1.57811,2017-02-22,2,2,2,1,0
2443,Flurbiprofen Sodium Ophthalmic Solution,2016-01-20,0,1.62324,2016-02-17,2,2,2,1,0
2444,Flurbiprofen Sodium Ophthalmic Solution,2025-01-22,0,10.83059,2025-02-19,2,2,2,1,0
2445,Flurbiprofen Sodium Ophthalmic Solution,2016-02-17,0,1.58756,2016-03-23,2,2,2,1,0
2446,Flurbiprofen Sodium Ophthalmic Solution,2025-02-19,0,10.68432,2025-03-19,2,2,2,1,0
2447,Flurbiprofen Sodium Ophthalmic Solution,2018-02-21,1,1.53433,2018-03-21,2,2,2,1,0
2448,Flurbiprofen Sodium Ophthalmic Solution,2017-02-22,0,1.54892,2017-03-22,2,2,2,1,0
2449,Flurbiprofen Sodium Ophthalmic Solution,2025-03-19,0,10.95772,2025-04-23,2,2,2,1,0
2450,Flurbiprofen Sodium Ophthalmic Solution,2018-03-21,1,1.35,2018-04-18,2,2,2,1,0
2451,Flurbiprofen Sodium Ophthalmic Solution,2017-03-22,0,1.4096,2017-04-19,2,2,2,1,0
2452,Flurbiprofen Sodium Ophthalmic Solution,2016-03-23,0,1.62218,2016-04-20,2,2,2,1,0
2453,Flurbiprofen Sodium Ophthalmic Solution,2018-04-18,1,1.55533,2018-05-23,2,2,2,1,0
2454,Flurbiprofen Sodium Ophthalmic Solution,2017-04-19,0,1.52875,2017-05-17,2,2,2,1,0
2455,Flurbiprofen Sodium Ophthalmic Solution,2016-04-20,0,1.58218,2016-05-18,2,2,2,1,0
2456,Flurbiprofen Sodium Ophthalmic Solution,2025-04-23,0,10.86139,2025-05-21,2,2,2,1,0
2457,Flurbiprofen Sodium Ophthalmic Solution,2017-05-17,0,1.54433,2017-06-21,2,2,2,1,0
2458,Flurbiprofen Sodium Ophthalmic Solution,2016-05-18,0,1.49293,2016-06-22,2,2,2,1,0
2459,Flurbiprofen Sodium Ophthalmic Solution,2025-05-21,0,11.00939,2025-06-18,2,2,2,1,0
2460,Flurbiprofen Sodium Ophthalmic Solution,2018-05-23,1,1.42,2018-06-20,2,2,2,1,0
2461,Flurbiprofen Sodium Ophthalmic Solution,2025-06-18,0,10.98139,2025-07-23,2,2,2,1,0
2462,Flurbiprofen Sodium Ophthalmic Solution,2018-06-20,1,1.41714,2018-07-18,2,2,2,1,0
2463,Flurbiprofen Sodium Ophthalmic Solution,2017-06-21,0,1.38585,2017-07-19,2,2,2,1,0
2464,Flurbiprofen Sodium Ophthalmic Solution,2016-06-22,0,1.56424,2016-07-20,2,2,2,1,0
2465,Flurbiprofen Sodium Ophthalmic Solution,2018-07-18,1,1.47673,2018-08-22,2,2,2,1,0
2466,Flurbiprofen Sodium Ophthalmic Solution,2017-07-19,1,1.4687,2017-08-23,2,2,2,1,0
2467,Flurbiprofen Sodium Ophthalmic Solution,2016-07-20,0,1.57368,2016-08-17,2,2,2,1,0
2469,Flurbiprofen Sodium Ophthalmic Solution,2016-08-17,0,1.57444,2016-09-21,2,2,2,1,0
2470,Flurbiprofen Sodium Ophthalmic Solution,2018-08-22,0,1.9595,2018-09-19,2,2,2,1,0
2471,Flurbiprofen Sodium Ophthalmic Solution,2017-08-23,1,1.49976,2017-09-20,2,2,2,1,0
2473,Flurbiprofen Sodium Ophthalmic Solution,2017-09-20,1,1.48588,2017-10-18,2,2,2,1,0
2474,Flurbiprofen Sodium Ophthalmic Solution,2016-09-21,0,1.53368,2016-10-19,2,2,2,1,0
2476,Flurbiprofen Sodium Ophthalmic Solution,2016-10-19,0,1.57638,2016-11-23,2,2,2,1,0
2477,Flurbiprofen Sodium Ophthalmic Solution,2016-11-23,0,1.38044,2016-12-21,2,2,2,1,0
2478,Flurbiprofen Sodium Ophthalmic Solution,2024-12-18,0,10.81781,2025-01-22,2,2,2,1,0
2479,Flurbiprofen Sodium Ophthalmic Solution,2017-12-20,1,1.63345,2018-01-17,2,2,2,1,0
2480,Flurbiprofen Sodium Ophthalmic Solution,2016-12-21,0,1.56733,2017-01-18,2,2,2,1,0
2481,Flurbiprofen Sodium Ophthalmic Solution,2015-12-23,0,1.64267,2016-01-20,2,2,2,1,0
2482,Fluticasone Propionate Oral Inhalers,2025-01-22,0,8.652528333333334,2025-02-19,2,12,14,1,0
2483,Fluticasone Propionate Oral Inhalers,2025-02-19,0,8.773085,2025-03-19,2,12,14,1,0
2484,Fluticasone Propionate Oral Inhalers,2025-03-19,0,8.84158,2025-04-23,2,12,14,1,0
2485,Fluticasone Propionate Oral Inhalers,2025-04-23,0,8.826941666666666,2025-05-21,2,12,14,1,0
2486,Fluticasone Propionate Oral Inhalers,2025-05-21,0,8.816736666666666,2025-06-18,2,12,14,1,0
2487,Fluticasone Propionate Oral Inhalers,2025-06-18,0,8.902315,2025-07-23,2,12,14,1,0
2489,Fluticasone Propionate Oral Inhalers,2024-12-18,0,8.643061666666666,2025-01-22,2,12,14,1,0
2490,Fluticasone and Salmeterol Powder for Inhalation,2025-01-22,0,386.148495,2025-02-19,2,6,6,0,1
2491,Fluticasone and Salmeterol Powder for Inhalation,2025-02-19,0,386.396665,2025-03-19,2,6,6,0,1
2492,Fluticasone and Salmeterol Powder for Inhalation,2025-03-19,0,386.00363,2025-04-23,2,6,6,0,1
2493,Fluticasone and Salmeterol Powder for Inhalation,2025-04-23,0,385.8193,2025-05-21,2,6,6,0,1
2494,Fluticasone and Salmeterol Powder for Inhalation,2025-05-21,0,385.867155,2025-06-18,2,6,6,0,1
2496,Fluticasone and Salmeterol Powder for Inhalation,2024-12-18,0,386.25913,2025-01-22,2,6,6,0,1
2497,Fluvoxamine Maleate Extended-Release Capsules,2018-01-17,0,6.383194285714287,2018-02-21,2,4,4,0,1
2498,Fluvoxamine Maleate Extended-Release Capsules,2017-01-18,0,6.938675000000001,2017-02-22,2,4,4,0,1
2499,Fluvoxamine Maleate Extended-Release Capsules,2016-01-20,0,7.104555,2016-02-17,2,4,4,0,1
2500,Fluvoxamine Maleate Extended-Release Capsules,2025-01-22,1,4.9298,2025-02-19,2,4,4,0,1
2501,Fluvoxamine Maleate Extended-Release Capsules,2016-02-17,0,6.897355,2016-03-23,2,4,4,0,1
2502,Fluvoxamine Maleate Extended-Release Capsules,2025-02-19,1,5.407484999999999,2025-03-19,2,4,4,0,1
2503,Fluvoxamine Maleate Extended-Release Capsules,2018-02-21,0,7.36056,2018-03-21,2,4,4,0,1
2504,Fluvoxamine Maleate Extended-Release Capsules,2017-02-22,0,6.97303,2017-03-22,2,4,4,0,1
2505,Fluvoxamine Maleate Extended-Release Capsules,2025-03-19,1,5.536385,2025-04-23,2,4,4,0,1
2506,Fluvoxamine Maleate Extended-Release Capsules,2018-03-21,0,7.21578,2018-04-18,2,4,4,0,1
2507,Fluvoxamine Maleate Extended-Release Capsules,2017-03-22,0,6.912735,2017-04-19,2,4,4,0,1
2508,Fluvoxamine Maleate Extended-Release Capsules,2016-03-23,0,6.7883700000000005,2016-04-20,2,4,4,0,1
2509,Fluvoxamine Maleate Extended-Release Capsules,2018-04-18,0,6.311405,2018-05-23,2,4,4,0,1
2510,Fluvoxamine Maleate Extended-Release Capsules,2017-04-19,0,6.806735,2017-05-17,2,4,4,0,1
2511,Fluvoxamine Maleate Extended-Release Capsules,2016-04-20,0,6.879659999999999,2016-05-18,2,4,4,0,1
2512,Fluvoxamine Maleate Extended-Release Capsules,2025-04-23,0,5.623635,2025-05-21,2,4,4,0,1
2513,Fluvoxamine Maleate Extended-Release Capsules,2017-05-17,0,6.97457,2017-06-21,2,4,4,0,1
2514,Fluvoxamine Maleate Extended-Release Capsules,2016-05-18,0,6.75579,2016-06-22,2,4,4,0,1
2515,Fluvoxamine Maleate Extended-Release Capsules,2025-05-21,0,5.4112100000000005,2025-06-18,2,4,4,0,1
2516,Fluvoxamine Maleate Extended-Release Capsules,2018-05-23,0,6.800459999999999,2018-06-20,2,4,4,0,1
2517,Fluvoxamine Maleate Extended-Release Capsules,2025-06-18,0,5.43595,2025-07-23,2,4,4,0,1
2518,Fluvoxamine Maleate Extended-Release Capsules,2018-06-20,0,6.74638,2018-07-18,2,4,4,0,1
2519,Fluvoxamine Maleate Extended-Release Capsules,2017-06-21,0,6.96214,2017-07-19,2,4,4,0,1
2520,Fluvoxamine Maleate Extended-Release Capsules,2016-06-22,0,6.91052,2016-07-20,2,4,4,0,1
2521,Fluvoxamine Maleate Extended-Release Capsules,2018-07-18,0,6.52634,2018-08-22,2,4,4,0,1
2522,Fluvoxamine Maleate Extended-Release Capsules,2017-07-19,0,6.762945,2017-08-23,2,4,4,0,1
2523,Fluvoxamine Maleate Extended-Release Capsules,2016-07-20,0,7.1787,2016-08-17,2,4,4,0,1
2525,Fluvoxamine Maleate Extended-Release Capsules,2016-08-17,0,7.241519999999999,2016-09-21,2,4,4,0,1
2526,Fluvoxamine Maleate Extended-Release Capsules,2018-08-22,0,6.391120000000001,2018-09-19,2,4,4,0,1
2527,Fluvoxamine Maleate Extended-Release Capsules,2017-08-23,0,6.82563,2017-09-20,2,4,4,0,1
2528,Fluvoxamine Maleate Extended-Release Capsules,2018-09-19,0,6.774380000000001,2018-10-17,2,4,4,0,1
2529,Fluvoxamine Maleate Extended-Release Capsules,2017-09-20,0,6.902715000000001,2017-10-18,2,4,4,0,1
2530,Fluvoxamine Maleate Extended-Release Capsules,2016-09-21,0,6.82989,2016-10-19,2,4,4,0,1
2531,Fluvoxamine Maleate Extended-Release Capsules,2018-10-17,0,6.657594999999999,2018-11-21,2,4,4,0,1
2532,Fluvoxamine Maleate Extended-Release Capsules,2017-10-18,0,6.281075,2017-11-22,2,4,4,0,1
2533,Fluvoxamine Maleate Extended-Release Capsules,2016-10-19,0,7.110275,2016-11-23,2,4,4,0,1
2534,Fluvoxamine Maleate Extended-Release Capsules,2018-11-21,0,7.03326,2018-12-19,2,4,4,0,1
2535,Fluvoxamine Maleate Extended-Release Capsules,2017-11-22,0,6.509745000000001,2017-12-20,2,4,4,0,1
2536,Fluvoxamine Maleate Extended-Release Capsules,2016-11-23,0,6.888175,2016-12-21,2,4,4,0,1
2537,Fluvoxamine Maleate Extended-Release Capsules,2024-12-18,1,5.02121,2025-01-22,2,4,4,0,1
2539,Fluvoxamine Maleate Extended-Release Capsules,2017-12-20,0,6.377815,2018-01-17,2,4,4,0,1
2540,Fluvoxamine Maleate Extended-Release Capsules,2016-12-21,0,6.571525,2017-01-18,2,4,4,0,1
2541,Fluvoxamine Maleate Extended-Release Capsules,2015-12-23,0,6.992135,2016-01-20,2,4,4,0,1
2542,Furosemide Injection,2025-01-22,1,0.320345,2025-02-19,4,13,17,1,0
2543,Furosemide Injection,2025-02-19,1,0.383924,2025-03-19,4,13,17,1,0
2544,Furosemide Injection,2025-03-19,1,0.22952,2025-04-23,4,13,17,1,0
2545,Furosemide Injection,2025-04-23,1,0.22952,2025-05-21,4,13,17,1,0
2546,Furosemide Injection,2025-05-21,1,0.2263,2025-06-18,4,13,17,1,0
2547,Furosemide Injection,2025-06-18,1,0.22308,2025-07-23,4,13,17,1,0
2549,Furosemide Injection,2024-12-18,1,0.33863,2025-01-22,4,13,17,1,0
2550,Furosemide Tablets,2018-01-17,1,0.5409535294117648,2018-02-21,4,13,19,0,1
2551,Furosemide Tablets,2017-01-18,0,0.01212,2017-02-17,4,13,19,0,1
2552,Furosemide Tablets,2016-01-20,0,0.01075,2016-02-17,4,13,19,0,1
2553,Furosemide Tablets,2025-01-22,0,0.90063,2025-02-19,4,13,19,0,1
2554,Furosemide Tablets,2016-02-17,0,0.01384,2016-03-23,4,13,19,0,1
2555,Furosemide Tablets,2017-02-17,0,0.72207,2017-02-22,4,13,19,0,1
2556,Furosemide Tablets,2025-02-19,0,0.9003749999999999,2025-03-19,4,13,19,0,1
2557,Furosemide Tablets,2018-02-21,1,0.02578,2018-03-21,4,13,19,0,1
2558,Furosemide Tablets,2017-02-22,0,0.01224,2017-03-08,4,13,19,0,1
2559,Furosemide Tablets,2017-03-08,0,0.70529421875,2017-03-22,4,13,19,0,1
2560,Furosemide Tablets,2025-03-19,0,0.899745,2025-04-23,4,13,19,0,1
2561,Furosemide Tablets,2018-03-21,1,0.02454,2018-04-18,4,13,19,0,1
2562,Furosemide Tablets,2017-03-22,0,0.01239,2017-04-19,4,13,19,0,1
2563,Furosemide Tablets,2016-03-23,0,0.01078,2016-04-20,4,13,19,0,1
2564,Furosemide Tablets,2018-04-18,1,0.02593,2018-05-23,4,13,19,0,1
2565,Furosemide Tablets,2017-04-19,0,0.01273,2017-05-17,4,13,19,0,1
2566,Furosemide Tablets,2016-04-20,0,0.01127,2016-05-18,4,13,19,0,1
2567,Furosemide Tablets,2025-04-23,0,0.90014,2025-05-21,4,13,19,0,1
2568,Furosemide Tablets,2017-05-17,0,0.01596,2017-06-21,4,13,19,0,1
2569,Furosemide Tablets,2016-05-18,0,0.01124,2016-06-22,4,13,19,0,1
2570,Furosemide Tablets,2025-05-21,0,0.8994599999999999,2025-06-18,4,13,19,0,1
2571,Furosemide Tablets,2018-05-23,1,0.6532866666666667,2018-06-20,4,13,19,0,1
2572,Furosemide Tablets,2025-06-18,0,0.8984000000000002,2025-07-23,4,13,19,0,1
2573,Furosemide Tablets,2018-06-20,1,0.0252,2018-07-02,4,13,19,0,1
2574,Furosemide Tablets,2017-06-21,0,0.01626,2017-07-19,4,13,19,0,1
2575,Furosemide Tablets,2016-06-22,0,0.8384052380952381,2016-07-20,4,13,19,0,1
2576,Furosemide Tablets,2018-07-02,1,0.8271600000000001,2018-07-18,4,13,19,0,1
2577,Furosemide Tablets,2018-07-18,1,0.02585,2018-08-22,4,13,19,0,1
2578,Furosemide Tablets,2017-07-19,1,0.7905691836734694,2017-08-23,4,13,19,0,1
2579,Furosemide Tablets,2016-07-20,0,0.5620907692307693,2016-08-17,4,13,19,0,1
2581,Furosemide Tablets,2016-08-17,0,0.012,2016-09-21,4,13,19,0,1
2582,Furosemide Tablets,2018-08-22,1,0.02581,2018-09-19,4,13,19,0,1
2583,Furosemide Tablets,2017-08-23,1,0.01952,2017-09-20,4,13,19,0,1
2584,Furosemide Tablets,2018-09-19,1,0.02507,2018-10-17,4,13,19,0,1
2585,Furosemide Tablets,2017-09-20,1,0.02067,2017-10-18,4,13,19,0,1
2586,Furosemide Tablets,2016-09-21,0,0.6914888888888889,2016-10-19,4,13,19,0,1
2587,Furosemide Tablets,2018-10-17,1,0.0254799999999999,2018-11-21,4,13,19,0,1
2588,Furosemide Tablets,2017-10-18,1,0.02741,2017-11-22,4,13,19,0,1
2589,Furosemide Tablets,2016-10-19,0,0.4552258333333334,2016-11-23,4,13,19,0,1
2590,Furosemide Tablets,2018-11-21,1,0.02836,2018-12-19,4,13,19,0,1
2591,Furosemide Tablets,2017-11-22,1,0.02565,2017-12-20,4,13,19,0,1
2592,Furosemide Tablets,2016-11-23,0,0.01141,2016-12-21,4,13,19,0,1
2593,Furosemide Tablets,2024-12-18,0,0.901545,2025-01-22,4,13,19,0,1
2595,Furosemide Tablets,2017-12-20,1,0.0261,2018-01-17,4,13,19,0,1
2596,Furosemide Tablets,2016-12-21,0,0.01212,2017-01-18,4,13,19,0,1
2597,Furosemide Tablets,2015-12-23,0,0.01254,2016-01-20,4,13,19,0,1
2598,Gabapentin Oral Solution,2018-01-17,0,0.11754,2018-02-21,4,4,6,1,0
2599,Gabapentin Oral Solution,2017-01-18,0,0.16274,2017-02-22,4,4,6,1,0
2600,Gabapentin Oral Solution,2025-01-22,0,0.11589,2025-02-19,4,4,6,1,0
2601,Gabapentin Oral Solution,2016-02-17,0,0.082,2016-03-23,4,4,6,1,0
2602,Gabapentin Oral Solution,2025-02-19,0,0.1192466666666666,2025-03-19,4,4,6,1,0
2603,Gabapentin Oral Solution,2018-02-21,0,0.14236,2018-03-21,4,4,6,1,0
2604,Gabapentin Oral Solution,2017-02-22,0,0.15583,2017-03-22,4,4,6,1,0
2605,Gabapentin Oral Solution,2025-03-19,0,0.1193533333333333,2025-04-23,4,4,6,1,0
2606,Gabapentin Oral Solution,2018-03-21,0,0.112535,2018-04-18,4,4,6,1,0
2607,Gabapentin Oral Solution,2017-03-22,0,0.15452,2017-04-19,4,4,6,1,0
2608,Gabapentin Oral Solution,2016-03-23,0,0.11212,2016-04-20,4,4,6,1,0
2609,Gabapentin Oral Solution,2018-04-18,0,0.1112249999999999,2018-05-23,4,4,6,1,0
2610,Gabapentin Oral Solution,2017-04-19,0,0.11238,2017-05-17,4,4,6,1,0
2612,Gabapentin Oral Solution,2025-04-23,0,0.1180733333333333,2025-05-21,4,4,6,1,0
2613,Gabapentin Oral Solution,2017-05-17,0,0.11908,2017-05-31,4,4,6,1,0
2614,Gabapentin Oral Solution,2025-05-21,0,0.1180899999999999,2025-06-18,4,4,6,1,0
2615,Gabapentin Oral Solution,2018-05-23,0,0.114005,2018-06-20,4,4,6,1,0
2616,Gabapentin Oral Solution,2017-05-31,0,0.11917,2017-06-21,4,4,6,1,0
2617,Gabapentin Oral Solution,2025-06-18,0,0.1161099999999999,2025-07-23,4,4,6,1,0
2619,Gabapentin Oral Solution,2017-06-21,0,0.1150255813953488,2017-07-19,4,4,6,1,0
2620,Gabapentin Oral Solution,2016-06-22,0,0.0942,2016-07-20,4,4,6,1,0
2621,Gabapentin Oral Solution,2017-07-19,0,0.11006,2017-08-23,4,4,6,1,0
2622,Gabapentin Oral Solution,2016-07-20,0,0.10548,2016-08-17,4,4,6,1,0
2625,Gabapentin Oral Solution,2018-08-22,0,0.12938,2018-10-03,4,4,6,1,0
2626,Gabapentin Oral Solution,2017-08-23,0,0.12777,2017-09-20,4,4,6,1,0
2627,Gabapentin Oral Solution,2017-09-20,0,0.12638,2017-10-18,4,4,6,1,0
2628,Gabapentin Oral Solution,2018-10-03,0,0.12588,2018-10-17,4,4,6,1,0
2629,Gabapentin Oral Solution,2018-10-17,0,0.1064,2018-11-21,4,4,6,1,0
2630,Gabapentin Oral Solution,2017-10-18,0,0.14225,2017-11-22,4,4,6,1,0
2631,Gabapentin Oral Solution,2018-11-21,0,0.12938,2018-12-19,4,4,6,1,0
2632,Gabapentin Oral Solution,2017-11-22,0,0.11553,2017-12-20,4,4,6,1,0
2633,Gabapentin Oral Solution,2016-11-23,0,0.11326,2016-12-21,4,4,6,1,0
2634,Gabapentin Oral Solution,2024-12-18,0,0.1132766666666666,2025-01-22,4,4,6,1,0
2636,Gabapentin Oral Solution,2017-12-20,0,0.12673,2018-01-17,4,4,6,1,0
2637,Gabapentin Oral Solution,2016-12-21,0,0.10321,2017-01-18,4,4,6,1,0
2638,Gentamicin Injection,2016-01-20,0,0.83094,2016-02-17,3,9,11,1,0
2639,Gentamicin Injection,2025-01-22,1,1.45127,2025-02-19,3,9,11,1,0
2640,Gentamicin Injection,2016-02-17,0,0.87116,2016-03-23,3,9,11,1,0
2641,Gentamicin Injection,2025-02-19,1,1.43002,2025-03-19,3,9,11,1,0
2642,Gentamicin Injection,2025-03-19,1,1.43112,2025-04-23,3,9,11,1,0
2643,Gentamicin Injection,2016-03-23,0,0.55734,2016-04-20,3,9,11,1,0
2644,Gentamicin Injection,2017-04-19,1,0.89156,2017-05-17,3,9,11,1,0
2646,Gentamicin Injection,2025-04-23,1,1.46738,2025-05-21,3,9,11,1,0
2648,Gentamicin Injection,2025-05-21,1,1.52494,2025-06-18,3,9,11,1,0
2649,Gentamicin Injection,2025-06-18,1,1.59891,2025-07-23,3,9,11,1,0
2650,Gentamicin Injection,2016-06-22,1,0.56053,2016-07-20,3,9,11,1,0
2651,Gentamicin Injection,2016-07-20,1,0.51725,2016-08-17,3,9,11,1,0
2653,Gentamicin Injection,2016-08-17,1,0.50316,2016-09-21,3,9,11,1,0
2654,Gentamicin Injection,2016-09-21,1,0.53847,2016-10-19,3,9,11,1,0
2656,Gentamicin Injection,2024-12-18,1,1.60902,2025-01-22,3,9,11,1,0
2658,Gentamicin Injection,2015-12-23,0,0.51362,2016-01-20,3,9,11,1,0
2659,Gentamicin Sulfate Ophthalmic Ointment,2018-01-17,0,3.96619,2018-02-21,1,1,1,1,0
2660,Gentamicin Sulfate Ophthalmic Ointment,2017-01-18,0,4.00865,2017-02-22,1,1,1,1,0
2661,Gentamicin Sulfate Ophthalmic Ointment,2016-01-20,0,3.77118,2016-02-17,1,1,1,1,0
2662,Gentamicin Sulfate Ophthalmic Ointment,2016-02-17,0,3.86669,2016-03-23,1,1,1,1,0
2664,Gentamicin Sulfate Ophthalmic Ointment,2017-02-22,0,3.81645,2017-03-22,1,1,1,1,0
2665,Gentamicin Sulfate Ophthalmic Ointment,2017-03-22,0,3.74814,2017-04-19,1,1,1,1,0
2666,Gentamicin Sulfate Ophthalmic Ointment,2016-03-23,0,3.8774,2016-04-20,1,1,1,1,0
2667,Gentamicin Sulfate Ophthalmic Ointment,2017-04-19,0,3.81225,2017-05-17,1,1,1,1,0
2668,Gentamicin Sulfate Ophthalmic Ointment,2016-04-20,0,3.88929,2016-05-18,1,1,1,1,0
2669,Gentamicin Sulfate Ophthalmic Ointment,2017-05-17,0,3.806130000000001,2017-06-21,1,1,1,1,0
2670,Gentamicin Sulfate Ophthalmic Ointment,2016-05-18,0,3.85116,2016-06-22,1,1,1,1,0
2672,Gentamicin Sulfate Ophthalmic Ointment,2017-06-21,0,3.97383,2017-07-19,1,1,1,1,0
2673,Gentamicin Sulfate Ophthalmic Ointment,2016-06-22,0,3.79458,2016-07-20,1,1,1,1,0
2674,Gentamicin Sulfate Ophthalmic Ointment,2017-07-19,0,3.84974,2017-08-23,1,1,1,1,0
2675,Gentamicin Sulfate Ophthalmic Ointment,2016-07-20,0,3.83538,2016-08-17,1,1,1,1,0
2676,Gentamicin Sulfate Ophthalmic Ointment,2016-08-17,0,3.73898,2016-09-21,1,1,1,1,0
2677,Gentamicin Sulfate Ophthalmic Ointment,2017-08-23,0,3.71029,2017-09-20,1,1,1,1,0
2678,Gentamicin Sulfate Ophthalmic Ointment,2017-09-20,0,3.72467,2017-10-18,1,1,1,1,0
2679,Gentamicin Sulfate Ophthalmic Ointment,2016-09-21,0,3.74006,2016-10-19,1,1,1,1,0
2680,Gentamicin Sulfate Ophthalmic Ointment,2017-10-18,0,3.84739,2017-11-22,1,1,1,1,0
2681,Gentamicin Sulfate Ophthalmic Ointment,2016-10-19,0,3.73561,2016-11-23,1,1,1,1,0
2682,Gentamicin Sulfate Ophthalmic Ointment,2017-11-22,0,3.87163,2017-12-20,1,1,1,1,0
2683,Gentamicin Sulfate Ophthalmic Ointment,2016-11-23,0,3.74838,2016-12-21,1,1,1,1,0
2684,Gentamicin Sulfate Ophthalmic Ointment,2017-12-20,0,3.99483,2018-01-17,1,1,1,1,0
2685,Gentamicin Sulfate Ophthalmic Ointment,2016-12-21,0,3.95303,2017-01-18,1,1,1,1,0
2686,Gentamicin Sulfate Ophthalmic Ointment,2015-12-23,0,3.70471,2016-01-20,1,1,1,1,0
2687,Glucagon Injection,2025-01-22,0,1486.1165994736843,2025-02-08,4,9,10,1,0
2688,Glucagon Injection,2025-02-08,0,1872.294674,2025-02-19,4,9,10,1,0
2689,Glucagon Injection,2025-02-19,0,268.55333,2025-03-19,4,9,10,1,0
2690,Glucagon Injection,2025-03-19,0,268.53273,2025-04-23,4,9,10,1,0
2691,Glucagon Injection,2025-04-23,0,237.77146,2025-06-18,4,9,10,1,0
2692,Glucagon Injection,2025-06-18,0,1595.1718,2025-07-23,4,9,10,1,0
2694,Glucagon Injection,2024-11-20,0,238.33559,2024-12-18,4,9,10,1,0
2695,Glucagon Injection,2024-12-18,0,1818.133858,2025-01-22,4,9,10,1,0
2696,Griseofulvin Oral Presentations,2018-01-17,0,4.136058,2018-02-21,5,7,10,0,1
2697,Griseofulvin Oral Presentations,2017-01-18,0,4.12481,2017-02-22,5,7,10,0,1
2698,Griseofulvin Oral Presentations,2016-01-20,0,5.54338,2016-02-17,5,7,10,0,1
2699,Griseofulvin Oral Presentations,2025-01-22,0,0.32586,2025-02-19,5,7,10,0,1
2700,Griseofulvin Oral Presentations,2016-02-17,0,5.213555,2016-03-23,5,7,10,0,1
2701,Griseofulvin Oral Presentations,2025-02-19,0,0.3148,2025-03-19,5,7,10,0,1
2702,Griseofulvin Oral Presentations,2018-02-21,0,4.100204,2018-03-21,5,7,10,0,1
2703,Griseofulvin Oral Presentations,2017-02-22,0,4.06508,2017-03-22,5,7,10,0,1
2704,Griseofulvin Oral Presentations,2025-03-19,0,0.30745,2025-04-23,5,7,10,0,1
2705,Griseofulvin Oral Presentations,2018-03-21,0,5.309349130434783,2018-04-18,5,7,10,0,1
2706,Griseofulvin Oral Presentations,2017-03-22,0,5.15411,2017-04-19,5,7,10,0,1
2707,Griseofulvin Oral Presentations,2016-03-23,0,5.3945050000000005,2016-04-20,5,7,10,0,1
2708,Griseofulvin Oral Presentations,2018-04-18,0,2.8009599999999995,2018-05-23,5,7,10,0,1
2709,Griseofulvin Oral Presentations,2017-04-19,0,5.283675000000001,2017-05-17,5,7,10,0,1
2710,Griseofulvin Oral Presentations,2016-04-20,0,5.562695,2016-05-18,5,7,10,0,1
2711,Griseofulvin Oral Presentations,2025-04-23,0,0.29663,2025-05-21,5,7,10,0,1
2712,Griseofulvin Oral Presentations,2017-05-17,0,3.379712290076336,2017-06-21,5,7,10,0,1
2713,Griseofulvin Oral Presentations,2016-05-18,0,5.665665,2016-06-22,5,7,10,0,1
2714,Griseofulvin Oral Presentations,2025-05-21,0,0.29151,2025-06-18,5,7,10,0,1
2715,Griseofulvin Oral Presentations,2018-05-23,0,2.489486666666666,2018-06-20,5,7,10,0,1
2716,Griseofulvin Oral Presentations,2025-06-18,0,0.29121,2025-07-23,5,7,10,0,1
2717,Griseofulvin Oral Presentations,2018-06-20,0,2.633243333333333,2018-07-18,5,7,10,0,1
2718,Griseofulvin Oral Presentations,2017-06-21,0,4.133054,2017-07-19,5,7,10,0,1
2719,Griseofulvin Oral Presentations,2016-06-22,0,5.460380000000001,2016-07-13,5,7,10,0,1
2720,Griseofulvin Oral Presentations,2016-07-13,0,4.08717,2016-07-20,5,7,10,0,1
2721,Griseofulvin Oral Presentations,2018-07-18,0,4.243007297297297,2018-08-22,5,7,10,0,1
2722,Griseofulvin Oral Presentations,2017-07-19,0,4.124306,2017-08-23,5,7,10,0,1
2723,Griseofulvin Oral Presentations,2016-07-20,0,5.363483333333334,2016-08-17,5,7,10,0,1
2725,Griseofulvin Oral Presentations,2016-08-17,0,5.27292,2016-09-21,5,7,10,0,1
2726,Griseofulvin Oral Presentations,2018-08-22,0,2.9677466666666668,2018-09-19,5,7,10,0,1
2727,Griseofulvin Oral Presentations,2017-08-23,0,4.679957142857143,2017-09-20,5,7,10,0,1
2728,Griseofulvin Oral Presentations,2018-09-19,0,3.7077781818181816,2018-10-17,5,7,10,0,1
2729,Griseofulvin Oral Presentations,2017-09-20,0,2.6643633333333336,2017-10-18,5,7,10,0,1
2730,Griseofulvin Oral Presentations,2016-09-21,0,5.65382,2016-10-19,5,7,10,0,1
2731,Griseofulvin Oral Presentations,2018-10-17,0,0.23395,2018-11-21,5,7,10,0,1
2732,Griseofulvin Oral Presentations,2017-10-18,0,4.071818,2017-11-22,5,7,10,0,1
2733,Griseofulvin Oral Presentations,2016-10-19,0,6.037046428571428,2016-11-23,5,7,10,0,1
2734,Griseofulvin Oral Presentations,2018-11-21,0,1.9555533333333333,2018-12-19,5,7,10,0,1
2735,Griseofulvin Oral Presentations,2017-11-22,0,3.966904,2017-12-20,5,7,10,0,1
2736,Griseofulvin Oral Presentations,2016-11-23,0,4.67919,2016-12-21,5,7,10,0,1
2737,Griseofulvin Oral Presentations,2024-12-18,0,0.33096,2025-01-22,5,7,10,0,1
2739,Griseofulvin Oral Presentations,2017-12-20,0,4.004322,2018-01-17,5,7,10,0,1
2740,Griseofulvin Oral Presentations,2016-12-21,0,5.877284705882353,2017-01-18,5,7,10,0,1
2741,Griseofulvin Oral Presentations,2015-12-23,0,5.33462,2016-01-20,5,7,10,0,1
2742,Guanfacine Hydrochloride Tablets,2018-01-17,0,0.11503,2018-02-21,2,4,4,0,1
2743,Guanfacine Hydrochloride Tablets,2017-01-18,0,0.086045,2017-02-22,2,4,4,0,1
2744,Guanfacine Hydrochloride Tablets,2016-01-20,0,0.083475,2016-02-17,2,4,4,0,1
2745,Guanfacine Hydrochloride Tablets,2025-01-22,0,0.2398549999999999,2025-02-19,2,4,4,0,1
2746,Guanfacine Hydrochloride Tablets,2016-02-17,0,0.083665,2016-03-23,2,4,4,0,1
2747,Guanfacine Hydrochloride Tablets,2025-02-19,0,0.24972,2025-03-19,2,4,4,0,1
2748,Guanfacine Hydrochloride Tablets,2018-02-21,0,0.130455,2018-03-21,2,4,4,0,1
2749,Guanfacine Hydrochloride Tablets,2017-02-22,0,0.088085,2017-03-22,2,4,4,0,1
2750,Guanfacine Hydrochloride Tablets,2025-03-19,0,0.26067,2025-04-23,2,4,4,0,1
2751,Guanfacine Hydrochloride Tablets,2018-03-21,0,0.133355,2018-04-18,2,4,4,0,1
2752,Guanfacine Hydrochloride Tablets,2017-03-22,0,0.084795,2017-04-19,2,4,4,0,1
2753,Guanfacine Hydrochloride Tablets,2016-03-23,0,0.08992,2016-04-20,2,4,4,0,1
2754,Guanfacine Hydrochloride Tablets,2018-04-18,0,0.13853,2018-05-23,2,4,4,0,1
2755,Guanfacine Hydrochloride Tablets,2017-04-19,0,0.087445,2017-05-17,2,4,4,0,1
2756,Guanfacine Hydrochloride Tablets,2016-04-20,0,0.0871649999999999,2016-05-18,2,4,4,0,1
2757,Guanfacine Hydrochloride Tablets,2025-04-23,0,0.24197,2025-05-21,2,4,4,0,1
2758,Guanfacine Hydrochloride Tablets,2017-05-17,0,0.085925,2017-06-21,2,4,4,0,1
2759,Guanfacine Hydrochloride Tablets,2016-05-18,0,0.085805,2016-06-22,2,4,4,0,1
2760,Guanfacine Hydrochloride Tablets,2025-05-21,0,0.243985,2025-06-18,2,4,4,0,1
2761,Guanfacine Hydrochloride Tablets,2018-05-23,0,0.141695,2018-06-20,2,4,4,0,1
2762,Guanfacine Hydrochloride Tablets,2025-06-18,0,0.247865,2025-07-23,2,4,4,0,1
2763,Guanfacine Hydrochloride Tablets,2018-06-20,0,0.1249849999999999,2018-07-18,2,4,4,0,1
2764,Guanfacine Hydrochloride Tablets,2017-06-21,0,0.083405,2017-07-19,2,4,4,0,1
2765,Guanfacine Hydrochloride Tablets,2016-06-22,0,0.082995,2016-07-20,2,4,4,0,1
2766,Guanfacine Hydrochloride Tablets,2018-07-18,0,0.142635,2018-08-22,2,4,4,0,1
2767,Guanfacine Hydrochloride Tablets,2017-07-19,0,0.089365,2017-08-23,2,4,4,0,1
2768,Guanfacine Hydrochloride Tablets,2016-07-20,0,0.08453,2016-08-17,2,4,4,0,1
2770,Guanfacine Hydrochloride Tablets,2016-08-17,0,0.087575,2016-09-21,2,4,4,0,1
2771,Guanfacine Hydrochloride Tablets,2018-08-22,0,0.141,2018-09-19,2,4,4,0,1
2772,Guanfacine Hydrochloride Tablets,2017-08-23,0,0.09169,2017-09-20,2,4,4,0,1
2773,Guanfacine Hydrochloride Tablets,2018-09-19,0,0.137315,2018-10-17,2,4,4,0,1
2774,Guanfacine Hydrochloride Tablets,2017-09-20,0,0.08949,2017-10-18,2,4,4,0,1
2775,Guanfacine Hydrochloride Tablets,2016-09-21,0,0.085225,2016-10-19,2,4,4,0,1
2776,Guanfacine Hydrochloride Tablets,2018-10-17,0,0.154425,2018-11-21,2,4,4,0,1
2777,Guanfacine Hydrochloride Tablets,2017-10-18,0,0.087055,2017-11-22,2,4,4,0,1
2778,Guanfacine Hydrochloride Tablets,2016-10-19,0,0.086245,2016-11-23,2,4,4,0,1
2779,Guanfacine Hydrochloride Tablets,2018-11-21,0,0.1411,2018-12-19,2,4,4,0,1
2780,Guanfacine Hydrochloride Tablets,2017-11-22,0,0.08578,2017-12-20,2,4,4,0,1
2781,Guanfacine Hydrochloride Tablets,2016-11-23,0,0.08538,2016-12-21,2,4,4,0,1
2782,Guanfacine Hydrochloride Tablets,2024-12-18,0,0.24799,2025-01-22,2,4,4,0,1
2784,Guanfacine Hydrochloride Tablets,2017-12-20,0,0.082565,2018-01-17,2,4,4,0,1
2785,Guanfacine Hydrochloride Tablets,2016-12-21,0,0.085285,2017-01-18,2,4,4,0,1
2786,Guanfacine Hydrochloride Tablets,2015-12-23,0,0.08226,2016-01-20,2,4,4,0,1
2787,Haloperidol Decanoate Injection,2018-01-17,0,41.8488,2018-02-21,4,10,12,1,0
2788,Haloperidol Decanoate Injection,2017-01-18,1,39.95791833333333,2017-02-22,4,10,12,1,0
2789,Haloperidol Decanoate Injection,2016-01-20,1,31.05019275862069,2016-02-17,4,10,12,1,0
2790,Haloperidol Decanoate Injection,2025-01-22,0,19.356122857142857,2025-02-19,4,10,12,1,0
2791,Haloperidol Decanoate Injection,2016-02-17,1,48.19557946428571,2016-03-23,4,10,12,1,0
2792,Haloperidol Decanoate Injection,2025-02-19,0,19.342965714285715,2025-03-19,4,10,12,1,0
2793,Haloperidol Decanoate Injection,2018-02-21,0,42.680466,2018-03-21,4,10,12,1,0
2794,Haloperidol Decanoate Injection,2017-02-22,1,38.96653375,2017-03-22,4,10,12,1,0
2795,Haloperidol Decanoate Injection,2025-03-19,0,19.41352142857143,2025-04-23,4,10,12,1,0
2796,Haloperidol Decanoate Injection,2018-03-21,0,31.32227105263157,2018-04-18,4,10,12,1,0
2798,Haloperidol Decanoate Injection,2016-03-23,1,38.93636,2016-04-20,4,10,12,1,0
2799,Haloperidol Decanoate Injection,2018-04-18,0,36.712860625,2018-05-23,4,10,12,1,0
2800,Haloperidol Decanoate Injection,2016-04-20,1,35.181464,2016-05-18,4,10,12,1,0
2801,Haloperidol Decanoate Injection,2025-04-23,0,19.11956,2025-05-21,4,10,12,1,0
2802,Haloperidol Decanoate Injection,2016-05-18,1,35.747054,2016-06-22,4,10,12,1,0
2803,Haloperidol Decanoate Injection,2025-05-21,0,18.418372857142856,2025-06-18,4,10,12,1,0
2804,Haloperidol Decanoate Injection,2018-05-23,0,40.57855,2018-06-20,4,10,12,1,0
2805,Haloperidol Decanoate Injection,2025-06-18,0,18.16027,2025-07-23,4,10,12,1,0
2806,Haloperidol Decanoate Injection,2018-06-20,0,38.83147707317073,2018-07-18,4,10,12,1,0
2807,Haloperidol Decanoate Injection,2016-06-22,1,35.88254625,2016-07-20,4,10,12,1,0
2808,Haloperidol Decanoate Injection,2018-07-18,0,42.13125,2018-08-22,4,10,12,1,0
2809,Haloperidol Decanoate Injection,2016-07-20,1,35.47738,2016-08-17,4,10,12,1,0
2811,Haloperidol Decanoate Injection,2016-08-17,1,37.60750875,2016-09-21,4,10,12,1,0
2812,Haloperidol Decanoate Injection,2018-08-22,0,24.644,2018-09-19,4,10,12,1,0
2813,Haloperidol Decanoate Injection,2017-08-23,0,41.825,2017-09-20,4,10,12,1,0
2814,Haloperidol Decanoate Injection,2018-09-19,0,31.588945,2018-10-17,4,10,12,1,0
2815,Haloperidol Decanoate Injection,2017-09-20,0,40.32475,2017-10-18,4,10,12,1,0
2816,Haloperidol Decanoate Injection,2016-09-21,1,38.50333121212122,2016-10-19,4,10,12,1,0
2818,Haloperidol Decanoate Injection,2017-10-18,0,44.373645,2017-11-22,4,10,12,1,0
2819,Haloperidol Decanoate Injection,2016-10-19,1,36.86862142857143,2016-11-23,4,10,12,1,0
2820,Haloperidol Decanoate Injection,2015-11-18,1,48.15311,2015-12-23,4,10,12,1,0
2821,Haloperidol Decanoate Injection,2017-11-22,0,40.34021063829788,2017-12-20,4,10,12,1,0
2822,Haloperidol Decanoate Injection,2016-11-23,1,44.215418,2016-12-21,4,10,12,1,0
2823,Haloperidol Decanoate Injection,2024-12-18,0,19.44986,2025-01-22,4,10,12,1,0
2825,Haloperidol Decanoate Injection,2017-12-20,0,46.13516,2018-01-17,4,10,12,1,0
2826,Haloperidol Decanoate Injection,2016-12-21,1,50.26902,2017-01-18,4,10,12,1,0
2827,Haloperidol Decanoate Injection,2015-12-23,1,35.005748,2016-01-20,4,10,12,1,0
2828,Haloperidol Lactate Injection,2025-01-22,1,0.79169,2025-02-19,6,8,9,1,0
2829,Haloperidol Lactate Injection,2025-02-19,1,0.78087,2025-03-19,6,8,9,1,0
2830,Haloperidol Lactate Injection,2025-03-19,1,0.77418,2025-04-23,6,8,9,1,0
2832,Haloperidol Lactate Injection,2025-04-23,1,0.75536,2025-05-21,6,8,9,1,0
2833,Haloperidol Lactate Injection,2025-05-21,1,0.7415,2025-06-18,6,8,9,1,0
2834,Haloperidol Lactate Injection,2025-06-18,1,0.73699,2025-07-23,6,8,9,1,0
2835,Haloperidol Lactate Injection,2016-06-22,1,3.03328,2016-08-17,6,8,9,1,0
2838,Haloperidol Lactate Injection,2024-12-18,1,0.79099,2025-01-22,6,8,9,1,0
2839,Haloperidol Tablets,2018-01-17,0,0.4513044444444445,2018-02-21,3,13,14,0,1
2840,Haloperidol Tablets,2017-01-18,0,0.5874444444444444,2017-02-22,3,13,14,0,1
2841,Haloperidol Tablets,2016-01-20,0,0.56913125,2016-02-17,3,13,14,0,1
2842,Haloperidol Tablets,2025-01-22,0,0.2704211111111111,2025-02-19,3,13,14,0,1
2843,Haloperidol Tablets,2016-02-17,0,0.6448011111111112,2016-03-23,3,13,14,0,1
2844,Haloperidol Tablets,2025-02-19,0,0.2656733333333333,2025-03-19,3,13,14,0,1
2845,Haloperidol Tablets,2018-02-21,0,0.4912888888888889,2018-03-21,3,13,14,0,1
2846,Haloperidol Tablets,2017-02-22,0,0.7168336363636364,2017-03-22,3,13,14,0,1
2847,Haloperidol Tablets,2025-03-19,0,0.2829333333333333,2025-04-23,3,13,14,0,1
2848,Haloperidol Tablets,2018-03-21,0,0.4863477777777778,2018-04-18,3,13,14,0,1
2849,Haloperidol Tablets,2017-03-22,0,0.4370525,2017-04-19,3,13,14,0,1
2850,Haloperidol Tablets,2016-03-23,0,0.6792222222222222,2016-04-20,3,13,14,0,1
2851,Haloperidol Tablets,2018-04-18,0,0.6638005660377359,2018-05-23,3,13,14,0,1
2852,Haloperidol Tablets,2017-04-19,0,0.42611875,2017-05-17,3,13,14,0,1
2853,Haloperidol Tablets,2016-04-20,0,0.6869811111111112,2016-05-18,3,13,14,0,1
2854,Haloperidol Tablets,2025-04-23,0,0.2623322222222222,2025-05-21,3,13,14,0,1
2855,Haloperidol Tablets,2017-05-17,0,0.5240577777777777,2017-06-21,3,13,14,0,1
2856,Haloperidol Tablets,2016-05-18,0,0.6149144444444444,2016-06-22,3,13,14,0,1
2857,Haloperidol Tablets,2025-05-21,0,0.2539677777777778,2025-06-18,3,13,14,0,1
2858,Haloperidol Tablets,2018-05-23,0,0.37931,2018-06-20,3,13,14,0,1
2859,Haloperidol Tablets,2025-06-18,0,0.2347311111111111,2025-07-23,3,13,14,0,1
2860,Haloperidol Tablets,2018-06-20,0,0.3992375,2018-07-18,3,13,14,0,1
2861,Haloperidol Tablets,2017-06-21,0,0.5036855555555556,2017-07-19,3,13,14,0,1
2862,Haloperidol Tablets,2016-06-22,0,0.6412811111111112,2016-07-20,3,13,14,0,1
2863,Haloperidol Tablets,2018-07-18,0,0.5220266666666666,2018-08-22,3,13,14,0,1
2864,Haloperidol Tablets,2017-07-19,0,0.4876977777777778,2017-08-23,3,13,14,0,1
2865,Haloperidol Tablets,2016-07-20,0,0.6618211111111111,2016-08-17,3,13,14,0,1
2867,Haloperidol Tablets,2016-08-17,0,0.60514,2016-09-21,3,13,14,0,1
2868,Haloperidol Tablets,2018-08-22,1,0.4675111111111111,2018-09-19,3,13,14,0,1
2869,Haloperidol Tablets,2017-08-23,0,0.5626089999999999,2017-09-20,3,13,14,0,1
2870,Haloperidol Tablets,2018-09-19,1,0.4443122222222222,2018-10-17,3,13,14,0,1
2871,Haloperidol Tablets,2017-09-20,0,0.40556125,2017-10-18,3,13,14,0,1
2872,Haloperidol Tablets,2016-09-21,0,0.6364044444444444,2016-10-19,3,13,14,0,1
2873,Haloperidol Tablets,2018-10-17,1,0.4466754716981132,2018-11-21,3,13,14,0,1
2874,Haloperidol Tablets,2017-10-18,0,0.4761844444444444,2017-11-22,3,13,14,0,1
2875,Haloperidol Tablets,2016-10-19,0,0.59633,2016-11-23,3,13,14,0,1
2876,Haloperidol Tablets,2018-11-21,1,0.3846007692307692,2018-12-19,3,13,14,0,1
2877,Haloperidol Tablets,2017-11-22,0,0.525937,2017-12-20,3,13,14,0,1
2878,Haloperidol Tablets,2016-11-23,0,0.5820211111111111,2016-12-21,3,13,14,0,1
2879,Haloperidol Tablets,2024-12-18,0,0.2668066666666667,2025-01-22,3,13,14,0,1
2881,Haloperidol Tablets,2017-12-20,0,0.36169,2018-01-17,3,13,14,0,1
2882,Haloperidol Tablets,2016-12-21,0,0.5688844444444444,2017-01-18,3,13,14,0,1
2883,Haloperidol Tablets,2015-12-23,0,0.8281709090909092,2016-01-20,3,13,14,0,1
2884,Hydrocortisone Oral Tablets,2018-01-17,0,0.249555,2018-02-21,4,10,10,0,1
2885,Hydrocortisone Oral Tablets,2017-01-18,0,0.32494,2017-02-22,4,10,10,0,1
2886,Hydrocortisone Oral Tablets,2016-01-20,0,0.3645875,2016-02-17,4,10,10,0,1
2887,Hydrocortisone Oral Tablets,2025-01-22,0,0.2498666666666666,2025-02-19,4,10,10,0,1
2888,Hydrocortisone Oral Tablets,2016-02-17,0,0.36073,2016-03-23,4,10,10,0,1
2889,Hydrocortisone Oral Tablets,2025-02-19,0,0.2490566666666666,2025-03-19,4,10,10,0,1
2890,Hydrocortisone Oral Tablets,2018-02-21,0,0.2805075,2018-03-21,4,10,10,0,1
2891,Hydrocortisone Oral Tablets,2017-02-22,0,0.32962,2017-03-22,4,10,10,0,1
2892,Hydrocortisone Oral Tablets,2025-03-19,0,0.24262,2025-04-23,4,10,10,0,1
2893,Hydrocortisone Oral Tablets,2018-03-21,0,0.285185,2018-04-18,4,10,10,0,1
2894,Hydrocortisone Oral Tablets,2017-03-22,0,0.3007425,2017-04-19,4,10,10,0,1
2895,Hydrocortisone Oral Tablets,2016-03-23,0,0.3828475,2016-04-20,4,10,10,0,1
2896,Hydrocortisone Oral Tablets,2018-04-18,0,0.261985,2018-05-23,4,10,10,0,1
2897,Hydrocortisone Oral Tablets,2017-04-19,0,0.2931325,2017-05-17,4,10,10,0,1
2898,Hydrocortisone Oral Tablets,2016-04-20,0,0.3652175,2016-05-18,4,10,10,0,1
2899,Hydrocortisone Oral Tablets,2025-04-23,0,0.25349,2025-05-21,4,10,10,0,1
2900,Hydrocortisone Oral Tablets,2017-05-17,0,0.2809724999999999,2017-06-21,4,10,10,0,1
2901,Hydrocortisone Oral Tablets,2016-05-18,0,0.367575,2016-06-22,4,10,10,0,1
2902,Hydrocortisone Oral Tablets,2025-05-21,0,0.2719433333333333,2025-06-18,4,10,10,0,1
2903,Hydrocortisone Oral Tablets,2018-05-23,0,0.288265,2018-06-20,4,10,10,0,1
2904,Hydrocortisone Oral Tablets,2025-06-18,0,0.2780933333333333,2025-07-23,4,10,10,0,1
2905,Hydrocortisone Oral Tablets,2018-06-20,0,0.261525,2018-07-18,4,10,10,0,1
2906,Hydrocortisone Oral Tablets,2017-06-21,0,0.2931625,2017-07-19,4,10,10,0,1
2907,Hydrocortisone Oral Tablets,2016-06-22,0,0.3701375,2016-07-20,4,10,10,0,1
2908,Hydrocortisone Oral Tablets,2018-07-18,0,0.2422775,2018-08-22,4,10,10,0,1
2909,Hydrocortisone Oral Tablets,2017-07-19,0,0.28344,2017-08-23,4,10,10,0,1
2910,Hydrocortisone Oral Tablets,2016-07-20,0,0.3543825,2016-08-17,4,10,10,0,1
2912,Hydrocortisone Oral Tablets,2016-08-17,0,0.37306,2016-09-21,4,10,10,0,1
2913,Hydrocortisone Oral Tablets,2018-08-22,0,0.266155,2018-09-19,4,10,10,0,1
2914,Hydrocortisone Oral Tablets,2017-08-23,0,0.301405,2017-09-20,4,10,10,0,1
2915,Hydrocortisone Oral Tablets,2018-09-19,0,0.252155,2018-10-17,4,10,10,0,1
2916,Hydrocortisone Oral Tablets,2017-09-20,0,0.2931725,2017-10-18,4,10,10,0,1
2917,Hydrocortisone Oral Tablets,2016-09-21,0,0.3519474999999999,2016-10-19,4,10,10,0,1
2918,Hydrocortisone Oral Tablets,2018-10-17,0,0.2301875,2018-11-21,4,10,10,0,1
2919,Hydrocortisone Oral Tablets,2017-10-18,0,0.2954825,2017-11-22,4,10,10,0,1
2920,Hydrocortisone Oral Tablets,2016-10-19,0,0.371905,2016-11-23,4,10,10,0,1
2921,Hydrocortisone Oral Tablets,2018-11-21,0,0.2178,2018-12-19,4,10,10,0,1
2922,Hydrocortisone Oral Tablets,2017-11-22,0,0.28713,2017-12-20,4,10,10,0,1
2923,Hydrocortisone Oral Tablets,2016-11-23,0,0.359305,2016-12-21,4,10,10,0,1
2924,Hydrocortisone Oral Tablets,2024-12-18,0,0.2640266666666667,2025-01-22,4,10,10,0,1
2926,Hydrocortisone Oral Tablets,2017-12-20,0,0.2830625,2018-01-17,4,10,10,0,1
2927,Hydrocortisone Oral Tablets,2016-12-21,0,0.3418025,2017-01-18,4,10,10,0,1
2928,Hydrocortisone Oral Tablets,2015-12-23,0,0.3666025,2016-01-20,4,10,10,0,1
2929,Hydroxychloroquine Sulfate Tablets,2018-01-17,0,0.41469,2018-02-21,5,5,7,0,1
2930,Hydroxychloroquine Sulfate Tablets,2017-01-18,0,1.13996,2017-02-22,5,5,7,0,1
2931,Hydroxychloroquine Sulfate Tablets,2016-01-20,1,1.7843,2016-02-17,5,5,7,0,1
2932,Hydroxychloroquine Sulfate Tablets,2025-01-22,0,0.15127,2025-02-19,5,5,7,0,1
2933,Hydroxychloroquine Sulfate Tablets,2016-02-17,1,2.361474285714286,2016-03-23,5,5,7,0,1
2934,Hydroxychloroquine Sulfate Tablets,2025-02-19,0,0.16194,2025-03-19,5,5,7,0,1
2935,Hydroxychloroquine Sulfate Tablets,2018-02-21,0,0.3790799999999999,2018-03-21,5,5,7,0,1
2936,Hydroxychloroquine Sulfate Tablets,2017-02-22,0,0.76279,2017-03-22,5,5,7,0,1
2937,Hydroxychloroquine Sulfate Tablets,2025-03-19,0,0.16568,2025-04-23,5,5,7,0,1
2938,Hydroxychloroquine Sulfate Tablets,2018-03-21,0,0.4397499999999999,2018-04-18,5,5,7,0,1
2939,Hydroxychloroquine Sulfate Tablets,2017-03-22,0,0.70958,2017-04-19,5,5,7,0,1
2940,Hydroxychloroquine Sulfate Tablets,2016-03-23,1,4.139695555555555,2016-04-20,5,5,7,0,1
2941,Hydroxychloroquine Sulfate Tablets,2018-04-18,0,0.35671,2018-05-23,5,5,7,0,1
2942,Hydroxychloroquine Sulfate Tablets,2017-04-19,0,0.62219,2017-05-17,5,5,7,0,1
2943,Hydroxychloroquine Sulfate Tablets,2016-04-20,1,1.63839,2016-05-18,5,5,7,0,1
2944,Hydroxychloroquine Sulfate Tablets,2025-04-23,0,0.16435,2025-05-21,5,5,7,0,1
2945,Hydroxychloroquine Sulfate Tablets,2017-05-17,0,0.5636,2017-06-21,5,5,7,0,1
2946,Hydroxychloroquine Sulfate Tablets,2016-05-18,1,1.43352,2016-06-22,5,5,7,0,1
2947,Hydroxychloroquine Sulfate Tablets,2025-05-21,0,0.15821,2025-06-18,5,5,7,0,1
2948,Hydroxychloroquine Sulfate Tablets,2018-05-23,0,0.45252,2018-06-13,5,5,7,0,1
2949,Hydroxychloroquine Sulfate Tablets,2018-06-13,0,0.45252,2018-06-20,5,5,7,0,1
2950,Hydroxychloroquine Sulfate Tablets,2025-06-18,0,0.15808,2025-07-23,5,5,7,0,1
2951,Hydroxychloroquine Sulfate Tablets,2018-06-20,0,0.46854,2018-07-18,5,5,7,0,1
2952,Hydroxychloroquine Sulfate Tablets,2017-06-21,0,0.57491,2017-07-01,5,5,7,0,1
2953,Hydroxychloroquine Sulfate Tablets,2016-06-22,0,1.35686,2016-07-20,5,5,7,0,1
2954,Hydroxychloroquine Sulfate Tablets,2017-07-01,0,9.21485,2017-07-19,5,5,7,0,1
2955,Hydroxychloroquine Sulfate Tablets,2018-07-18,0,0.38109,2018-07-25,5,5,7,0,1
2956,Hydroxychloroquine Sulfate Tablets,2017-07-19,0,0.50342,2017-08-23,5,5,7,0,1
2957,Hydroxychloroquine Sulfate Tablets,2016-07-20,0,1.3139,2016-08-17,5,5,7,0,1
2959,Hydroxychloroquine Sulfate Tablets,2018-07-25,0,0.38109,2018-08-22,5,5,7,0,1
2960,Hydroxychloroquine Sulfate Tablets,2016-08-17,0,1.20495,2016-09-21,5,5,7,0,1
2961,Hydroxychloroquine Sulfate Tablets,2018-08-22,0,0.41084,2018-09-19,5,5,7,0,1
2962,Hydroxychloroquine Sulfate Tablets,2017-08-23,0,0.47611,2017-09-20,5,5,7,0,1
2963,Hydroxychloroquine Sulfate Tablets,2018-09-19,0,0.34475,2018-10-03,5,5,7,0,1
2964,Hydroxychloroquine Sulfate Tablets,2017-09-20,0,0.48828,2017-10-18,5,5,7,0,1
2965,Hydroxychloroquine Sulfate Tablets,2016-09-21,0,1.01734,2016-10-19,5,5,7,0,1
2966,Hydroxychloroquine Sulfate Tablets,2018-10-03,0,0.34475,2018-10-17,5,5,7,0,1
2967,Hydroxychloroquine Sulfate Tablets,2018-10-17,0,0.41477,2018-11-21,5,5,7,0,1
2968,Hydroxychloroquine Sulfate Tablets,2017-10-18,0,0.45503,2017-11-22,5,5,7,0,1
2969,Hydroxychloroquine Sulfate Tablets,2016-10-19,0,1.182090322580645,2016-10-20,5,5,7,0,1
2970,Hydroxychloroquine Sulfate Tablets,2016-10-20,0,8.30167,2016-11-23,5,5,7,0,1
2971,Hydroxychloroquine Sulfate Tablets,2018-11-21,0,0.30626,2018-12-19,5,5,7,0,1
2972,Hydroxychloroquine Sulfate Tablets,2017-11-22,0,0.4977799999999999,2017-12-20,5,5,7,0,1
2973,Hydroxychloroquine Sulfate Tablets,2016-11-23,0,0.92781,2016-12-21,5,5,7,0,1
2974,Hydroxychloroquine Sulfate Tablets,2024-12-18,0,0.15462,2025-01-22,5,5,7,0,1
2976,Hydroxychloroquine Sulfate Tablets,2017-12-20,0,0.38086,2018-01-17,5,5,7,0,1
2977,Hydroxychloroquine Sulfate Tablets,2016-12-21,0,0.93514,2017-01-18,5,5,7,0,1
2978,Hydroxychloroquine Sulfate Tablets,2015-12-23,1,3.2997266666666665,2016-01-20,5,5,7,0,1
2979,Hydroxyurea capsules (Droxia),2025-01-22,0,0.7478466666666667,2025-02-19,1,3,3,0,1
2980,Hydroxyurea capsules (Droxia),2025-02-19,0,0.7472466666666667,2025-03-19,1,3,3,0,1
2981,Hydroxyurea capsules (Droxia),2025-03-19,0,0.7469266666666667,2025-04-23,1,3,3,0,1
2982,Hydroxyurea capsules (Droxia),2025-04-23,0,0.7471266666666666,2025-05-21,1,3,3,0,1
2983,Hydroxyurea capsules (Droxia),2025-05-21,0,0.74812,2025-06-18,1,3,3,0,1
2984,Hydroxyurea capsules (Droxia),2025-06-18,0,0.7480600000000001,2025-07-23,1,3,3,0,1
2986,Hydroxyurea capsules (Droxia),2024-12-18,0,0.7470466666666666,2025-01-22,1,3,3,0,1
2987,Ibuprofen Oral Suspension (Prescription Products Only),2018-01-17,0,0.040885,2018-02-21,2,2,4,1,0
2988,Ibuprofen Oral Suspension (Prescription Products Only),2025-01-22,0,0.03048,2025-02-19,2,2,4,1,0
2989,Ibuprofen Oral Suspension (Prescription Products Only),2025-02-19,0,0.0316,2025-03-19,2,2,4,1,0
2990,Ibuprofen Oral Suspension (Prescription Products Only),2018-02-21,0,0.04205,2018-03-21,2,2,4,1,0
2991,Ibuprofen Oral Suspension (Prescription Products Only),2025-03-19,0,0.0328349999999999,2025-04-23,2,2,4,1,0
2992,Ibuprofen Oral Suspension (Prescription Products Only),2018-03-21,0,0.041855,2018-04-18,2,2,4,1,0
2993,Ibuprofen Oral Suspension (Prescription Products Only),2018-04-18,0,0.0433107142857142,2018-05-23,2,2,4,1,0
2994,Ibuprofen Oral Suspension (Prescription Products Only),2025-04-23,0,0.032955,2025-05-21,2,2,4,1,0
2995,Ibuprofen Oral Suspension (Prescription Products Only),2025-05-21,0,0.033005,2025-06-18,2,2,4,1,0
2996,Ibuprofen Oral Suspension (Prescription Products Only),2018-05-23,0,0.04018,2018-06-20,2,2,4,1,0
2997,Ibuprofen Oral Suspension (Prescription Products Only),2025-06-18,0,0.033275,2025-07-23,2,2,4,1,0
2998,Ibuprofen Oral Suspension (Prescription Products Only),2018-06-20,0,0.03764,2018-07-18,2,2,4,1,0
2999,Ibuprofen Oral Suspension (Prescription Products Only),2018-07-18,0,0.03696,2018-08-22,2,2,4,1,0
3001,Ibuprofen Oral Suspension (Prescription Products Only),2018-08-22,0,0.04006,2018-09-19,2,2,4,1,0
3002,Ibuprofen Oral Suspension (Prescription Products Only),2018-09-19,0,0.0385715384615384,2018-10-17,2,2,4,1,0
3003,Ibuprofen Oral Suspension (Prescription Products Only),2018-10-17,0,0.03861,2018-11-21,2,2,4,1,0
3004,Ibuprofen Oral Suspension (Prescription Products Only),2017-10-18,0,0.04491,2017-11-22,2,2,4,1,0
3005,Ibuprofen Oral Suspension (Prescription Products Only),2018-11-21,0,0.039525,2018-12-19,2,2,4,1,0
3006,Ibuprofen Oral Suspension (Prescription Products Only),2017-11-22,0,0.0412499999999999,2017-12-20,2,2,4,1,0
3007,Ibuprofen Oral Suspension (Prescription Products Only),2024-12-18,0,0.03032,2025-01-22,2,2,4,1,0
3009,Ibuprofen Oral Suspension (Prescription Products Only),2017-12-20,0,0.038835,2018-01-17,2,2,4,1,0
3011,Indomethacin Capsules,2018-01-17,1,0.1002199999999999,2018-02-21,2,4,6,0,1
3012,Indomethacin Capsules,2017-01-18,1,0.11725,2017-02-22,2,4,6,0,1
3013,Indomethacin Capsules,2016-01-20,0,0.130795,2016-02-17,2,4,6,0,1
3014,Indomethacin Capsules,2025-01-22,0,0.1005499999999999,2025-02-19,2,4,6,0,1
3015,Indomethacin Capsules,2016-02-17,0,0.129425,2016-03-23,2,4,6,0,1
3016,Indomethacin Capsules,2025-02-19,0,0.10404,2025-03-19,2,4,6,0,1
3017,Indomethacin Capsules,2018-02-21,1,0.105385,2018-03-21,2,4,6,0,1
3018,Indomethacin Capsules,2017-02-22,1,0.122445,2017-03-22,2,4,6,0,1
3019,Indomethacin Capsules,2025-03-19,0,0.110465,2025-04-23,2,4,6,0,1
3020,Indomethacin Capsules,2018-03-21,1,0.1064249999999999,2018-04-18,2,4,6,0,1
3021,Indomethacin Capsules,2017-03-22,1,0.11774,2017-04-19,2,4,6,0,1
3022,Indomethacin Capsules,2016-03-23,0,0.12539,2016-04-20,2,4,6,0,1
3023,Indomethacin Capsules,2018-04-18,1,0.094215,2018-05-23,2,4,6,0,1
3024,Indomethacin Capsules,2017-04-19,1,0.1114049999999999,2017-05-17,2,4,6,0,1
3025,Indomethacin Capsules,2016-04-20,1,0.12867,2016-05-18,2,4,6,0,1
3026,Indomethacin Capsules,2025-04-23,0,0.11048,2025-05-21,2,4,6,0,1
3027,Indomethacin Capsules,2017-05-17,1,0.116105,2017-06-21,2,4,6,0,1
3028,Indomethacin Capsules,2016-05-18,1,0.1107949999999999,2016-06-22,2,4,6,0,1
3029,Indomethacin Capsules,2025-05-21,0,0.113625,2025-06-18,2,4,6,0,1
3030,Indomethacin Capsules,2018-05-23,1,0.09727,2018-06-20,2,4,6,0,1
3031,Indomethacin Capsules,2025-06-18,0,0.11669,2025-07-23,2,4,6,0,1
3032,Indomethacin Capsules,2018-06-20,1,0.09451,2018-07-18,2,4,6,0,1
3033,Indomethacin Capsules,2017-06-21,1,0.117085,2017-07-19,2,4,6,0,1
3034,Indomethacin Capsules,2016-06-22,1,0.099975,2016-07-20,2,4,6,0,1
3035,Indomethacin Capsules,2018-07-18,1,0.096835,2018-08-22,2,4,6,0,1
3036,Indomethacin Capsules,2017-07-19,1,0.10996,2017-08-23,2,4,6,0,1
3037,Indomethacin Capsules,2016-07-20,1,0.1234799999999999,2016-08-17,2,4,6,0,1
3039,Indomethacin Capsules,2016-08-17,1,0.13488,2016-09-21,2,4,6,0,1
3040,Indomethacin Capsules,2018-08-22,1,0.10023,2018-09-19,2,4,6,0,1
3041,Indomethacin Capsules,2017-08-23,1,0.1158899999999999,2017-09-20,2,4,6,0,1
3042,Indomethacin Capsules,2018-09-19,1,0.091675,2018-10-17,2,4,6,0,1
3043,Indomethacin Capsules,2017-09-20,1,0.104175,2017-10-18,2,4,6,0,1
3044,Indomethacin Capsules,2016-09-21,1,0.11597,2016-10-19,2,4,6,0,1
3045,Indomethacin Capsules,2018-10-17,1,0.09222,2018-11-21,2,4,6,0,1
3046,Indomethacin Capsules,2017-10-18,1,0.115025,2017-11-22,2,4,6,0,1
3047,Indomethacin Capsules,2016-10-19,1,0.115925,2016-11-23,2,4,6,0,1
3048,Indomethacin Capsules,2018-11-21,1,0.095955,2018-12-19,2,4,6,0,1
3049,Indomethacin Capsules,2017-11-22,1,0.10064,2017-12-20,2,4,6,0,1
3050,Indomethacin Capsules,2016-11-23,1,0.1178,2016-12-21,2,4,6,0,1
3051,Indomethacin Capsules,2024-12-18,0,0.10261,2025-01-22,2,4,6,0,1
3053,Indomethacin Capsules,2017-12-20,1,0.111535,2018-01-17,2,4,6,0,1
3054,Indomethacin Capsules,2016-12-21,1,0.125575,2017-01-18,2,4,6,0,1
3055,Indomethacin Capsules,2015-12-23,0,0.122455,2016-01-20,2,4,6,0,1
3056,Insulin Aspart Injection,2025-01-22,1,8.167133333333332,2025-02-19,2,12,12,1,0
3057,Insulin Aspart Injection,2025-02-19,1,8.169076666666667,2025-03-19,2,12,12,1,0
3058,Insulin Aspart Injection,2025-03-19,1,8.17324,2025-04-23,2,12,12,1,0
3059,Insulin Aspart Injection,2025-04-23,1,8.17433,2025-05-21,2,12,12,1,0
3060,Insulin Aspart Injection,2025-05-21,1,8.170160000000001,2025-06-18,2,12,12,1,0
3061,Insulin Aspart Injection,2025-06-18,1,8.164813333333333,2025-07-23,2,12,12,1,0
3063,Insulin Aspart Injection,2024-12-18,1,8.166723333333332,2025-01-22,2,12,12,1,0
3064,Insulin Aspart Protamine and Insulin Aspart Mix,2025-01-22,0,7.95222,2025-02-19,2,4,4,0,1
3065,Insulin Aspart Protamine and Insulin Aspart Mix,2025-02-19,0,7.959985,2025-03-19,2,4,4,0,1
3066,Insulin Aspart Protamine and Insulin Aspart Mix,2025-03-19,0,7.960715,2025-04-23,2,4,4,0,1
3067,Insulin Aspart Protamine and Insulin Aspart Mix,2025-04-23,0,7.960929999999999,2025-05-21,2,4,4,0,1
3068,Insulin Aspart Protamine and Insulin Aspart Mix,2025-05-21,0,7.95918,2025-06-18,2,4,4,0,1
3069,Insulin Aspart Protamine and Insulin Aspart Mix,2025-06-18,0,7.96205,2025-07-23,2,4,4,0,1
3071,Insulin Aspart Protamine and Insulin Aspart Mix,2024-12-18,0,7.953975,2025-01-22,2,4,4,0,1
3072,Isoniazid Tablets,2025-01-01,1,0.22193,2025-01-22,3,5,7,0,1
3073,Isoniazid Tablets,2018-01-17,0,0.12906,2018-02-21,3,5,7,0,1
3074,Isoniazid Tablets,2017-01-18,0,0.15304,2017-02-22,3,5,7,0,1
3075,Isoniazid Tablets,2016-01-20,0,0.18388,2016-02-17,3,5,7,0,1
3077,Isoniazid Tablets,2016-02-17,0,0.16293,2016-03-23,3,5,7,0,1
3078,Isoniazid Tablets,2018-02-21,0,0.15501,2018-03-21,3,5,7,0,1
3079,Isoniazid Tablets,2017-02-22,0,0.16757,2017-03-22,3,5,7,0,1
3080,Isoniazid Tablets,2018-03-21,0,0.13915,2018-04-18,3,5,7,0,1
3081,Isoniazid Tablets,2017-03-22,0,0.13759,2017-04-19,3,5,7,0,1
3082,Isoniazid Tablets,2016-03-23,0,0.1658,2016-04-20,3,5,7,0,1
3083,Isoniazid Tablets,2018-04-18,0,0.14364,2018-05-23,3,5,7,0,1
3084,Isoniazid Tablets,2017-04-19,0,0.14474,2017-05-17,3,5,7,0,1
3085,Isoniazid Tablets,2016-04-20,0,0.1959,2016-05-18,3,5,7,0,1
3086,Isoniazid Tablets,2017-05-17,0,0.13683,2017-06-21,3,5,7,0,1
3087,Isoniazid Tablets,2016-05-18,0,0.17561,2016-06-22,3,5,7,0,1
3088,Isoniazid Tablets,2025-05-21,0,3.12822,2025-06-18,3,5,7,0,1
3089,Isoniazid Tablets,2018-05-23,0,0.14459,2018-06-20,3,5,7,0,1
3090,Isoniazid Tablets,2025-06-18,0,3.14031,2025-07-23,3,5,7,0,1
3091,Isoniazid Tablets,2018-06-20,0,0.15072,2018-07-18,3,5,7,0,1
3092,Isoniazid Tablets,2017-06-21,0,0.13828,2017-07-19,3,5,7,0,1
3093,Isoniazid Tablets,2016-06-22,0,0.14033,2016-07-20,3,5,7,0,1
3094,Isoniazid Tablets,2018-07-18,0,0.15462,2018-08-22,3,5,7,0,1
3095,Isoniazid Tablets,2017-07-19,0,0.14146,2017-08-23,3,5,7,0,1
3096,Isoniazid Tablets,2016-07-20,0,0.14032,2016-08-17,3,5,7,0,1
3098,Isoniazid Tablets,2016-08-17,0,0.17323,2016-09-21,3,5,7,0,1
3099,Isoniazid Tablets,2018-08-22,0,0.18885,2018-09-19,3,5,7,0,1
3100,Isoniazid Tablets,2017-08-23,0,0.16141,2017-09-20,3,5,7,0,1
3101,Isoniazid Tablets,2018-09-19,0,0.2167,2018-10-17,3,5,7,0,1
3102,Isoniazid Tablets,2017-09-20,0,0.14928,2017-10-18,3,5,7,0,1
3103,Isoniazid Tablets,2016-09-21,0,0.15263,2016-10-19,3,5,7,0,1
3104,Isoniazid Tablets,2018-10-17,0,0.18703,2018-11-21,3,5,7,0,1
3105,Isoniazid Tablets,2017-10-18,0,0.15436,2017-11-22,3,5,7,0,1
3106,Isoniazid Tablets,2016-10-19,0,0.17278,2016-11-23,3,5,7,0,1
3107,Isoniazid Tablets,2018-11-21,0,0.18828,2018-12-19,3,5,7,0,1
3108,Isoniazid Tablets,2017-11-22,0,0.14328,2017-12-20,3,5,7,0,1
3109,Isoniazid Tablets,2016-11-23,0,0.15376,2016-12-21,3,5,7,0,1
3110,Isoniazid Tablets,2024-12-18,1,0.22193,2025-01-01,3,5,7,0,1
3112,Isoniazid Tablets,2017-12-20,0,0.16037,2018-01-17,3,5,7,0,1
3113,Isoniazid Tablets,2016-12-21,0,0.16435,2017-01-18,3,5,7,0,1
3114,Isoniazid Tablets,2015-12-23,0,0.1756,2016-01-20,3,5,7,0,1
3115,Isradipine Capsules,2025-01-22,0,2.54235,2025-02-19,2,4,4,0,1
3117,Isradipine Capsules,2025-02-19,0,2.53707,2025-03-19,2,4,4,0,1
3118,Isradipine Capsules,2025-03-19,0,2.53795,2025-04-23,2,4,4,0,1
3120,Isradipine Capsules,2025-04-23,0,2.50975,2025-05-21,2,4,4,0,1
3121,Isradipine Capsules,2025-05-21,0,2.52798,2025-06-18,2,4,4,0,1
3122,Isradipine Capsules,2025-06-18,0,2.4815,2025-07-23,2,4,4,0,1
3123,Isradipine Capsules,2016-06-22,0,1.42758,2016-07-20,2,4,4,0,1
3125,Isradipine Capsules,2016-07-20,0,1.32142,2016-08-17,2,4,4,0,1
3127,Isradipine Capsules,2016-08-17,0,1.30926,2016-09-21,2,4,4,0,1
3128,Isradipine Capsules,2016-09-21,0,1.37897,2016-10-19,2,4,4,0,1
3131,Isradipine Capsules,2024-12-18,0,2.52389,2025-01-22,2,4,4,0,1
3133,Ketorolac Injection,2017-01-18,1,1.26353,2017-02-22,8,20,21,1,0
3134,Ketorolac Injection,2016-01-20,1,1.35961,2016-02-17,8,20,21,1,0
3135,Ketorolac Injection,2025-01-22,0,0.9062366666666668,2025-02-19,8,20,21,1,0
3136,Ketorolac Injection,2016-02-17,1,1.672595,2016-03-23,8,20,21,1,0
3137,Ketorolac Injection,2025-02-19,0,0.9340329411764706,2025-03-19,8,20,21,1,0
3138,Ketorolac Injection,2018-02-21,1,1.13251,2018-03-21,8,20,21,1,0
3139,Ketorolac Injection,2017-02-22,1,1.16193,2017-03-22,8,20,21,1,0
3140,Ketorolac Injection,2025-03-19,0,0.950405,2025-04-23,8,20,21,1,0
3142,Ketorolac Injection,2017-03-22,1,1.30404,2017-04-19,8,20,21,1,0
3143,Ketorolac Injection,2016-03-23,1,1.657745,2016-04-20,8,20,21,1,0
3144,Ketorolac Injection,2017-04-19,1,1.22569,2017-05-17,8,20,21,1,0
3145,Ketorolac Injection,2016-04-20,1,1.512675,2016-05-18,8,20,21,1,0
3146,Ketorolac Injection,2025-04-23,0,0.971295,2025-05-21,8,20,21,1,0
3147,Ketorolac Injection,2017-05-17,1,1.32773,2017-06-21,8,20,21,1,0
3148,Ketorolac Injection,2016-05-18,1,1.68367,2016-06-22,8,20,21,1,0
3149,Ketorolac Injection,2025-05-21,0,0.974105,2025-06-18,8,20,21,1,0
3150,Ketorolac Injection,2025-06-18,0,0.926415,2025-07-23,8,20,21,1,0
3151,Ketorolac Injection,2018-06-20,1,1.2624,2018-07-18,8,20,21,1,0
3152,Ketorolac Injection,2017-06-21,1,1.21495,2017-07-19,8,20,21,1,0
3153,Ketorolac Injection,2016-06-22,1,1.65261,2016-08-17,8,20,21,1,0
3155,Ketorolac Injection,2017-07-19,1,1.36264,2017-08-23,8,20,21,1,0
3157,Ketorolac Injection,2016-08-17,1,2.709065,2016-09-21,8,20,21,1,0
3158,Ketorolac Injection,2017-08-23,1,2.631541176470588,2017-09-20,8,20,21,1,0
3159,Ketorolac Injection,2017-09-20,1,1.2872,2017-10-18,8,20,21,1,0
3160,Ketorolac Injection,2016-09-21,1,3.507608461538462,2016-10-19,8,20,21,1,0
3162,Ketorolac Injection,2016-10-19,1,1.19046,2016-11-23,8,20,21,1,0
3163,Ketorolac Injection,2016-11-23,1,3.259490232558139,2016-12-21,8,20,21,1,0
3164,Ketorolac Injection,2024-12-18,0,0.9333109090909092,2025-01-22,8,20,21,1,0
3165,Ketorolac Injection,2016-12-21,1,1.22165,2017-01-18,8,20,21,1,0
3166,Ketorolac Injection,2015-12-23,1,1.3621,2016-01-20,8,20,21,1,0
3167,Labetalol Injection,2025-01-22,1,0.19641,2025-02-19,3,4,7,1,0
3168,Labetalol Injection,2025-02-19,1,0.19486,2025-03-19,3,4,7,1,0
3169,Labetalol Injection,2025-03-19,1,0.1811,2025-04-23,3,4,7,1,0
3170,Labetalol Injection,2025-04-23,1,0.17775,2025-05-21,3,4,7,1,0
3172,Labetalol Injection,2024-12-18,1,0.19167,2025-01-22,3,4,7,1,0
3173,Labetalol Tablets,2018-01-17,0,0.2572266666666666,2018-02-21,6,16,26,0,1
3174,Labetalol Tablets,2017-01-18,0,0.30709,2017-02-22,6,16,26,0,1
3175,Labetalol Tablets,2016-01-20,0,0.3782533333333333,2016-02-17,6,16,26,0,1
3176,Labetalol Tablets,2025-01-22,0,0.13735,2025-02-19,6,16,26,0,1
3177,Labetalol Tablets,2016-02-17,0,0.38303,2016-03-23,6,16,26,0,1
3178,Labetalol Tablets,2025-02-19,0,0.1409466666666666,2025-03-19,6,16,26,0,1
3179,Labetalol Tablets,2018-02-21,0,0.2962,2018-03-21,6,16,26,0,1
3180,Labetalol Tablets,2017-02-22,0,0.3224733333333333,2017-03-22,6,16,26,0,1
3181,Labetalol Tablets,2025-03-19,0,0.1442433333333333,2025-04-23,6,16,26,0,1
3182,Labetalol Tablets,2018-03-21,0,0.28534,2018-04-18,6,16,26,0,1
3183,Labetalol Tablets,2017-03-22,0,0.3219566666666666,2017-04-19,6,16,26,0,1
3184,Labetalol Tablets,2016-03-23,0,0.3812033333333333,2016-04-20,6,16,26,0,1
3185,Labetalol Tablets,2018-04-18,0,0.2626666666666666,2018-05-09,6,16,26,0,1
3186,Labetalol Tablets,2017-04-19,0,0.30728,2017-05-17,6,16,26,0,1
3187,Labetalol Tablets,2016-04-20,0,0.3709833333333334,2016-05-18,6,16,26,0,1
3188,Labetalol Tablets,2025-04-23,0,0.1438466666666666,2025-05-21,6,16,26,0,1
3189,Labetalol Tablets,2018-05-09,0,0.2626666666666666,2018-05-16,6,16,26,0,1
3190,Labetalol Tablets,2018-05-16,0,0.3483,2018-05-23,6,16,26,0,1
3191,Labetalol Tablets,2017-05-17,0,0.3149533333333333,2017-06-21,6,16,26,0,1
3192,Labetalol Tablets,2016-05-18,0,0.3736066666666666,2016-06-22,6,16,26,0,1
3193,Labetalol Tablets,2025-05-21,0,0.1446733333333333,2025-06-18,6,16,26,0,1
3194,Labetalol Tablets,2018-05-23,0,0.278921,2018-06-20,6,16,26,0,1
3195,Labetalol Tablets,2025-06-18,0,0.1451233333333333,2025-07-23,6,16,26,0,1
3196,Labetalol Tablets,2018-06-20,0,0.262749,2018-07-18,6,16,26,0,1
3197,Labetalol Tablets,2017-06-21,0,0.3006366666666666,2017-07-19,6,16,26,0,1
3198,Labetalol Tablets,2016-06-22,0,0.36277,2016-07-20,6,16,26,0,1
3199,Labetalol Tablets,2018-07-18,0,0.271642,2018-08-22,6,16,26,0,1
3200,Labetalol Tablets,2017-07-19,0,0.2947233333333333,2017-08-23,6,16,26,0,1
3201,Labetalol Tablets,2016-07-20,0,0.36627,2016-08-17,6,16,26,0,1
3203,Labetalol Tablets,2016-08-17,0,0.3577133333333332,2016-09-21,6,16,26,0,1
3204,Labetalol Tablets,2018-08-22,0,0.2605781818181818,2018-09-19,6,16,26,0,1
3205,Labetalol Tablets,2017-08-23,0,0.3058033333333333,2017-09-20,6,16,26,0,1
3206,Labetalol Tablets,2018-09-19,0,0.2452936363636363,2018-10-17,6,16,26,0,1
3207,Labetalol Tablets,2017-09-20,0,0.2954966666666667,2017-10-18,6,16,26,0,1
3208,Labetalol Tablets,2016-09-21,0,0.3202166666666666,2016-10-19,6,16,26,0,1
3209,Labetalol Tablets,2018-10-17,0,0.2432554545454545,2018-11-21,6,16,26,0,1
3210,Labetalol Tablets,2017-10-18,0,0.29561,2017-11-22,6,16,26,0,1
3211,Labetalol Tablets,2016-10-19,0,0.3484233333333333,2016-11-23,6,16,26,0,1
3212,Labetalol Tablets,2018-11-21,0,0.2288181818181818,2018-12-19,6,16,26,0,1
3213,Labetalol Tablets,2017-11-22,0,0.27655,2017-12-20,6,16,26,0,1
3214,Labetalol Tablets,2016-11-23,0,0.3378566666666667,2016-12-21,6,16,26,0,1
3215,Labetalol Tablets,2024-12-18,0,0.1405733333333333,2025-01-22,6,16,26,0,1
3217,Labetalol Tablets,2017-12-20,0,0.2850633333333333,2018-01-17,6,16,26,0,1
3218,Labetalol Tablets,2016-12-21,0,0.3392933333333333,2017-01-18,6,16,26,0,1
3219,Labetalol Tablets,2015-12-23,0,0.3780466666666666,2016-01-20,6,16,26,0,1
3220,Latanoprost Ophthalmic Solution,2018-01-17,0,1.92846,2018-02-21,5,5,6,1,0
3221,Latanoprost Ophthalmic Solution,2017-01-18,0,2.14802,2017-02-22,5,5,6,1,0
3222,Latanoprost Ophthalmic Solution,2016-01-20,0,2.72017,2016-02-17,5,5,6,1,0
3223,Latanoprost Ophthalmic Solution,2025-01-22,0,1.59551,2025-02-19,5,5,6,1,0
3224,Latanoprost Ophthalmic Solution,2016-02-17,0,2.55857,2016-03-23,5,5,6,1,0
3225,Latanoprost Ophthalmic Solution,2025-02-19,0,1.6855440000000002,2025-03-19,5,5,6,1,0
3226,Latanoprost Ophthalmic Solution,2018-02-21,0,2.07327,2018-03-21,5,5,6,1,0
3227,Latanoprost Ophthalmic Solution,2017-02-22,0,2.23163,2017-03-22,5,5,6,1,0
3228,Latanoprost Ophthalmic Solution,2025-03-19,0,1.738334,2025-04-23,5,5,6,1,0
3229,Latanoprost Ophthalmic Solution,2018-03-21,0,2.01549,2018-04-18,5,5,6,1,0
3230,Latanoprost Ophthalmic Solution,2017-03-22,0,2.10893,2017-04-19,5,5,6,1,0
3231,Latanoprost Ophthalmic Solution,2016-03-23,0,2.62864,2016-04-20,5,5,6,1,0
3232,Latanoprost Ophthalmic Solution,2018-04-18,0,1.95611,2018-05-09,5,5,6,1,0
3233,Latanoprost Ophthalmic Solution,2017-04-19,0,2.03809,2017-05-17,5,5,6,1,0
3234,Latanoprost Ophthalmic Solution,2016-04-20,0,2.61972,2016-05-18,5,5,6,1,0
3235,Latanoprost Ophthalmic Solution,2025-04-23,0,1.702014,2025-05-21,5,5,6,1,0
3236,Latanoprost Ophthalmic Solution,2018-05-09,0,1.95611,2018-05-23,5,5,6,1,0
3237,Latanoprost Ophthalmic Solution,2017-05-17,0,2.09912,2017-06-21,5,5,6,1,0
3238,Latanoprost Ophthalmic Solution,2016-05-18,0,2.41926,2016-06-22,5,5,6,1,0
3239,Latanoprost Ophthalmic Solution,2025-05-21,0,1.667806,2025-06-18,5,5,6,1,0
3240,Latanoprost Ophthalmic Solution,2018-05-23,0,1.98849,2018-06-20,5,5,6,1,0
3241,Latanoprost Ophthalmic Solution,2025-06-18,0,1.6666139999999998,2025-07-23,5,5,6,1,0
3242,Latanoprost Ophthalmic Solution,2018-06-20,0,1.89688,2018-07-18,5,5,6,1,0
3243,Latanoprost Ophthalmic Solution,2017-06-21,0,2.04116,2017-07-19,5,5,6,1,0
3244,Latanoprost Ophthalmic Solution,2016-06-22,0,2.43088,2016-07-20,5,5,6,1,0
3245,Latanoprost Ophthalmic Solution,2018-07-18,0,1.92572,2018-08-22,5,5,6,1,0
3246,Latanoprost Ophthalmic Solution,2017-07-19,0,1.97424,2017-08-23,5,5,6,1,0
3247,Latanoprost Ophthalmic Solution,2016-07-20,0,2.38062,2016-08-17,5,5,6,1,0
3249,Latanoprost Ophthalmic Solution,2016-08-17,0,2.32104,2016-09-21,5,5,6,1,0
3250,Latanoprost Ophthalmic Solution,2018-08-22,0,1.98143,2018-09-19,5,5,6,1,0
3251,Latanoprost Ophthalmic Solution,2017-08-23,0,2.02707,2017-09-20,5,5,6,1,0
3252,Latanoprost Ophthalmic Solution,2018-09-19,0,1.91727,2018-10-17,5,5,6,1,0
3253,Latanoprost Ophthalmic Solution,2017-09-20,0,1.96981,2017-10-18,5,5,6,1,0
3254,Latanoprost Ophthalmic Solution,2016-09-21,0,2.2097,2016-10-19,5,5,6,1,0
3255,Latanoprost Ophthalmic Solution,2018-10-17,0,1.85816,2018-11-21,5,5,6,1,0
3256,Latanoprost Ophthalmic Solution,2017-10-18,0,1.98775,2017-11-22,5,5,6,1,0
3257,Latanoprost Ophthalmic Solution,2016-10-19,0,2.2482,2016-11-23,5,5,6,1,0
3258,Latanoprost Ophthalmic Solution,2015-11-18,0,3.48324,2015-12-23,5,5,6,1,0
3259,Latanoprost Ophthalmic Solution,2018-11-21,0,2.04111,2018-12-19,5,5,6,1,0
3260,Latanoprost Ophthalmic Solution,2017-11-22,0,1.99836,2017-12-20,5,5,6,1,0
3261,Latanoprost Ophthalmic Solution,2016-11-23,0,2.1657,2016-12-21,5,5,6,1,0
3262,Latanoprost Ophthalmic Solution,2024-12-18,0,1.569702,2025-01-22,5,5,6,1,0
3264,Latanoprost Ophthalmic Solution,2017-12-20,0,1.90339,2018-01-17,5,5,6,1,0
3265,Latanoprost Ophthalmic Solution,2016-12-21,0,2.25425,2017-01-18,5,5,6,1,0
3266,Latanoprost Ophthalmic Solution,2015-12-23,0,2.63723,2016-01-20,5,5,6,1,0
3267,Leflunomide Tablets,2018-01-17,0,2.530805,2018-02-21,5,10,10,0,1
3268,Leflunomide Tablets,2017-01-18,0,3.990575,2017-02-22,5,10,10,0,1
3269,Leflunomide Tablets,2016-01-20,1,3.90302,2016-02-17,5,10,10,0,1
3270,Leflunomide Tablets,2025-01-22,0,0.30847,2025-02-19,5,10,10,0,1
3271,Leflunomide Tablets,2016-02-17,1,3.816295,2016-03-23,5,10,10,0,1
3272,Leflunomide Tablets,2025-02-19,0,0.31061,2025-03-19,5,10,10,0,1
3273,Leflunomide Tablets,2018-02-21,0,2.5043,2018-03-21,5,10,10,0,1
3274,Leflunomide Tablets,2017-02-22,0,3.814265,2017-03-22,5,10,10,0,1
3275,Leflunomide Tablets,2025-03-19,0,0.3301,2025-04-23,5,10,10,0,1
3276,Leflunomide Tablets,2018-03-21,0,2.54449,2018-04-18,5,10,10,0,1
3277,Leflunomide Tablets,2017-03-22,0,3.71411,2017-04-19,5,10,10,0,1
3278,Leflunomide Tablets,2016-03-23,1,4.745545,2016-04-20,5,10,10,0,1
3279,Leflunomide Tablets,2018-04-18,0,2.61039,2018-05-23,5,10,10,0,1
3280,Leflunomide Tablets,2017-04-19,0,3.29138,2017-05-17,5,10,10,0,1
3281,Leflunomide Tablets,2016-04-20,1,4.946965,2016-05-18,5,10,10,0,1
3282,Leflunomide Tablets,2025-04-23,0,0.32091,2025-05-21,5,10,10,0,1
3283,Leflunomide Tablets,2017-05-17,0,3.58248,2017-06-21,5,10,10,0,1
3284,Leflunomide Tablets,2016-05-18,1,4.870975,2016-06-22,5,10,10,0,1
3285,Leflunomide Tablets,2025-05-21,0,0.33148,2025-06-18,5,10,10,0,1
3286,Leflunomide Tablets,2018-05-23,0,2.52805,2018-06-20,5,10,10,0,1
3287,Leflunomide Tablets,2025-06-18,0,0.32517,2025-07-23,5,10,10,0,1
3288,Leflunomide Tablets,2018-06-20,0,2.144925,2018-07-18,5,10,10,0,1
3289,Leflunomide Tablets,2017-06-21,0,3.610215,2017-07-19,5,10,10,0,1
3290,Leflunomide Tablets,2016-06-22,1,4.92083,2016-07-20,5,10,10,0,1
3291,Leflunomide Tablets,2018-07-18,0,2.31055,2018-08-22,5,10,10,0,1
3292,Leflunomide Tablets,2017-07-19,0,3.30973,2017-08-23,5,10,10,0,1
3293,Leflunomide Tablets,2016-07-20,1,4.767385,2016-08-17,5,10,10,0,1
3295,Leflunomide Tablets,2016-08-17,1,4.385694999999999,2016-09-21,5,10,10,0,1
3296,Leflunomide Tablets,2018-08-22,0,2.2033400000000003,2018-09-19,5,10,10,0,1
3297,Leflunomide Tablets,2017-08-23,0,3.3005599999999995,2017-09-20,5,10,10,0,1
3298,Leflunomide Tablets,2018-09-19,0,1.837305,2018-10-17,5,10,10,0,1
3299,Leflunomide Tablets,2017-09-20,0,3.222595,2017-10-18,5,10,10,0,1
3300,Leflunomide Tablets,2016-09-21,1,4.33183,2016-10-19,5,10,10,0,1
3301,Leflunomide Tablets,2018-10-17,0,1.86943,2018-11-21,5,10,10,0,1
3302,Leflunomide Tablets,2017-10-18,0,3.140635,2017-11-22,5,10,10,0,1
3303,Leflunomide Tablets,2016-10-19,1,4.086505,2016-11-23,5,10,10,0,1
3304,Leflunomide Tablets,2018-11-21,0,1.7960900000000002,2018-12-19,5,10,10,0,1
3305,Leflunomide Tablets,2017-11-22,0,2.79468,2017-12-20,5,10,10,0,1
3306,Leflunomide Tablets,2016-11-23,0,4.105365,2016-12-21,5,10,10,0,1
3307,Leflunomide Tablets,2024-12-18,0,0.3164849999999999,2025-01-22,5,10,10,0,1
3309,Leflunomide Tablets,2017-12-20,0,2.462215,2018-01-17,5,10,10,0,1
3310,Leflunomide Tablets,2016-12-21,0,4.116805,2017-01-18,5,10,10,0,1
3311,Leflunomide Tablets,2015-12-23,1,4.9966,2016-01-20,5,10,10,0,1
3312,Leuprolide Acetate 14-Day Kit,2025-01-22,0,271.52008,2025-02-19,2,2,2,0,1
3313,Leuprolide Acetate 14-Day Kit,2025-02-19,0,279.10798,2025-03-19,2,2,2,0,1
3315,Leuprolide Acetate 14-Day Kit,2024-12-18,0,267.68486,2025-01-22,2,2,2,0,1
3316,Levetiracetam Extended-Release Tablets,2016-01-01,0,7.918179999999999,2016-01-20,4,8,8,0,1
3317,Levetiracetam Extended-Release Tablets,2017-01-01,0,6.546209999999999,2017-01-18,4,8,8,0,1
3318,Levetiracetam Extended-Release Tablets,2018-01-01,0,8.52335,2018-01-17,4,8,8,0,1
3319,Levetiracetam Extended-Release Tablets,2025-01-01,0,10.990915,2025-01-22,4,8,8,0,1
3320,Levetiracetam Extended-Release Tablets,2018-01-17,0,0.363875,2018-02-21,4,8,8,0,1
3321,Levetiracetam Extended-Release Tablets,2017-01-18,0,2.336107631578947,2017-02-22,4,8,8,0,1
3322,Levetiracetam Extended-Release Tablets,2016-01-20,0,4.484832777777778,2016-02-17,4,8,8,0,1
3323,Levetiracetam Extended-Release Tablets,2025-01-22,0,0.19018,2025-02-19,4,8,8,0,1
3324,Levetiracetam Extended-Release Tablets,2016-02-17,0,2.597968461538462,2016-03-23,4,8,8,0,1
3325,Levetiracetam Extended-Release Tablets,2025-02-19,0,0.20743,2025-03-19,4,8,8,0,1
3326,Levetiracetam Extended-Release Tablets,2018-02-21,0,2.3666425,2018-03-21,4,8,8,0,1
3327,Levetiracetam Extended-Release Tablets,2017-02-22,0,2.04764625,2017-03-15,4,8,8,0,1
3328,Levetiracetam Extended-Release Tablets,2017-03-15,0,9.91283,2017-03-22,4,8,8,0,1
3329,Levetiracetam Extended-Release Tablets,2025-03-19,0,0.2185299999999999,2025-04-23,4,8,8,0,1
3330,Levetiracetam Extended-Release Tablets,2018-03-21,0,6.646757264150944,2018-04-18,4,8,8,0,1
3331,Levetiracetam Extended-Release Tablets,2017-03-22,0,0.4996449999999999,2017-04-19,4,8,8,0,1
3332,Levetiracetam Extended-Release Tablets,2016-03-23,0,0.479155,2016-04-20,4,8,8,0,1
3333,Levetiracetam Extended-Release Tablets,2018-04-18,0,0.363615,2018-05-23,4,8,8,0,1
3334,Levetiracetam Extended-Release Tablets,2017-04-19,0,4.284168813559322,2017-05-17,4,8,8,0,1
3335,Levetiracetam Extended-Release Tablets,2016-04-20,0,5.788271355932204,2016-05-18,4,8,8,0,1
3336,Levetiracetam Extended-Release Tablets,2025-04-23,0,0.22055,2025-05-21,4,8,8,0,1
3337,Levetiracetam Extended-Release Tablets,2017-05-17,0,4.460794615384615,2017-06-21,4,8,8,0,1
3338,Levetiracetam Extended-Release Tablets,2016-05-18,0,0.518485,2016-06-22,4,8,8,0,1
3339,Levetiracetam Extended-Release Tablets,2025-05-21,0,2.916185,2025-06-18,4,8,8,0,1
3340,Levetiracetam Extended-Release Tablets,2018-05-23,0,0.363375,2018-06-20,4,8,8,0,1
3341,Levetiracetam Extended-Release Tablets,2025-06-18,0,2.9268775,2025-07-23,4,8,8,0,1
3342,Levetiracetam Extended-Release Tablets,2018-06-20,0,0.344515,2018-07-18,4,8,8,0,1
3343,Levetiracetam Extended-Release Tablets,2017-06-21,0,0.492305,2017-07-19,4,8,8,0,1
3344,Levetiracetam Extended-Release Tablets,2016-06-22,0,0.453295,2016-07-20,4,8,8,0,1
3345,Levetiracetam Extended-Release Tablets,2018-07-18,0,0.369695,2018-08-22,4,8,8,0,1
3346,Levetiracetam Extended-Release Tablets,2017-07-19,0,0.460315,2017-08-23,4,8,8,0,1
3347,Levetiracetam Extended-Release Tablets,2016-07-20,0,0.4925300000000001,2016-08-17,4,8,8,0,1
3349,Levetiracetam Extended-Release Tablets,2016-08-17,0,0.495685,2016-09-21,4,8,8,0,1
3351,Levetiracetam Extended-Release Tablets,2018-08-22,0,0.37457,2018-09-19,4,8,8,0,1
3352,Levetiracetam Extended-Release Tablets,2017-08-23,0,0.44966,2017-09-20,4,8,8,0,1
3353,Levetiracetam Extended-Release Tablets,2018-09-19,0,0.3308149999999999,2018-10-17,4,8,8,0,1
3354,Levetiracetam Extended-Release Tablets,2017-09-20,0,0.428235,2017-10-18,4,8,8,0,1
3355,Levetiracetam Extended-Release Tablets,2016-09-21,0,0.528615,2016-10-19,4,8,8,0,1
3356,Levetiracetam Extended-Release Tablets,2018-10-17,0,0.3261799999999999,2018-11-21,4,8,8,0,1
3357,Levetiracetam Extended-Release Tablets,2017-10-18,0,1.7825342857142856,2017-11-22,4,8,8,0,1
3358,Levetiracetam Extended-Release Tablets,2016-10-19,0,0.49656,2016-11-23,4,8,8,0,1
3359,Levetiracetam Extended-Release Tablets,2018-11-21,0,0.359335,2018-12-19,4,8,8,0,1
3360,Levetiracetam Extended-Release Tablets,2017-11-22,0,3.298959736842105,2017-12-20,4,8,8,0,1
3361,Levetiracetam Extended-Release Tablets,2016-11-23,0,1.7979696774193548,2016-12-21,4,8,8,0,1
3362,Levetiracetam Extended-Release Tablets,2024-12-18,0,1.24449,2025-01-01,4,8,8,0,1
3364,Levetiracetam Extended-Release Tablets,2017-12-20,0,0.36017,2018-01-01,4,8,8,0,1
3365,Levetiracetam Extended-Release Tablets,2016-12-21,0,0.8788696,2017-01-01,4,8,8,0,1
3366,Levetiracetam Extended-Release Tablets,2015-12-23,0,1.141586923076923,2016-01-01,4,8,8,0,1
3367,Levetiracetam Immediate-Release Tablets,2016-01-01,0,7.305415937499999,2016-01-20,10,34,49,0,1
3368,Levetiracetam Immediate-Release Tablets,2017-01-01,0,6.87143440677966,2017-01-18,10,34,49,0,1
3369,Levetiracetam Immediate-Release Tablets,2018-01-01,0,7.236320125000001,2018-01-17,10,34,49,0,1
3370,Levetiracetam Immediate-Release Tablets,2025-01-01,0,12.35174,2025-01-22,10,34,49,0,1
3371,Levetiracetam Immediate-Release Tablets,2018-01-17,0,0.1376403571428571,2018-02-21,10,34,49,0,1
3372,Levetiracetam Immediate-Release Tablets,2017-01-18,0,0.4115907407407407,2017-02-22,10,34,49,0,1
3373,Levetiracetam Immediate-Release Tablets,2016-01-20,0,0.169151923076923,2016-02-17,10,34,49,0,1
3374,Levetiracetam Immediate-Release Tablets,2025-01-22,0,0.0844829411764706,2025-02-19,10,34,49,0,1
3375,Levetiracetam Immediate-Release Tablets,2016-02-17,0,0.1682326923076923,2016-03-23,10,34,49,0,1
3376,Levetiracetam Immediate-Release Tablets,2025-02-19,0,0.0913788235294117,2025-03-19,10,34,49,0,1
3377,Levetiracetam Immediate-Release Tablets,2018-02-21,0,1.120585333333333,2018-03-21,10,34,49,0,1
3378,Levetiracetam Immediate-Release Tablets,2017-02-22,0,1.182209316239316,2017-03-22,10,34,49,0,1
3379,Levetiracetam Immediate-Release Tablets,2025-03-19,0,0.0961176470588235,2025-04-23,10,34,49,0,1
3380,Levetiracetam Immediate-Release Tablets,2018-03-21,0,0.1417910714285714,2018-04-18,10,34,49,0,1
3381,Levetiracetam Immediate-Release Tablets,2017-03-22,0,0.6830107407407406,2017-04-19,10,34,49,0,1
3382,Levetiracetam Immediate-Release Tablets,2016-03-23,0,0.6939596296296295,2016-04-20,10,34,49,0,1
3383,Levetiracetam Immediate-Release Tablets,2018-04-18,0,1.4103715032679738,2018-05-23,10,34,49,0,1
3384,Levetiracetam Immediate-Release Tablets,2017-04-19,0,0.6900481481481481,2017-04-26,10,34,49,0,1
3385,Levetiracetam Immediate-Release Tablets,2016-04-20,0,4.284429523809524,2016-05-18,10,34,49,0,1
3386,Levetiracetam Immediate-Release Tablets,2025-04-23,0,0.09536,2025-05-21,10,34,49,0,1
3387,Levetiracetam Immediate-Release Tablets,2017-04-26,0,7.31952,2017-05-17,10,34,49,0,1
3388,Levetiracetam Immediate-Release Tablets,2017-05-17,0,1.285218263888889,2017-05-31,10,34,49,0,1
3389,Levetiracetam Immediate-Release Tablets,2016-05-18,0,0.1696496153846153,2016-06-22,10,34,49,0,1
3390,Levetiracetam Immediate-Release Tablets,2025-05-21,0,1.9265,2025-06-18,10,34,49,0,1
3391,Levetiracetam Immediate-Release Tablets,2018-05-23,0,0.1361321428571428,2018-06-20,10,34,49,0,1
3392,Levetiracetam Immediate-Release Tablets,2017-05-31,0,0.226825,2017-06-21,10,34,49,0,1
3393,Levetiracetam Immediate-Release Tablets,2025-06-18,0,1.9277835,2025-07-23,10,34,49,0,1
3394,Levetiracetam Immediate-Release Tablets,2018-06-20,0,0.668952479338843,2018-07-18,10,34,49,0,1
3395,Levetiracetam Immediate-Release Tablets,2017-06-21,0,0.2755661403508772,2017-07-05,10,34,49,0,1
3396,Levetiracetam Immediate-Release Tablets,2016-06-22,0,0.1677915384615384,2016-07-20,10,34,49,0,1
3397,Levetiracetam Immediate-Release Tablets,2017-07-05,0,7.32511,2017-07-19,10,34,49,0,1
3398,Levetiracetam Immediate-Release Tablets,2018-07-18,0,0.6384862068965518,2018-08-22,10,34,49,0,1
3399,Levetiracetam Immediate-Release Tablets,2017-07-19,0,2.2169744943820224,2017-08-23,10,34,49,0,1
3400,Levetiracetam Immediate-Release Tablets,2016-07-20,0,0.1705157692307692,2016-08-17,10,34,49,0,1
3402,Levetiracetam Immediate-Release Tablets,2016-08-17,0,0.1686530769230769,2016-09-21,10,34,49,0,1
3403,Levetiracetam Immediate-Release Tablets,2018-08-22,0,2.7636158333333336,2018-09-19,10,34,49,0,1
3404,Levetiracetam Immediate-Release Tablets,2017-08-23,0,0.1483075,2017-09-20,10,34,49,0,1
3405,Levetiracetam Immediate-Release Tablets,2018-09-19,0,0.1325307142857142,2018-10-17,10,34,49,0,1
3406,Levetiracetam Immediate-Release Tablets,2017-09-20,0,0.1503321428571428,2017-10-18,10,34,49,0,1
3407,Levetiracetam Immediate-Release Tablets,2016-09-21,0,0.1584857692307692,2016-10-19,10,34,49,0,1
3408,Levetiracetam Immediate-Release Tablets,2018-10-17,0,0.1304685714285714,2018-11-21,10,34,49,0,1
3409,Levetiracetam Immediate-Release Tablets,2017-10-18,0,1.0039895302013422,2017-11-22,10,34,49,0,1
3410,Levetiracetam Immediate-Release Tablets,2016-10-19,0,1.1263815584415584,2016-11-23,10,34,49,0,1
3412,Levetiracetam Immediate-Release Tablets,2018-11-21,0,0.4945096610169491,2018-12-05,10,34,49,0,1
3413,Levetiracetam Immediate-Release Tablets,2017-11-22,0,0.1441910714285714,2017-12-20,10,34,49,0,1
3414,Levetiracetam Immediate-Release Tablets,2016-11-23,0,0.1643726923076923,2016-12-21,10,34,49,0,1
3415,Levetiracetam Immediate-Release Tablets,2018-12-05,0,0.08823,2018-12-19,10,34,49,0,1
3416,Levetiracetam Immediate-Release Tablets,2024-12-18,0,0.7487733333333333,2025-01-01,10,34,49,0,1
3418,Levetiracetam Immediate-Release Tablets,2017-12-20,0,0.5171441739130435,2018-01-01,10,34,49,0,1
3419,Levetiracetam Immediate-Release Tablets,2016-12-21,0,0.16414,2017-01-01,10,34,49,0,1
3420,Levetiracetam Immediate-Release Tablets,2015-12-23,0,0.4203922641509434,2016-01-01,10,34,49,0,1
3421,Levocarnitine Oral Tablets and Solution,2016-01-01,0,0.3174,2016-01-20,3,6,6,1,0
3422,Levocarnitine Oral Tablets and Solution,2017-01-01,1,0.6699696385542169,2017-01-18,3,6,6,1,0
3423,Levocarnitine Oral Tablets and Solution,2018-01-01,0,0.5915522222222221,2018-01-17,3,6,6,1,0
3424,Levocarnitine Oral Tablets and Solution,2025-01-01,0,0.6489133333333333,2025-01-22,3,6,6,1,0
3425,Levocarnitine Oral Tablets and Solution,2018-01-17,0,0.3628466666666667,2018-02-21,3,6,6,1,0
3426,Levocarnitine Oral Tablets and Solution,2017-01-18,1,0.7689561904761905,2017-02-22,3,6,6,1,0
3427,Levocarnitine Oral Tablets and Solution,2016-01-20,0,0.2960799999999999,2016-02-17,3,6,6,1,0
3428,Levocarnitine Oral Tablets and Solution,2025-01-22,0,0.14142,2025-02-19,3,6,6,1,0
3429,Levocarnitine Oral Tablets and Solution,2016-02-17,0,0.2845033333333333,2016-03-23,3,6,6,1,0
3430,Levocarnitine Oral Tablets and Solution,2025-02-19,0,0.14981,2025-03-19,3,6,6,1,0
3431,Levocarnitine Oral Tablets and Solution,2018-02-21,0,0.4393933333333333,2018-03-21,3,6,6,1,0
3432,Levocarnitine Oral Tablets and Solution,2017-02-22,1,0.6593,2017-03-22,3,6,6,1,0
3433,Levocarnitine Oral Tablets and Solution,2025-03-19,0,0.1502,2025-04-23,3,6,6,1,0
3434,Levocarnitine Oral Tablets and Solution,2018-03-21,0,0.4328866666666666,2018-04-18,3,6,6,1,0
3435,Levocarnitine Oral Tablets and Solution,2017-03-22,1,0.71797,2017-04-19,3,6,6,1,0
3436,Levocarnitine Oral Tablets and Solution,2016-03-23,0,0.2860166666666666,2016-04-20,3,6,6,1,0
3437,Levocarnitine Oral Tablets and Solution,2018-04-18,0,0.5738542857142858,2018-05-23,3,6,6,1,0
3439,Levocarnitine Oral Tablets and Solution,2016-04-20,0,0.2846733333333333,2016-05-18,3,6,6,1,0
3440,Levocarnitine Oral Tablets and Solution,2025-04-23,0,0.14751,2025-05-21,3,6,6,1,0
3441,Levocarnitine Oral Tablets and Solution,2016-05-18,0,0.29077,2016-06-22,3,6,6,1,0
3442,Levocarnitine Oral Tablets and Solution,2025-05-21,0,0.14578,2025-06-18,3,6,6,1,0
3443,Levocarnitine Oral Tablets and Solution,2018-05-23,0,0.3043,2018-06-20,3,6,6,1,0
3444,Levocarnitine Oral Tablets and Solution,2025-06-18,0,0.14285,2025-07-23,3,6,6,1,0
3445,Levocarnitine Oral Tablets and Solution,2018-06-20,0,0.2593657142857142,2018-07-18,3,6,6,1,0
3446,Levocarnitine Oral Tablets and Solution,2017-06-21,1,0.66728,2017-07-19,3,6,6,1,0
3447,Levocarnitine Oral Tablets and Solution,2016-06-22,0,0.28394,2016-07-20,3,6,6,1,0
3448,Levocarnitine Oral Tablets and Solution,2018-07-18,0,0.29875,2018-08-22,3,6,6,1,0
3449,Levocarnitine Oral Tablets and Solution,2017-07-19,0,0.3971317391304347,2017-08-23,3,6,6,1,0
3450,Levocarnitine Oral Tablets and Solution,2016-07-20,0,0.2913766666666667,2016-08-17,3,6,6,1,0
3452,Levocarnitine Oral Tablets and Solution,2016-08-17,0,0.3293999999999999,2016-09-07,3,6,6,1,0
3453,Levocarnitine Oral Tablets and Solution,2018-08-22,0,0.4185866666666666,2018-09-19,3,6,6,1,0
3454,Levocarnitine Oral Tablets and Solution,2017-08-23,0,0.486225,2017-09-20,3,6,6,1,0
3455,Levocarnitine Oral Tablets and Solution,2016-09-07,0,0.28592,2016-09-21,3,6,6,1,0
3456,Levocarnitine Oral Tablets and Solution,2018-09-19,0,0.452272,2018-10-17,3,6,6,1,0
3457,Levocarnitine Oral Tablets and Solution,2017-09-20,0,0.3147688888888889,2017-10-18,3,6,6,1,0
3458,Levocarnitine Oral Tablets and Solution,2016-09-21,0,0.58976,2016-10-19,3,6,6,1,0
3459,Levocarnitine Oral Tablets and Solution,2018-10-17,0,0.301308125,2018-11-21,3,6,6,1,0
3460,Levocarnitine Oral Tablets and Solution,2017-10-18,0,0.41648,2017-11-22,3,6,6,1,0
3461,Levocarnitine Oral Tablets and Solution,2016-10-19,1,0.8328847826086957,2016-11-23,3,6,6,1,0
3462,Levocarnitine Oral Tablets and Solution,2018-11-21,0,0.25566,2018-12-19,3,6,6,1,0
3463,Levocarnitine Oral Tablets and Solution,2017-11-22,0,0.44842,2017-12-20,3,6,6,1,0
3464,Levocarnitine Oral Tablets and Solution,2016-11-23,1,0.89055,2016-12-21,3,6,6,1,0
3465,Levocarnitine Oral Tablets and Solution,2024-12-18,0,0.13739,2025-01-01,3,6,6,1,0
3467,Levocarnitine Oral Tablets and Solution,2017-12-20,0,0.42165,2018-01-01,3,6,6,1,0
3468,Levocarnitine Oral Tablets and Solution,2016-12-21,1,0.7258857142857142,2017-01-01,3,6,6,1,0
3469,Levocarnitine Oral Tablets and Solution,2015-12-23,0,0.2782466666666667,2016-01-01,3,6,6,1,0
3470,Levonorgestrel Oral Tablets (Emergency Contraception),2018-01-17,0,19.64625,2018-02-21,7,10,10,0,1
3471,Levonorgestrel Oral Tablets (Emergency Contraception),2025-01-22,0,6.0189,2025-02-19,7,10,10,0,1
3472,Levonorgestrel Oral Tablets (Emergency Contraception),2025-02-19,0,6.450120000000001,2025-03-19,7,10,10,0,1
3473,Levonorgestrel Oral Tablets (Emergency Contraception),2018-02-21,0,17.90333,2018-03-21,7,10,10,0,1
3474,Levonorgestrel Oral Tablets (Emergency Contraception),2025-03-19,0,6.47697,2025-04-23,7,10,10,0,1
3475,Levonorgestrel Oral Tablets (Emergency Contraception),2018-03-21,0,15.17525,2018-04-18,7,10,10,0,1
3476,Levonorgestrel Oral Tablets (Emergency Contraception),2018-04-18,0,16.64355,2018-05-23,7,10,10,0,1
3477,Levonorgestrel Oral Tablets (Emergency Contraception),2025-04-23,0,6.536469999999999,2025-05-21,7,10,10,0,1
3478,Levonorgestrel Oral Tablets (Emergency Contraception),2017-05-17,0,20.94426,2017-06-21,7,10,10,0,1
3479,Levonorgestrel Oral Tablets (Emergency Contraception),2025-05-21,0,6.48275,2025-06-18,7,10,10,0,1
3480,Levonorgestrel Oral Tablets (Emergency Contraception),2018-05-23,0,14.03444,2018-06-20,7,10,10,0,1
3481,Levonorgestrel Oral Tablets (Emergency Contraception),2025-06-18,0,6.58515,2025-07-23,7,10,10,0,1
3482,Levonorgestrel Oral Tablets (Emergency Contraception),2018-06-20,0,18.63531,2018-07-18,7,10,10,0,1
3483,Levonorgestrel Oral Tablets (Emergency Contraception),2017-06-21,0,19.06368,2017-07-19,7,10,10,0,1
3484,Levonorgestrel Oral Tablets (Emergency Contraception),2018-07-18,0,17.699,2018-08-22,7,10,10,0,1
3485,Levonorgestrel Oral Tablets (Emergency Contraception),2017-07-19,0,20.38293,2017-08-23,7,10,10,0,1
3487,Levonorgestrel Oral Tablets (Emergency Contraception),2018-08-22,0,16.98128,2018-09-19,7,10,10,0,1
3488,Levonorgestrel Oral Tablets (Emergency Contraception),2017-08-23,0,18.92116,2017-09-20,7,10,10,0,1
3489,Levonorgestrel Oral Tablets (Emergency Contraception),2018-09-19,0,13.74789,2018-10-17,7,10,10,0,1
3490,Levonorgestrel Oral Tablets (Emergency Contraception),2017-09-20,0,19.06065,2017-10-18,7,10,10,0,1
3491,Levonorgestrel Oral Tablets (Emergency Contraception),2018-10-17,0,15.02286,2018-11-21,7,10,10,0,1
3492,Levonorgestrel Oral Tablets (Emergency Contraception),2017-10-18,0,20.95706,2017-11-22,7,10,10,0,1
3493,Levonorgestrel Oral Tablets (Emergency Contraception),2018-11-21,0,16.06036,2018-12-19,7,10,10,0,1
3494,Levonorgestrel Oral Tablets (Emergency Contraception),2017-11-22,0,18.53273,2017-12-20,7,10,10,0,1
3495,Levonorgestrel Oral Tablets (Emergency Contraception),2024-12-18,0,5.96999,2025-01-22,7,10,10,0,1
3497,Levonorgestrel Oral Tablets (Emergency Contraception),2017-12-20,0,19.82893,2018-01-17,7,10,10,0,1
3498,Lidocaine Hydrochloride Oral Topical Solution (Viscous) 2%,2018-01-17,0,0.08194,2018-02-21,2,2,3,1,0
3499,Lidocaine Hydrochloride Oral Topical Solution (Viscous) 2%,2017-01-18,1,0.06238,2017-02-22,2,2,3,1,0
3500,Lidocaine Hydrochloride Oral Topical Solution (Viscous) 2%,2016-01-20,1,0.02106,2016-02-17,2,2,3,1,0
3501,Lidocaine Hydrochloride Oral Topical Solution (Viscous) 2%,2016-02-17,1,0.02132,2016-03-23,2,2,3,1,0
3502,Lidocaine Hydrochloride Oral Topical Solution (Viscous) 2%,2018-02-21,0,0.07831,2018-03-21,2,2,3,1,0
3503,Lidocaine Hydrochloride Oral Topical Solution (Viscous) 2%,2017-02-22,1,0.06026,2017-03-22,2,2,3,1,0
3505,Lidocaine Hydrochloride Oral Topical Solution (Viscous) 2%,2018-03-21,0,0.07918,2018-04-18,2,2,3,1,0
3506,Lidocaine Hydrochloride Oral Topical Solution (Viscous) 2%,2017-03-22,1,0.05593,2017-04-19,2,2,3,1,0
3507,Lidocaine Hydrochloride Oral Topical Solution (Viscous) 2%,2016-03-23,1,0.0216,2016-04-20,2,2,3,1,0
3508,Lidocaine Hydrochloride Oral Topical Solution (Viscous) 2%,2018-04-18,0,0.07917,2018-05-23,2,2,3,1,0
3509,Lidocaine Hydrochloride Oral Topical Solution (Viscous) 2%,2017-04-19,1,0.0715,2017-05-17,2,2,3,1,0
3510,Lidocaine Hydrochloride Oral Topical Solution (Viscous) 2%,2016-04-20,1,0.02104,2016-05-18,2,2,3,1,0
3511,Lidocaine Hydrochloride Oral Topical Solution (Viscous) 2%,2017-05-17,1,0.07065,2017-06-21,2,2,3,1,0
3512,Lidocaine Hydrochloride Oral Topical Solution (Viscous) 2%,2016-05-18,1,0.02054,2016-06-22,2,2,3,1,0
3513,Lidocaine Hydrochloride Oral Topical Solution (Viscous) 2%,2018-05-23,0,0.08008,2018-06-20,2,2,3,1,0
3514,Lidocaine Hydrochloride Oral Topical Solution (Viscous) 2%,2018-06-20,0,0.07958,2018-07-18,2,2,3,1,0
3515,Lidocaine Hydrochloride Oral Topical Solution (Viscous) 2%,2017-06-21,1,0.06965,2017-07-19,2,2,3,1,0
3516,Lidocaine Hydrochloride Oral Topical Solution (Viscous) 2%,2016-06-22,0,0.02129,2016-07-20,2,2,3,1,0
3517,Lidocaine Hydrochloride Oral Topical Solution (Viscous) 2%,2018-07-18,0,0.07616,2018-08-22,2,2,3,1,0
3518,Lidocaine Hydrochloride Oral Topical Solution (Viscous) 2%,2017-07-19,1,0.0738,2017-08-23,2,2,3,1,0
3519,Lidocaine Hydrochloride Oral Topical Solution (Viscous) 2%,2016-07-20,0,0.0219,2016-08-17,2,2,3,1,0
3520,Lidocaine Hydrochloride Oral Topical Solution (Viscous) 2%,2016-08-17,0,0.02268,2016-09-21,2,2,3,1,0
3521,Lidocaine Hydrochloride Oral Topical Solution (Viscous) 2%,2018-08-22,0,0.08203,2018-09-19,2,2,3,1,0
3522,Lidocaine Hydrochloride Oral Topical Solution (Viscous) 2%,2017-08-23,1,0.06491,2017-09-20,2,2,3,1,0
3523,Lidocaine Hydrochloride Oral Topical Solution (Viscous) 2%,2018-09-19,0,0.07677,2018-10-17,2,2,3,1,0
3524,Lidocaine Hydrochloride Oral Topical Solution (Viscous) 2%,2017-09-20,0,0.06885,2017-10-18,2,2,3,1,0
3525,Lidocaine Hydrochloride Oral Topical Solution (Viscous) 2%,2016-09-21,0,0.02036,2016-10-19,2,2,3,1,0
3526,Lidocaine Hydrochloride Oral Topical Solution (Viscous) 2%,2018-10-17,0,0.07601,2018-11-21,2,2,3,1,0
3527,Lidocaine Hydrochloride Oral Topical Solution (Viscous) 2%,2017-10-18,0,0.07119,2017-11-22,2,2,3,1,0
3528,Lidocaine Hydrochloride Oral Topical Solution (Viscous) 2%,2016-10-19,0,0.03995,2016-11-23,2,2,3,1,0
3529,Lidocaine Hydrochloride Oral Topical Solution (Viscous) 2%,2018-11-21,0,0.08046,2018-12-19,2,2,3,1,0
3530,Lidocaine Hydrochloride Oral Topical Solution (Viscous) 2%,2017-11-22,0,0.07489,2017-12-20,2,2,3,1,0
3531,Lidocaine Hydrochloride Oral Topical Solution (Viscous) 2%,2016-11-23,0,0.04042,2016-12-21,2,2,3,1,0
3533,Lidocaine Hydrochloride Oral Topical Solution (Viscous) 2%,2017-12-20,0,0.07639,2018-01-17,2,2,3,1,0
3534,Lidocaine Hydrochloride Oral Topical Solution (Viscous) 2%,2016-12-21,0,0.04363,2017-01-18,2,2,3,1,0
3535,Lidocaine Hydrochloride Oral Topical Solution (Viscous) 2%,2015-12-23,1,0.01992,2016-01-20,2,2,3,1,0
3536,Lidocaine Topical 4% Solution,2017-01-18,1,0.09013,2017-02-22,2,2,2,1,0
3537,Lidocaine Topical 4% Solution,2016-01-20,1,0.11216,2016-02-17,2,2,2,1,0
3538,Lidocaine Topical 4% Solution,2016-02-17,1,0.08157,2016-03-23,2,2,2,1,0
3539,Lidocaine Topical 4% Solution,2017-02-22,1,0.10293,2017-04-19,2,2,2,1,0
3540,Lidocaine Topical 4% Solution,2016-03-23,1,0.10967,2016-04-20,2,2,2,1,0
3542,Lidocaine Topical 4% Solution,2016-04-20,1,0.12787,2016-05-18,2,2,2,1,0
3543,Lidocaine Topical 4% Solution,2016-05-18,1,0.1063599999999999,2016-06-22,2,2,2,1,0
3544,Lidocaine Topical 4% Solution,2018-06-20,0,0.37338,2018-07-18,2,2,2,1,0
3546,Lidocaine Topical 4% Solution,2016-06-22,0,0.08523,2016-07-20,2,2,2,1,0
3548,Lidocaine Topical 4% Solution,2016-07-20,0,0.09735,2016-08-17,2,2,2,1,0
3549,Lidocaine Topical 4% Solution,2016-08-17,0,0.07713,2016-09-21,2,2,2,1,0
3550,Lidocaine Topical 4% Solution,2017-08-23,1,0.10605,2017-09-20,2,2,2,1,0
3552,Lidocaine Topical 4% Solution,2016-09-21,0,0.09874,2016-10-19,2,2,2,1,0
3553,Lidocaine Topical 4% Solution,2016-10-19,0,0.1132,2016-11-23,2,2,2,1,0
3554,Lidocaine Topical 4% Solution,2016-11-23,0,0.11148,2016-12-21,2,2,2,1,0
3556,Lidocaine Topical 4% Solution,2016-12-21,0,0.09909,2017-01-18,2,2,2,1,0
3557,Lidocaine Topical 4% Solution,2015-12-23,1,0.12249,2016-01-20,2,2,2,1,0
3558,Lisinopril Tablets,2018-01-17,0,0.0280141463414634,2018-02-21,3,19,46,0,1
3559,Lisinopril Tablets,2017-01-18,0,0.0290325,2017-02-08,3,19,46,0,1
3560,Lisinopril Tablets,2016-01-20,0,0.0288260714285714,2016-02-17,3,19,46,0,1
3561,Lisinopril Tablets,2025-01-22,0,0.0248202702702702,2025-02-19,3,19,46,0,1
3562,Lisinopril Tablets,2017-02-08,0,0.01973,2017-02-22,3,19,46,0,1
3563,Lisinopril Tablets,2016-02-17,0,0.0295457142857142,2016-03-23,3,19,46,0,1
3564,Lisinopril Tablets,2025-02-19,0,0.0262318918918918,2025-03-19,3,19,46,0,1
3565,Lisinopril Tablets,2018-02-21,0,0.0299163414634146,2018-03-21,3,19,46,0,1
3566,Lisinopril Tablets,2017-02-22,0,0.0279793548387096,2017-03-22,3,19,46,0,1
3567,Lisinopril Tablets,2025-03-19,0,0.0274,2025-04-23,3,19,46,0,1
3568,Lisinopril Tablets,2018-03-21,0,0.0285714634146341,2018-04-18,3,19,46,0,1
3569,Lisinopril Tablets,2017-03-22,0,0.0271445161290322,2017-04-19,3,19,46,0,1
3570,Lisinopril Tablets,2016-03-23,0,0.0307878571428571,2016-04-20,3,19,46,0,1
3571,Lisinopril Tablets,2018-04-18,0,0.0281839024390243,2018-05-23,3,19,46,0,1
3572,Lisinopril Tablets,2017-04-19,0,0.0264129032258064,2017-05-10,3,19,46,0,1
3573,Lisinopril Tablets,2016-04-20,0,0.0301789285714285,2016-05-18,3,19,46,0,1
3574,Lisinopril Tablets,2025-04-23,0,0.0274072972972973,2025-05-21,3,19,46,0,1
3575,Lisinopril Tablets,2017-05-10,0,0.027835,2017-05-17,3,19,46,0,1
3576,Lisinopril Tablets,2017-05-17,0,0.0271517142857142,2017-05-31,3,19,46,0,1
3577,Lisinopril Tablets,2016-05-18,0,0.0290778571428571,2016-06-22,3,19,46,0,1
3578,Lisinopril Tablets,2025-05-21,0,0.0274397297297297,2025-06-18,3,19,46,0,1
3579,Lisinopril Tablets,2018-05-23,0,0.0292146341463414,2018-06-20,3,19,46,0,1
3580,Lisinopril Tablets,2017-05-31,0,0.0547966666666666,2017-06-21,3,19,46,0,1
3581,Lisinopril Tablets,2025-06-18,0,0.0275464864864864,2025-07-23,3,19,46,0,1
3582,Lisinopril Tablets,2018-06-20,0,0.0281817073170731,2018-07-18,3,19,46,0,1
3583,Lisinopril Tablets,2017-06-21,0,0.0299378947368421,2017-07-12,3,19,46,0,1
3584,Lisinopril Tablets,2016-06-22,0,0.0295835714285714,2016-07-20,3,19,46,0,1
3585,Lisinopril Tablets,2017-07-12,0,0.021485,2017-07-19,3,19,46,0,1
3586,Lisinopril Tablets,2018-07-18,0,0.0288299999999999,2018-08-22,3,19,46,0,1
3587,Lisinopril Tablets,2017-07-19,0,0.0295515,2017-08-23,3,19,46,0,1
3588,Lisinopril Tablets,2016-07-20,0,0.0304396428571428,2016-08-17,3,19,46,0,1
3590,Lisinopril Tablets,2016-08-17,0,0.0310935714285714,2016-09-21,3,19,46,0,1
3591,Lisinopril Tablets,2018-08-22,0,0.0286417073170731,2018-09-19,3,19,46,0,1
3592,Lisinopril Tablets,2017-08-23,0,0.0296314999999999,2017-09-20,3,19,46,0,1
3593,Lisinopril Tablets,2018-09-19,0,0.0278880487804878,2018-10-17,3,19,46,0,1
3594,Lisinopril Tablets,2017-09-20,0,0.0298105,2017-10-11,3,19,46,0,1
3595,Lisinopril Tablets,2016-09-21,0,0.0295460714285714,2016-10-19,3,19,46,0,1
3596,Lisinopril Tablets,2017-10-11,0,0.02478,2017-10-18,3,19,46,0,1
3597,Lisinopril Tablets,2018-10-17,0,0.0273068292682926,2018-11-21,3,19,46,0,1
3598,Lisinopril Tablets,2017-10-18,0,0.0299678048780487,2017-11-22,3,19,46,0,1
3599,Lisinopril Tablets,2016-10-19,0,0.0306042857142857,2016-11-23,3,19,46,0,1
3600,Lisinopril Tablets,2018-11-21,0,0.0263436585365853,2018-12-19,3,19,46,0,1
3601,Lisinopril Tablets,2017-11-22,0,0.028540731707317,2017-12-20,3,19,46,0,1
3602,Lisinopril Tablets,2016-11-23,0,0.0277203571428571,2016-12-21,3,19,46,0,1
3603,Lisinopril Tablets,2024-12-18,0,0.0248213513513513,2025-01-22,3,19,46,0,1
3605,Lisinopril Tablets,2017-12-20,0,0.0273397560975609,2018-01-17,3,19,46,0,1
3606,Lisinopril Tablets,2016-12-21,0,0.0302932142857142,2017-01-18,3,19,46,0,1
3607,Lisinopril Tablets,2015-12-23,0,0.0299414285714285,2016-01-20,3,19,46,0,1
3608,Lorazepam Oral Solution,2018-01-17,1,0.58442,2018-02-21,3,3,3,1,0
3609,Lorazepam Oral Solution,2017-01-18,0,0.67645,2017-02-22,3,3,3,1,0
3610,Lorazepam Oral Solution,2016-01-20,0,0.74776,2016-02-17,3,3,3,1,0
3611,Lorazepam Oral Solution,2025-01-22,0,0.62368,2025-02-19,3,3,3,1,0
3612,Lorazepam Oral Solution,2016-02-17,0,0.65501,2016-03-23,3,3,3,1,0
3613,Lorazepam Oral Solution,2025-02-19,0,0.61553,2025-03-19,3,3,3,1,0
3614,Lorazepam Oral Solution,2018-02-21,1,0.62958,2018-03-21,3,3,3,1,0
3615,Lorazepam Oral Solution,2017-02-22,0,0.59678,2017-03-22,3,3,3,1,0
3616,Lorazepam Oral Solution,2025-03-19,0,0.59922,2025-04-23,3,3,3,1,0
3617,Lorazepam Oral Solution,2018-03-21,1,0.5283,2018-04-18,3,3,3,1,0
3618,Lorazepam Oral Solution,2017-03-22,0,0.52544,2017-04-19,3,3,3,1,0
3619,Lorazepam Oral Solution,2016-03-23,0,0.68897,2016-04-20,3,3,3,1,0
3620,Lorazepam Oral Solution,2018-04-18,1,0.62664,2018-05-23,3,3,3,1,0
3621,Lorazepam Oral Solution,2017-04-19,0,0.52854,2017-05-17,3,3,3,1,0
3622,Lorazepam Oral Solution,2016-04-20,0,0.70176,2016-05-18,3,3,3,1,0
3623,Lorazepam Oral Solution,2025-04-23,0,0.58659,2025-05-21,3,3,3,1,0
3624,Lorazepam Oral Solution,2017-05-17,0,0.62429,2017-06-21,3,3,3,1,0
3625,Lorazepam Oral Solution,2016-05-18,0,0.66872,2016-06-22,3,3,3,1,0
3626,Lorazepam Oral Solution,2025-05-21,0,0.57363,2025-06-18,3,3,3,1,0
3627,Lorazepam Oral Solution,2018-05-23,1,0.50699,2018-06-20,3,3,3,1,0
3628,Lorazepam Oral Solution,2025-06-18,0,0.56818,2025-07-23,3,3,3,1,0
3629,Lorazepam Oral Solution,2018-06-20,1,0.57059,2018-07-18,3,3,3,1,0
3630,Lorazepam Oral Solution,2017-06-21,0,0.6393,2017-07-19,3,3,3,1,0
3631,Lorazepam Oral Solution,2016-06-22,0,0.59911,2016-07-20,3,3,3,1,0
3632,Lorazepam Oral Solution,2018-07-18,1,0.55315,2018-08-22,3,3,3,1,0
3633,Lorazepam Oral Solution,2017-07-19,0,0.63939,2017-08-23,3,3,3,1,0
3634,Lorazepam Oral Solution,2016-07-20,0,0.68964,2016-08-17,3,3,3,1,0
3636,Lorazepam Oral Solution,2016-08-17,0,0.64694,2016-09-21,3,3,3,1,0
3637,Lorazepam Oral Solution,2018-08-22,1,0.58761,2018-09-19,3,3,3,1,0
3638,Lorazepam Oral Solution,2017-08-23,0,0.6345,2017-09-20,3,3,3,1,0
3639,Lorazepam Oral Solution,2018-09-19,1,0.5468,2018-10-17,3,3,3,1,0
3640,Lorazepam Oral Solution,2017-09-20,0,0.66206,2017-10-18,3,3,3,1,0
3641,Lorazepam Oral Solution,2016-09-21,0,0.68167,2016-10-19,3,3,3,1,0
3642,Lorazepam Oral Solution,2018-10-17,0,0.55017,2018-11-21,3,3,3,1,0
3643,Lorazepam Oral Solution,2017-10-18,0,0.59895,2017-11-22,3,3,3,1,0
3644,Lorazepam Oral Solution,2016-10-19,0,0.71206,2016-11-23,3,3,3,1,0
3645,Lorazepam Oral Solution,2018-11-21,0,0.64958,2018-12-19,3,3,3,1,0
3646,Lorazepam Oral Solution,2017-11-22,0,0.57079,2017-12-20,3,3,3,1,0
3647,Lorazepam Oral Solution,2016-11-23,0,0.70171,2016-12-21,3,3,3,1,0
3648,Lorazepam Oral Solution,2024-12-18,0,0.6354,2025-01-22,3,3,3,1,0
3650,Lorazepam Oral Solution,2017-12-20,0,0.59202,2018-01-17,3,3,3,1,0
3651,Lorazepam Oral Solution,2016-12-21,0,0.67042,2017-01-18,3,3,3,1,0
3652,Lorazepam Oral Solution,2015-12-23,0,0.71581,2016-01-20,3,3,3,1,0
3653,Losartan Tablets,2025-01-01,0,4.583024220183487,2025-01-22,6,18,40,0,1
3654,Losartan Tablets,2018-01-17,0,0.0425834615384615,2018-02-21,6,18,40,0,1
3655,Losartan Tablets,2017-01-18,0,0.0493363999999999,2017-02-22,6,18,40,0,1
3656,Losartan Tablets,2016-01-20,0,0.0568966666666666,2016-02-10,6,18,40,0,1
3657,Losartan Tablets,2025-01-22,0,0.0369428125,2025-02-19,6,18,40,0,1
3658,Losartan Tablets,2016-02-10,0,0.0568966666666666,2016-02-17,6,18,40,0,1
3659,Losartan Tablets,2016-02-17,0,0.0554266666666666,2016-03-23,6,18,40,0,1
3660,Losartan Tablets,2025-02-19,0,0.0398628125,2025-03-19,6,18,40,0,1
3661,Losartan Tablets,2018-02-21,0,0.0435861538461538,2018-03-21,6,18,40,0,1
3662,Losartan Tablets,2017-02-22,0,0.0524868,2017-03-01,6,18,40,0,1
3663,Losartan Tablets,2017-03-01,0,0.04326,2017-03-22,6,18,40,0,1
3664,Losartan Tablets,2025-03-19,0,0.0409209375,2025-04-23,6,18,40,0,1
3665,Losartan Tablets,2018-03-21,0,0.0430665384615384,2018-04-11,6,18,40,0,1
3666,Losartan Tablets,2017-03-22,0,0.049691923076923,2017-04-19,6,18,40,0,1
3667,Losartan Tablets,2016-03-23,0,0.05652,2016-04-20,6,18,40,0,1
3668,Losartan Tablets,2018-04-11,0,0.0428033333333333,2018-04-18,6,18,40,0,1
3669,Losartan Tablets,2018-04-18,0,0.0409393103448275,2018-05-23,6,18,40,0,1
3670,Losartan Tablets,2017-04-19,0,0.0457538461538461,2017-05-17,6,18,40,0,1
3671,Losartan Tablets,2016-04-20,0,0.0583333333333333,2016-05-11,6,18,40,0,1
3672,Losartan Tablets,2025-04-23,0,0.0408390625,2025-05-21,6,18,40,0,1
3673,Losartan Tablets,2016-05-11,0,0.063775,2016-05-18,6,18,40,0,1
3674,Losartan Tablets,2017-05-17,0,0.0480976923076923,2017-06-21,6,18,40,0,1
3675,Losartan Tablets,2016-05-18,0,0.0530117647058823,2016-06-22,6,18,40,0,1
3676,Losartan Tablets,2025-05-21,0,0.5972783333333334,2025-06-18,6,18,40,0,1
3677,Losartan Tablets,2018-05-23,0,0.0406775862068965,2018-06-20,6,18,40,0,1
3678,Losartan Tablets,2025-06-18,0,0.5967516666666667,2025-07-23,6,18,40,0,1
3679,Losartan Tablets,2018-06-20,0,0.0386913793103448,2018-07-18,6,18,40,0,1
3680,Losartan Tablets,2017-06-21,0,0.0469199999999999,2017-07-19,6,18,40,0,1
3681,Losartan Tablets,2016-06-22,0,0.0520029411764705,2016-07-20,6,18,40,0,1
3682,Losartan Tablets,2018-07-18,0,0.039193448275862,2018-08-22,6,18,40,0,1
3683,Losartan Tablets,2017-07-19,0,0.045951923076923,2017-08-23,6,18,40,0,1
3684,Losartan Tablets,2016-07-20,0,0.0578076470588235,2016-08-17,6,18,40,0,1
3686,Losartan Tablets,2016-08-17,0,0.0561364705882352,2016-09-21,6,18,40,0,1
3687,Losartan Tablets,2018-08-22,0,0.0397710344827586,2018-09-19,6,18,40,0,1
3688,Losartan Tablets,2017-08-23,0,0.0459373076923076,2017-09-20,6,18,40,0,1
3689,Losartan Tablets,2018-09-19,0,0.039023448275862,2018-10-17,6,18,40,0,1
3690,Losartan Tablets,2017-09-20,0,0.0448596153846153,2017-10-18,6,18,40,0,1
3691,Losartan Tablets,2016-09-21,0,0.0507758823529411,2016-10-19,6,18,40,0,1
3692,Losartan Tablets,2018-10-17,0,0.0371610344827586,2018-11-21,6,18,40,0,1
3693,Losartan Tablets,2017-10-18,0,0.0444242307692307,2017-11-22,6,18,40,0,1
3694,Losartan Tablets,2016-10-19,0,0.0527099999999999,2016-11-23,6,18,40,0,1
3695,Losartan Tablets,2018-11-21,0,0.0366203448275862,2018-12-19,6,18,40,0,1
3696,Losartan Tablets,2017-11-22,0,0.0435630769230769,2017-12-20,6,18,40,0,1
3697,Losartan Tablets,2016-11-23,0,0.0497235294117647,2016-12-21,6,18,40,0,1
3698,Losartan Tablets,2024-12-18,0,0.0374753125,2025-01-01,6,18,40,0,1
3700,Losartan Tablets,2017-12-20,0,0.0413153846153846,2018-01-17,6,18,40,0,1
3701,Losartan Tablets,2016-12-21,0,0.05528,2017-01-18,6,18,40,0,1
3702,Losartan Tablets,2015-12-23,0,0.0590166666666666,2016-01-20,6,18,40,0,1
3703,METHOTREXATE INJECTION,2018-01-01,0,394.416,2018-01-17,7,18,20,0,1
3704,METHOTREXATE INJECTION,2018-01-17,0,3.2416399999999994,2018-02-21,7,18,20,0,1
3705,METHOTREXATE INJECTION,2017-01-18,0,1.865018780487805,2017-02-22,7,18,20,0,1
3706,METHOTREXATE INJECTION,2016-01-20,1,2.765003333333334,2016-02-17,7,18,20,0,1
3707,METHOTREXATE INJECTION,2025-01-22,0,235.599595,2025-02-19,7,18,20,0,1
3708,METHOTREXATE INJECTION,2016-02-17,1,1.7678766666666663,2016-03-23,7,18,20,0,1
3709,METHOTREXATE INJECTION,2025-02-19,0,235.6384,2025-03-19,7,18,20,0,1
3710,METHOTREXATE INJECTION,2018-02-21,0,3.21138,2018-03-21,7,18,20,0,1
3711,METHOTREXATE INJECTION,2017-02-22,0,3.14638,2017-03-22,7,18,20,0,1
3712,METHOTREXATE INJECTION,2025-03-19,0,177.42523000000003,2025-04-01,7,18,20,0,1
3713,METHOTREXATE INJECTION,2018-03-21,0,2.8078333333333334,2018-04-18,7,18,20,0,1
3714,METHOTREXATE INJECTION,2017-03-22,0,239.48771,2017-04-19,7,18,20,0,1
3715,METHOTREXATE INJECTION,2016-03-23,1,1.8246583333333333,2016-04-20,7,18,20,0,1
3716,METHOTREXATE INJECTION,2025-04-01,0,481.7384233333333,2025-04-23,7,18,20,0,1
3717,METHOTREXATE INJECTION,2018-04-18,0,2.5539433333333337,2018-05-23,7,18,20,0,1
3718,METHOTREXATE INJECTION,2017-04-19,0,3.0195,2017-05-17,7,18,20,0,1
3719,METHOTREXATE INJECTION,2016-04-20,1,1.7660183333333332,2016-05-18,7,18,20,0,1
3720,METHOTREXATE INJECTION,2025-04-23,0,2.854363333333333,2025-05-21,7,18,20,0,1
3721,METHOTREXATE INJECTION,2017-05-17,0,3.2448500000000005,2017-06-21,7,18,20,0,1
3722,METHOTREXATE INJECTION,2016-05-18,1,1.7073083333333334,2016-06-22,7,18,20,0,1
3723,METHOTREXATE INJECTION,2025-05-21,0,2.830866666666666,2025-06-18,7,18,20,0,1
3724,METHOTREXATE INJECTION,2018-05-23,0,2.723953333333333,2018-06-20,7,18,20,0,1
3725,METHOTREXATE INJECTION,2025-06-18,0,2.792533333333333,2025-07-23,7,18,20,0,1
3726,METHOTREXATE INJECTION,2018-06-20,0,2.741203333333333,2018-07-18,7,18,20,0,1
3727,METHOTREXATE INJECTION,2017-06-21,0,3.28352,2017-07-05,7,18,20,0,1
3728,METHOTREXATE INJECTION,2016-06-22,0,1.8560283333333327,2016-07-20,7,18,20,0,1
3729,METHOTREXATE INJECTION,2017-07-05,0,375.64144,2017-07-19,7,18,20,0,1
3730,METHOTREXATE INJECTION,2018-07-18,0,2.62898,2018-08-22,7,18,20,0,1
3731,METHOTREXATE INJECTION,2017-07-19,0,3.1729,2017-08-23,7,18,20,0,1
3732,METHOTREXATE INJECTION,2016-07-20,0,1.7416866666666666,2016-08-17,7,18,20,0,1
3734,METHOTREXATE INJECTION,2016-08-17,0,1.7185616666666663,2016-09-21,7,18,20,0,1
3735,METHOTREXATE INJECTION,2018-08-22,0,2.63965,2018-09-19,7,18,20,0,1
3736,METHOTREXATE INJECTION,2017-08-23,0,1.848018,2017-09-20,7,18,20,0,1
3737,METHOTREXATE INJECTION,2018-09-19,0,2.64851,2018-10-17,7,18,20,0,1
3738,METHOTREXATE INJECTION,2017-09-20,0,0.9275547107438016,2017-10-18,7,18,20,0,1
3739,METHOTREXATE INJECTION,2016-09-21,0,1.8301509090909087,2016-10-19,7,18,20,0,1
3740,METHOTREXATE INJECTION,2018-10-17,0,2.7814566666666667,2018-11-21,7,18,20,0,1
3741,METHOTREXATE INJECTION,2017-10-18,0,3.172,2017-11-22,7,18,20,0,1
3742,METHOTREXATE INJECTION,2016-10-19,0,1.952514,2016-11-23,7,18,20,0,1
3743,METHOTREXATE INJECTION,2018-11-21,0,2.9592499999999995,2018-12-19,7,18,20,0,1
3744,METHOTREXATE INJECTION,2017-11-22,0,2.5666466666666667,2017-12-20,7,18,20,0,1
3745,METHOTREXATE INJECTION,2016-11-23,0,1.7712583333333332,2016-12-21,7,18,20,0,1
3746,METHOTREXATE INJECTION,2024-12-18,0,235.63758166666665,2025-01-22,7,18,20,0,1
3748,METHOTREXATE INJECTION,2017-12-20,0,2.088083809523809,2018-01-01,7,18,20,0,1
3749,METHOTREXATE INJECTION,2016-12-21,0,1.0549508695652174,2017-01-18,7,18,20,0,1
3750,METHOTREXATE INJECTION,2015-12-23,1,1.3370308333333334,2016-01-20,7,18,20,0,1
3751,MIDAZOLAM INJECTION,2025-01-22,0,0.306935,2025-02-19,9,31,53,0,1
3752,MIDAZOLAM INJECTION,2025-02-19,0,0.4172,2025-03-19,9,31,53,0,1
3754,MIDAZOLAM INJECTION,2025-03-19,0,0.20448,2025-04-23,9,31,53,0,1
3755,MIDAZOLAM INJECTION,2025-04-23,0,0.20481,2025-05-21,9,31,53,0,1
3757,MIDAZOLAM INJECTION,2025-05-21,0,0.3920388235294117,2025-06-18,9,31,53,0,1
3758,MIDAZOLAM INJECTION,2025-06-18,0,0.20855,2025-07-23,9,31,53,0,1
3761,MIDAZOLAM INJECTION,2024-12-18,0,0.29727,2025-01-22,9,31,53,0,1
3762,Melphalan Injection,2018-01-17,0,17.1665,2018-02-21,9,9,9,1,0
3763,Melphalan Injection,2017-01-18,0,24.99443,2017-02-22,9,9,9,1,0
3764,Melphalan Injection,2016-01-20,0,27.05084,2016-02-17,9,9,9,1,0
3765,Melphalan Injection,2025-01-22,0,13.97298,2025-02-19,9,9,9,1,0
3766,Melphalan Injection,2016-02-17,0,26.00867,2016-03-23,9,9,9,1,0
3767,Melphalan Injection,2025-02-19,0,13.88274,2025-03-19,9,9,9,1,0
3768,Melphalan Injection,2018-02-21,0,17.51365,2018-03-21,9,9,9,1,0
3769,Melphalan Injection,2017-02-22,0,23.94718,2017-03-22,9,9,9,1,0
3770,Melphalan Injection,2025-03-19,0,13.65673,2025-04-23,9,9,9,1,0
3772,Melphalan Injection,2017-03-22,0,19.818,2017-04-19,9,9,9,1,0
3773,Melphalan Injection,2016-03-23,0,27.09189,2016-04-20,9,9,9,1,0
3774,Melphalan Injection,2017-04-19,0,18.757,2017-05-17,9,9,9,1,0
3775,Melphalan Injection,2016-04-20,0,26.70503,2016-05-18,9,9,9,1,0
3776,Melphalan Injection,2025-04-23,0,13.6827,2025-05-21,9,9,9,1,0
3777,Melphalan Injection,2017-05-17,0,22.0394,2017-06-21,9,9,9,1,0
3778,Melphalan Injection,2016-05-18,0,24.817,2016-06-22,9,9,9,1,0
3779,Melphalan Injection,2025-05-21,0,13.04524,2025-06-18,9,9,9,1,0
3780,Melphalan Injection,2025-06-18,0,12.87062,2025-07-23,9,9,9,1,0
3781,Melphalan Injection,2018-06-20,0,16.93826,2018-07-18,9,9,9,1,0
3782,Melphalan Injection,2017-06-21,0,15.37627,2017-07-12,9,9,9,1,0
3783,Melphalan Injection,2016-06-22,0,25.50638,2016-07-20,9,9,9,1,0
3784,Melphalan Injection,2017-07-12,0,20.54864,2017-07-19,9,9,9,1,0
3785,Melphalan Injection,2018-07-18,0,18.17756,2018-08-22,9,9,9,1,0
3786,Melphalan Injection,2017-07-19,0,20.55582,2017-08-23,9,9,9,1,0
3787,Melphalan Injection,2016-07-20,0,23.84088,2016-08-17,9,9,9,1,0
3789,Melphalan Injection,2016-08-17,0,23.75661,2016-09-21,9,9,9,1,0
3790,Melphalan Injection,2018-08-22,0,19.14565,2018-09-19,9,9,9,1,0
3791,Melphalan Injection,2017-08-23,0,20.22108,2017-09-20,9,9,9,1,0
3792,Melphalan Injection,2018-09-19,0,14.165,2018-10-17,9,9,9,1,0
3793,Melphalan Injection,2017-09-20,0,20.38611,2017-10-18,9,9,9,1,0
3794,Melphalan Injection,2016-09-21,0,24.10929,2016-10-19,9,9,9,1,0
3795,Melphalan Injection,2018-10-17,0,15.79271,2018-11-21,9,9,9,1,0
3796,Melphalan Injection,2017-10-18,0,14.28,2017-11-01,9,9,9,1,0
3797,Melphalan Injection,2016-10-19,0,24.692,2016-11-23,9,9,9,1,0
3798,Melphalan Injection,2017-11-01,0,16.26329,2017-11-22,9,9,9,1,0
3799,Melphalan Injection,2018-11-21,0,14.888,2018-12-19,9,9,9,1,0
3800,Melphalan Injection,2017-11-22,0,16.26329,2017-11-29,9,9,9,1,0
3801,Melphalan Injection,2016-11-23,0,24.80129,2016-12-21,9,9,9,1,0
3802,Melphalan Injection,2017-11-29,0,18.71127,2017-12-20,9,9,9,1,0
3803,Melphalan Injection,2024-12-18,0,13.70758,2025-01-22,9,9,9,1,0
3805,Melphalan Injection,2017-12-20,0,19.22178,2018-01-17,9,9,9,1,0
3806,Melphalan Injection,2016-12-21,0,25.0028,2017-01-18,9,9,9,1,0
3807,Melphalan Injection,2015-12-23,0,24.97618,2016-01-20,9,9,9,1,0
3812,Meropenem Injection,2025-01-22,0,6.23565,2025-02-19,4,8,8,1,0
3813,Meropenem Injection,2025-02-19,0,5.76969,2025-03-19,4,8,8,1,0
3814,Meropenem Injection,2025-03-19,0,5.70922,2025-04-23,4,8,8,1,0
3815,Meropenem Injection,2025-04-23,0,5.52234,2025-05-21,4,8,8,1,0
3816,Meropenem Injection,2025-05-21,0,5.26957,2025-06-18,4,8,8,1,0
3818,Meropenem Injection,2025-06-18,0,5.23834,2025-07-23,4,8,8,1,0
3820,Meropenem Injection,2024-12-18,0,6.84298,2025-01-22,4,8,8,1,0
3821,Metformin Oral Solution,2025-01-22,0,0.58208,2025-02-19,1,1,1,1,0
3822,Metformin Oral Solution,2025-02-19,0,0.601,2025-03-19,1,1,1,1,0
3823,Metformin Oral Solution,2025-03-19,0,0.67659,2025-04-23,1,1,1,1,0
3824,Metformin Oral Solution,2025-04-23,0,0.70241,2025-05-21,1,1,1,1,0
3825,Metformin Oral Solution,2025-05-21,0,0.70364,2025-06-18,1,1,1,1,0
3826,Metformin Oral Solution,2025-06-18,0,0.69456,2025-07-23,1,1,1,1,0
3828,Metformin Oral Solution,2024-12-18,0,0.59435,2025-01-22,1,1,1,1,0
3829,Methenamine Hippurate Tablets,2018-01-17,0,1.17794,2018-02-21,3,3,3,0,1
3830,Methenamine Hippurate Tablets,2025-01-22,0,0.36095,2025-02-19,3,3,3,0,1
3831,Methenamine Hippurate Tablets,2025-02-19,0,0.37624,2025-03-19,3,3,3,0,1
3832,Methenamine Hippurate Tablets,2018-02-21,0,1.22842,2018-03-21,3,3,3,0,1
3833,Methenamine Hippurate Tablets,2025-03-19,0,0.39829,2025-04-23,3,3,3,0,1
3834,Methenamine Hippurate Tablets,2018-03-21,0,1.18245,2018-04-18,3,3,3,0,1
3835,Methenamine Hippurate Tablets,2018-04-18,0,1.09131,2018-05-23,3,3,3,0,1
3836,Methenamine Hippurate Tablets,2025-04-23,0,0.40599,2025-05-21,3,3,3,0,1
3837,Methenamine Hippurate Tablets,2025-05-21,0,0.40056,2025-06-18,3,3,3,0,1
3838,Methenamine Hippurate Tablets,2018-05-23,0,1.01121,2018-06-20,3,3,3,0,1
3839,Methenamine Hippurate Tablets,2025-06-18,0,0.39212,2025-07-23,3,3,3,0,1
3840,Methenamine Hippurate Tablets,2018-06-20,0,0.89409,2018-07-18,3,3,3,0,1
3841,Methenamine Hippurate Tablets,2018-07-18,0,0.90046,2018-08-22,3,3,3,0,1
3843,Methenamine Hippurate Tablets,2018-08-22,0,0.91891,2018-09-19,3,3,3,0,1
3844,Methenamine Hippurate Tablets,2018-09-19,0,0.9834,2018-10-17,3,3,3,0,1
3845,Methenamine Hippurate Tablets,2018-10-17,0,0.95651,2018-11-21,3,3,3,0,1
3846,Methenamine Hippurate Tablets,2017-11-15,0,1.19495,2017-11-22,3,3,3,0,1
3847,Methenamine Hippurate Tablets,2018-11-21,0,0.88377,2018-12-19,3,3,3,0,1
3848,Methenamine Hippurate Tablets,2017-11-22,0,1.17765,2017-12-20,3,3,3,0,1
3849,Methenamine Hippurate Tablets,2024-12-18,0,0.38293,2025-01-22,3,3,3,0,1
3851,Methenamine Hippurate Tablets,2017-12-20,0,1.18404,2018-01-17,3,3,3,0,1
3852,Methocarbamol Tablets,2018-01-17,0,0.069706,2018-02-21,7,14,27,0,1
3853,Methocarbamol Tablets,2017-01-18,0,0.076978,2017-02-22,7,14,27,0,1
3854,Methocarbamol Tablets,2016-01-20,0,0.0800785714285714,2016-02-10,7,14,27,0,1
3855,Methocarbamol Tablets,2025-01-22,0,0.03514,2025-02-19,7,14,27,0,1
3856,Methocarbamol Tablets,2016-02-10,0,0.07457,2016-02-17,7,14,27,0,1
3857,Methocarbamol Tablets,2016-02-17,0,0.0775419999999999,2016-03-23,7,14,27,0,1
3858,Methocarbamol Tablets,2025-02-19,0,0.037865,2025-03-19,7,14,27,0,1
3859,Methocarbamol Tablets,2018-02-21,0,0.073794,2018-03-14,7,14,27,0,1
3860,Methocarbamol Tablets,2017-02-22,0,0.0746719999999999,2017-03-22,7,14,27,0,1
3861,Methocarbamol Tablets,2018-03-14,0,0.06459,2018-03-21,7,14,27,0,1
3862,Methocarbamol Tablets,2025-03-19,0,0.040285,2025-04-23,7,14,27,0,1
3863,Methocarbamol Tablets,2018-03-21,0,0.0707281818181818,2018-04-18,7,14,27,0,1
3864,Methocarbamol Tablets,2017-03-22,0,0.073322,2017-04-19,7,14,27,0,1
3865,Methocarbamol Tablets,2016-03-23,0,0.08176,2016-04-20,7,14,27,0,1
3866,Methocarbamol Tablets,2018-04-18,1,0.0657181818181818,2018-05-23,7,14,27,0,1
3867,Methocarbamol Tablets,2017-04-19,0,0.072852,2017-05-17,7,14,27,0,1
3868,Methocarbamol Tablets,2016-04-20,0,0.07393,2016-05-18,7,14,27,0,1
3869,Methocarbamol Tablets,2025-04-23,0,0.039685,2025-05-21,7,14,27,0,1
3870,Methocarbamol Tablets,2017-05-17,0,0.07473,2017-06-21,7,14,27,0,1
3871,Methocarbamol Tablets,2016-05-18,0,0.077474,2016-06-22,7,14,27,0,1
3872,Methocarbamol Tablets,2025-05-21,0,0.03965,2025-06-18,7,14,27,0,1
3873,Methocarbamol Tablets,2018-05-23,1,0.06339,2018-05-30,7,14,27,0,1
3874,Methocarbamol Tablets,2018-05-30,1,0.07364,2018-06-20,7,14,27,0,1
3875,Methocarbamol Tablets,2025-06-18,0,0.040275,2025-07-23,7,14,27,0,1
3876,Methocarbamol Tablets,2018-06-20,1,0.0631753333333333,2018-07-18,7,14,27,0,1
3877,Methocarbamol Tablets,2017-06-21,0,0.0734539999999999,2017-07-19,7,14,27,0,1
3878,Methocarbamol Tablets,2016-06-22,0,0.079226,2016-07-20,7,14,27,0,1
3879,Methocarbamol Tablets,2018-07-18,1,0.065674,2018-08-22,7,14,27,0,1
3880,Methocarbamol Tablets,2017-07-19,0,0.070502,2017-08-23,7,14,27,0,1
3881,Methocarbamol Tablets,2016-07-20,0,0.080598,2016-08-17,7,14,27,0,1
3883,Methocarbamol Tablets,2016-08-17,0,0.082966,2016-09-21,7,14,27,0,1
3884,Methocarbamol Tablets,2018-08-22,1,0.0686013333333333,2018-09-12,7,14,27,0,1
3885,Methocarbamol Tablets,2017-08-23,0,0.073126,2017-09-20,7,14,27,0,1
3886,Methocarbamol Tablets,2018-09-12,1,0.0645,2018-09-19,7,14,27,0,1
3887,Methocarbamol Tablets,2018-09-19,1,0.06387,2018-10-17,7,14,27,0,1
3888,Methocarbamol Tablets,2017-09-20,0,0.0717859999999999,2017-10-18,7,14,27,0,1
3889,Methocarbamol Tablets,2016-09-21,0,0.081542,2016-10-19,7,14,27,0,1
3890,Methocarbamol Tablets,2018-10-17,1,0.06939,2018-11-21,7,14,27,0,1
3891,Methocarbamol Tablets,2017-10-18,0,0.072066,2017-11-22,7,14,27,0,1
3892,Methocarbamol Tablets,2016-10-19,0,0.083052,2016-11-23,7,14,27,0,1
3893,Methocarbamol Tablets,2018-11-21,1,0.067345,2018-12-19,7,14,27,0,1
3894,Methocarbamol Tablets,2017-11-22,0,0.070408,2017-12-20,7,14,27,0,1
3895,Methocarbamol Tablets,2016-11-23,0,0.080162,2016-12-21,7,14,27,0,1
3896,Methocarbamol Tablets,2024-12-18,0,0.035255,2025-01-22,7,14,27,0,1
3898,Methocarbamol Tablets,2017-12-20,0,0.069674,2018-01-17,7,14,27,0,1
3899,Methocarbamol Tablets,2016-12-21,0,0.08057,2017-01-18,7,14,27,0,1
3900,Methocarbamol Tablets,2015-12-23,0,0.0799471428571428,2016-01-20,7,14,27,0,1
3901,Methyldopa Tablets,2018-01-17,0,0.179315,2018-02-21,2,4,6,0,1
3902,Methyldopa Tablets,2017-01-18,0,0.1652699999999999,2017-02-22,2,4,6,0,1
3903,Methyldopa Tablets,2016-01-20,0,0.19056,2016-02-17,2,4,6,0,1
3904,Methyldopa Tablets,2016-02-17,0,0.17673,2016-03-23,2,4,6,0,1
3905,Methyldopa Tablets,2018-02-21,0,0.2079099999999999,2018-03-21,2,4,6,0,1
3906,Methyldopa Tablets,2017-02-22,0,0.181465,2017-03-22,2,4,6,0,1
3907,Methyldopa Tablets,2025-03-19,0,7.49991,2025-04-23,2,4,6,0,1
3908,Methyldopa Tablets,2018-03-21,0,0.09713,2018-04-18,2,4,6,0,1
3909,Methyldopa Tablets,2017-03-22,0,0.181845,2017-04-19,2,4,6,0,1
3910,Methyldopa Tablets,2016-03-23,0,0.184215,2016-04-20,2,4,6,0,1
3911,Methyldopa Tablets,2018-04-18,0,0.18042,2018-05-23,2,4,6,0,1
3912,Methyldopa Tablets,2017-04-19,0,0.172875,2017-05-17,2,4,6,0,1
3913,Methyldopa Tablets,2016-04-20,0,0.19577,2016-05-18,2,4,6,0,1
3914,Methyldopa Tablets,2025-04-23,0,7.49991,2025-05-21,2,4,6,0,1
3915,Methyldopa Tablets,2017-05-17,0,0.1899,2017-06-21,2,4,6,0,1
3916,Methyldopa Tablets,2016-05-18,0,0.17103,2016-06-22,2,4,6,0,1
3917,Methyldopa Tablets,2025-05-21,0,7.49991,2025-06-18,2,4,6,0,1
3918,Methyldopa Tablets,2018-05-23,0,0.190385,2018-06-20,2,4,6,0,1
3919,Methyldopa Tablets,2025-06-18,0,7.49991,2025-07-23,2,4,6,0,1
3920,Methyldopa Tablets,2018-06-20,0,0.1706,2018-07-18,2,4,6,0,1
3921,Methyldopa Tablets,2017-06-21,0,0.1629,2017-07-19,2,4,6,0,1
3922,Methyldopa Tablets,2016-06-22,0,0.15896,2016-07-20,2,4,6,0,1
3923,Methyldopa Tablets,2018-07-18,0,0.207085,2018-08-22,2,4,6,0,1
3924,Methyldopa Tablets,2017-07-19,0,0.148595,2017-08-23,2,4,6,0,1
3925,Methyldopa Tablets,2016-07-20,0,0.17155,2016-08-17,2,4,6,0,1
3927,Methyldopa Tablets,2016-08-17,0,0.1761349999999999,2016-09-21,2,4,6,0,1
3928,Methyldopa Tablets,2018-08-22,1,0.20805,2018-09-19,2,4,6,0,1
3929,Methyldopa Tablets,2017-08-23,0,0.13576,2017-09-20,2,4,6,0,1
3930,Methyldopa Tablets,2018-09-19,1,0.175165,2018-10-17,2,4,6,0,1
3931,Methyldopa Tablets,2017-09-20,0,0.141095,2017-10-18,2,4,6,0,1
3932,Methyldopa Tablets,2016-09-21,0,0.150715,2016-10-19,2,4,6,0,1
3934,Methyldopa Tablets,2017-10-18,0,0.16563,2017-11-22,2,4,6,0,1
3935,Methyldopa Tablets,2016-10-19,0,0.162105,2016-11-23,2,4,6,0,1
3936,Methyldopa Tablets,2017-11-22,0,0.2027233333333333,2017-12-20,2,4,6,0,1
3937,Methyldopa Tablets,2016-11-23,0,0.167865,2016-12-21,2,4,6,0,1
3939,Methyldopa Tablets,2017-12-20,0,0.10182,2018-01-17,2,4,6,0,1
3940,Methyldopa Tablets,2016-12-21,0,0.179085,2017-01-18,2,4,6,0,1
3941,Methyldopa Tablets,2015-12-23,0,0.18955,2016-01-20,2,4,6,0,1
3942,Methylphenidate Extended-Release Oral Suspension and Chewable Tablets,2025-01-22,0,6.835787142857143,2025-02-19,1,7,7,1,0
3943,Methylphenidate Extended-Release Oral Suspension and Chewable Tablets,2025-02-19,0,6.833678571428572,2025-03-19,1,7,7,1,0
3944,Methylphenidate Extended-Release Oral Suspension and Chewable Tablets,2025-03-19,0,6.832715714285714,2025-04-23,1,7,7,1,0
3945,Methylphenidate Extended-Release Oral Suspension and Chewable Tablets,2025-04-23,0,6.8322014285714285,2025-05-21,1,7,7,1,0
3946,Methylphenidate Extended-Release Oral Suspension and Chewable Tablets,2025-05-21,0,6.830321428571429,2025-06-18,1,7,7,1,0
3947,Methylphenidate Extended-Release Oral Suspension and Chewable Tablets,2025-06-18,0,6.829255714285715,2025-07-23,1,7,7,1,0
3950,Methylphenidate Extended-Release Oral Suspension and Chewable Tablets,2024-12-18,0,6.835842857142857,2025-01-22,1,7,7,1,0
3952,Methylphenidate Hydrochloride Extended Release Oral Presentations,2015-01-01,0,11.41758,2015-02-18,9,46,49,0,1
3953,Methylphenidate Hydrochloride Extended Release Oral Presentations,2016-01-01,1,8.990276564885496,2016-01-06,9,46,49,0,1
3954,Methylphenidate Hydrochloride Extended Release Oral Presentations,2018-01-03,0,10.686382093023257,2018-01-17,9,46,49,0,1
3955,Methylphenidate Hydrochloride Extended Release Oral Presentations,2016-01-06,1,9.466206875,2016-01-20,9,46,49,0,1
3956,Methylphenidate Hydrochloride Extended Release Oral Presentations,2017-01-14,0,10.049355,2017-01-18,9,46,49,0,1
3957,Methylphenidate Hydrochloride Extended Release Oral Presentations,2018-01-17,0,9.344967379679144,2018-02-21,9,46,49,0,1
3958,Methylphenidate Hydrochloride Extended Release Oral Presentations,2017-01-18,0,4.117754242424242,2017-01-19,9,46,49,0,1
3959,Methylphenidate Hydrochloride Extended Release Oral Presentations,2017-01-19,0,10.21747,2017-02-15,9,46,49,0,1
3960,Methylphenidate Hydrochloride Extended Release Oral Presentations,2016-01-20,1,4.9648825806451615,2016-02-17,9,46,49,0,1
3961,Methylphenidate Hydrochloride Extended Release Oral Presentations,2025-01-22,0,6.87197375,2025-02-19,9,46,49,0,1
3962,Methylphenidate Hydrochloride Extended Release Oral Presentations,2017-02-15,0,7.22165,2017-02-22,9,46,49,0,1
3963,Methylphenidate Hydrochloride Extended Release Oral Presentations,2016-02-17,1,7.471639552238806,2016-03-23,9,46,49,0,1
3965,Methylphenidate Hydrochloride Extended Release Oral Presentations,2025-02-19,0,6.89660875,2025-03-19,9,46,49,0,1
3966,Methylphenidate Hydrochloride Extended Release Oral Presentations,2018-02-21,0,5.480342888888889,2018-03-21,9,46,49,0,1
3967,Methylphenidate Hydrochloride Extended Release Oral Presentations,2017-02-22,0,6.928319207920792,2017-03-08,9,46,49,0,1
3968,Methylphenidate Hydrochloride Extended Release Oral Presentations,2017-03-08,0,7.15538,2017-03-22,9,46,49,0,1
3969,Methylphenidate Hydrochloride Extended Release Oral Presentations,2025-03-19,0,6.9198475,2025-04-23,9,46,49,0,1
3970,Methylphenidate Hydrochloride Extended Release Oral Presentations,2018-03-21,0,5.464701111111111,2018-04-18,9,46,49,0,1
3971,Methylphenidate Hydrochloride Extended Release Oral Presentations,2017-03-22,0,9.07447756302521,2017-04-19,9,46,49,0,1
3972,Methylphenidate Hydrochloride Extended Release Oral Presentations,2016-03-23,1,6.915996043956044,2016-04-13,9,46,49,0,1
3973,Methylphenidate Hydrochloride Extended Release Oral Presentations,2016-04-13,1,4.31396,2016-04-20,9,46,49,0,1
3974,Methylphenidate Hydrochloride Extended Release Oral Presentations,2018-04-18,0,5.457103999999999,2018-05-23,9,46,49,0,1
3975,Methylphenidate Hydrochloride Extended Release Oral Presentations,2017-04-19,0,4.268029855072464,2017-05-17,9,46,49,0,1
3976,Methylphenidate Hydrochloride Extended Release Oral Presentations,2016-04-20,1,5.147737857142857,2016-05-18,9,46,49,0,1
3977,Methylphenidate Hydrochloride Extended Release Oral Presentations,2025-04-23,0,6.93821875,2025-05-21,9,46,49,0,1
3978,Methylphenidate Hydrochloride Extended Release Oral Presentations,2017-05-17,0,5.666397543859649,2017-06-21,9,46,49,0,1
3979,Methylphenidate Hydrochloride Extended Release Oral Presentations,2016-05-18,0,8.337449748743719,2016-06-22,9,46,49,0,1
3980,Methylphenidate Hydrochloride Extended Release Oral Presentations,2025-05-21,0,6.9344925,2025-06-18,9,46,49,0,1
3981,Methylphenidate Hydrochloride Extended Release Oral Presentations,2018-05-23,0,5.414568,2018-06-20,9,46,49,0,1
3983,Methylphenidate Hydrochloride Extended Release Oral Presentations,2025-06-18,0,6.9380875,2025-07-23,9,46,49,0,1
3984,Methylphenidate Hydrochloride Extended Release Oral Presentations,2018-06-20,0,5.227989,2018-07-18,9,46,49,0,1
3985,Methylphenidate Hydrochloride Extended Release Oral Presentations,2017-06-21,0,5.686166382978724,2017-07-05,9,46,49,0,1
3986,Methylphenidate Hydrochloride Extended Release Oral Presentations,2016-06-22,0,4.516830625,2016-07-20,9,46,49,0,1
3987,Methylphenidate Hydrochloride Extended Release Oral Presentations,2017-07-05,0,3.31906,2017-07-19,9,46,49,0,1
3988,Methylphenidate Hydrochloride Extended Release Oral Presentations,2018-07-18,0,5.3038654166666666,2018-08-08,9,46,49,0,1
3989,Methylphenidate Hydrochloride Extended Release Oral Presentations,2017-07-19,0,3.864498181818182,2017-08-23,9,46,49,0,1
3990,Methylphenidate Hydrochloride Extended Release Oral Presentations,2016-07-20,0,4.65792,2016-07-27,9,46,49,0,1
3992,Methylphenidate Hydrochloride Extended Release Oral Presentations,2016-07-27,0,4.51411,2016-08-17,9,46,49,0,1
3993,Methylphenidate Hydrochloride Extended Release Oral Presentations,2018-08-08,0,6.68515,2018-08-22,9,46,49,0,1
3994,Methylphenidate Hydrochloride Extended Release Oral Presentations,2016-08-17,0,7.549859868421053,2016-09-21,9,46,49,0,1
3995,Methylphenidate Hydrochloride Extended Release Oral Presentations,2018-08-22,0,5.184208888888889,2018-09-19,9,46,49,0,1
3996,Methylphenidate Hydrochloride Extended Release Oral Presentations,2017-08-23,0,3.8763381818181823,2017-09-20,9,46,49,0,1
3997,Methylphenidate Hydrochloride Extended Release Oral Presentations,2018-09-19,0,5.0996630000000005,2018-10-17,9,46,49,0,1
3998,Methylphenidate Hydrochloride Extended Release Oral Presentations,2017-09-20,0,5.62438775510204,2017-10-18,9,46,49,0,1
3999,Methylphenidate Hydrochloride Extended Release Oral Presentations,2016-09-21,0,4.593349130434782,2016-10-19,9,46,49,0,1
4000,Methylphenidate Hydrochloride Extended Release Oral Presentations,2018-10-17,0,6.033502131147541,2018-11-21,9,46,49,0,1
4001,Methylphenidate Hydrochloride Extended Release Oral Presentations,2017-10-18,0,4.889139677419355,2017-11-22,9,46,49,0,1
4002,Methylphenidate Hydrochloride Extended Release Oral Presentations,2016-10-19,0,6.833030841584159,2016-11-23,9,46,49,0,1
4003,Methylphenidate Hydrochloride Extended Release Oral Presentations,2015-10-21,1,8.934349999999998,2015-11-18,9,46,49,0,1
4004,Methylphenidate Hydrochloride Extended Release Oral Presentations,2015-11-18,1,6.66661,2015-12-23,9,46,49,0,1
4005,Methylphenidate Hydrochloride Extended Release Oral Presentations,2018-11-21,0,6.776166896551723,2018-12-19,9,46,49,0,1
4006,Methylphenidate Hydrochloride Extended Release Oral Presentations,2017-11-22,0,6.317971025641025,2017-12-20,9,46,49,0,1
4007,Methylphenidate Hydrochloride Extended Release Oral Presentations,2016-11-23,0,5.298358717948718,2016-12-21,9,46,49,0,1
4008,Methylphenidate Hydrochloride Extended Release Oral Presentations,2024-12-18,0,6.87479875,2025-01-22,9,46,49,0,1
4010,Methylphenidate Hydrochloride Extended Release Oral Presentations,2017-12-20,0,4.939229090909091,2018-01-03,9,46,49,0,1
4011,Methylphenidate Hydrochloride Extended Release Oral Presentations,2016-12-21,0,4.487334069767442,2017-01-14,9,46,49,0,1
4012,Methylphenidate Hydrochloride Extended Release Oral Presentations,2015-12-23,1,4.7509742,2016-01-01,9,46,49,0,1
4013,Methylprednisolone Acetate Injection,2025-01-22,0,9.98816,2025-02-19,2,9,17,1,0
4014,Methylprednisolone Acetate Injection,2025-02-19,0,10.668482608695651,2025-03-19,2,9,17,1,0
4015,Methylprednisolone Acetate Injection,2025-03-19,0,7.640957719298245,2025-04-23,2,9,17,1,0
4016,Methylprednisolone Acetate Injection,2025-04-23,0,10.85873,2025-05-21,2,9,17,1,0
4017,Methylprednisolone Acetate Injection,2025-05-21,0,11.925226470588235,2025-06-18,2,9,17,1,0
4018,Methylprednisolone Acetate Injection,2025-06-18,0,8.26959,2025-07-23,2,9,17,1,0
4020,Methylprednisolone Acetate Injection,2024-12-18,0,10.009988333333332,2025-01-22,2,9,17,1,0
4021,Methylprednisolone Sodium Succinate Injection,2025-06-18,1,2.80856,2025-07-23,2,10,10,1,0
4023,Metoclopramide Injection,2025-05-21,0,0.5162,2025-06-18,4,4,4,1,0
4024,Metoclopramide Injection,2025-06-18,0,0.53238,2025-07-23,4,4,4,1,0
4027,Midodrine Tablets,2018-01-17,0,0.5368675,2018-02-21,5,11,12,0,1
4028,Midodrine Tablets,2017-01-18,0,0.5123775,2017-02-22,5,11,12,0,1
4029,Midodrine Tablets,2016-01-20,0,0.6186075,2016-02-17,5,11,12,0,1
4030,Midodrine Tablets,2025-01-22,0,0.138975,2025-02-19,5,11,12,0,1
4031,Midodrine Tablets,2016-02-17,0,0.5925900000000001,2016-03-23,5,11,12,0,1
4032,Midodrine Tablets,2025-02-19,0,0.14553,2025-03-19,5,11,12,0,1
4033,Midodrine Tablets,2018-02-21,0,0.545945,2018-03-21,5,11,12,0,1
4034,Midodrine Tablets,2017-02-22,0,0.49992,2017-03-22,5,11,12,0,1
4035,Midodrine Tablets,2025-03-19,0,0.14989,2025-04-23,5,11,12,0,1
4036,Midodrine Tablets,2018-03-21,0,0.5232600000000001,2018-04-18,5,11,12,0,1
4037,Midodrine Tablets,2017-03-22,0,0.512555,2017-04-19,5,11,12,0,1
4038,Midodrine Tablets,2016-03-23,0,0.6339425000000001,2016-04-20,5,11,12,0,1
4039,Midodrine Tablets,2018-04-18,0,0.5537675,2018-05-23,5,11,12,0,1
4040,Midodrine Tablets,2017-04-19,0,0.549145,2017-05-17,5,11,12,0,1
4041,Midodrine Tablets,2016-04-20,0,0.6091975000000001,2016-05-18,5,11,12,0,1
4042,Midodrine Tablets,2025-04-23,0,0.1477475,2025-05-21,5,11,12,0,1
4043,Midodrine Tablets,2017-05-17,0,0.5686074999999999,2017-06-21,5,11,12,0,1
4044,Midodrine Tablets,2016-05-18,0,0.6146325,2016-06-22,5,11,12,0,1
4045,Midodrine Tablets,2025-05-21,0,0.1471275,2025-06-18,5,11,12,0,1
4046,Midodrine Tablets,2018-05-23,1,0.5395449999999999,2018-06-20,5,11,12,0,1
4047,Midodrine Tablets,2025-06-18,0,0.1459725,2025-07-23,5,11,12,0,1
4048,Midodrine Tablets,2018-06-20,1,0.5229775,2018-07-18,5,11,12,0,1
4049,Midodrine Tablets,2017-06-21,0,0.5045575,2017-07-19,5,11,12,0,1
4050,Midodrine Tablets,2016-06-22,0,0.6254575,2016-07-20,5,11,12,0,1
4051,Midodrine Tablets,2018-07-18,1,0.5527299999999999,2018-08-22,5,11,12,0,1
4052,Midodrine Tablets,2017-07-19,0,0.51722,2017-08-23,5,11,12,0,1
4053,Midodrine Tablets,2016-07-20,0,0.6242925,2016-08-17,5,11,12,0,1
4055,Midodrine Tablets,2016-08-17,0,0.5915225000000001,2016-09-21,5,11,12,0,1
4056,Midodrine Tablets,2018-08-22,1,0.543245,2018-09-19,5,11,12,0,1
4057,Midodrine Tablets,2017-08-23,0,0.5049049999999999,2017-09-20,5,11,12,0,1
4058,Midodrine Tablets,2018-09-19,1,0.53565,2018-10-17,5,11,12,0,1
4059,Midodrine Tablets,2017-09-20,0,0.4903025,2017-10-18,5,11,12,0,1
4060,Midodrine Tablets,2016-09-21,0,0.5589725,2016-10-19,5,11,12,0,1
4061,Midodrine Tablets,2018-10-17,1,0.5329349999999999,2018-11-21,5,11,12,0,1
4062,Midodrine Tablets,2017-10-18,0,0.5076994117647059,2017-11-01,5,11,12,0,1
4063,Midodrine Tablets,2016-10-19,0,0.5558500000000001,2016-11-23,5,11,12,0,1
4064,Midodrine Tablets,2017-11-01,0,0.34215,2017-11-22,5,11,12,0,1
4065,Midodrine Tablets,2018-11-21,1,0.5474375,2018-12-19,5,11,12,0,1
4066,Midodrine Tablets,2017-11-22,0,0.5815475,2017-12-20,5,11,12,0,1
4067,Midodrine Tablets,2016-11-23,0,0.5248275,2016-12-21,5,11,12,0,1
4068,Midodrine Tablets,2024-12-18,0,0.1385375,2025-01-22,5,11,12,0,1
4070,Midodrine Tablets,2017-12-20,0,0.5239975,2018-01-17,5,11,12,0,1
4071,Midodrine Tablets,2016-12-21,0,0.5364875,2017-01-18,5,11,12,0,1
4072,Midodrine Tablets,2015-12-23,0,0.625605,2016-01-20,5,11,12,0,1
4073,Misoprostol Tablets,2018-01-17,0,0.60087,2018-02-21,3,6,12,0,1
4074,Misoprostol Tablets,2017-01-18,0,0.619495,2017-02-22,3,6,12,0,1
4075,Misoprostol Tablets,2016-01-20,0,0.6123649999999999,2016-02-17,3,6,12,0,1
4076,Misoprostol Tablets,2025-01-22,0,0.552322,2025-02-19,3,6,12,0,1
4077,Misoprostol Tablets,2016-02-17,0,0.609765,2016-03-23,3,6,12,0,1
4078,Misoprostol Tablets,2025-02-19,0,0.5794379999999999,2025-03-19,3,6,12,0,1
4079,Misoprostol Tablets,2018-02-21,0,0.60212,2018-03-21,3,6,12,0,1
4080,Misoprostol Tablets,2017-02-22,0,0.621445,2017-03-22,3,6,12,0,1
4081,Misoprostol Tablets,2025-03-19,0,0.584376,2025-04-23,3,6,12,0,1
4082,Misoprostol Tablets,2018-03-21,0,0.617595,2018-04-18,3,6,12,0,1
4083,Misoprostol Tablets,2017-03-22,0,0.612835,2017-04-19,3,6,12,0,1
4084,Misoprostol Tablets,2016-03-23,0,0.628575,2016-04-20,3,6,12,0,1
4085,Misoprostol Tablets,2018-04-18,0,0.5845800000000001,2018-05-23,3,6,12,0,1
4086,Misoprostol Tablets,2017-04-19,0,0.61424,2017-05-17,3,6,12,0,1
4087,Misoprostol Tablets,2016-04-20,0,0.6226,2016-05-18,3,6,12,0,1
4088,Misoprostol Tablets,2025-04-23,0,0.607566,2025-05-21,3,6,12,0,1
4089,Misoprostol Tablets,2017-05-17,0,0.60721,2017-06-21,3,6,12,0,1
4090,Misoprostol Tablets,2016-05-18,0,0.61049,2016-06-22,3,6,12,0,1
4091,Misoprostol Tablets,2025-05-21,0,0.5805,2025-06-18,3,6,12,0,1
4092,Misoprostol Tablets,2018-05-23,0,0.595865,2018-06-20,3,6,12,0,1
4093,Misoprostol Tablets,2025-06-18,0,0.58156,2025-07-23,3,6,12,0,1
4094,Misoprostol Tablets,2018-06-20,0,0.591065,2018-07-18,3,6,12,0,1
4095,Misoprostol Tablets,2017-06-21,0,0.610105,2017-07-19,3,6,12,0,1
4096,Misoprostol Tablets,2016-06-22,0,0.613515,2016-07-20,3,6,12,0,1
4097,Misoprostol Tablets,2018-07-18,0,0.623305,2018-08-22,3,6,12,0,1
4098,Misoprostol Tablets,2017-07-19,0,0.6338250000000001,2017-08-23,3,6,12,0,1
4099,Misoprostol Tablets,2016-07-20,0,0.613705,2016-08-17,3,6,12,0,1
4101,Misoprostol Tablets,2016-08-17,0,0.632475,2016-09-21,3,6,12,0,1
4102,Misoprostol Tablets,2018-08-22,0,0.622255,2018-09-19,3,6,12,0,1
4103,Misoprostol Tablets,2017-08-23,0,0.6253,2017-09-20,3,6,12,0,1
4104,Misoprostol Tablets,2018-09-19,0,0.63588,2018-10-17,3,6,12,0,1
4105,Misoprostol Tablets,2017-09-20,0,0.6224000000000001,2017-10-18,3,6,12,0,1
4106,Misoprostol Tablets,2016-09-21,0,0.61503,2016-10-19,3,6,12,0,1
4107,Misoprostol Tablets,2018-10-17,0,0.620045,2018-11-21,3,6,12,0,1
4108,Misoprostol Tablets,2017-10-18,0,0.62322,2017-11-22,3,6,12,0,1
4109,Misoprostol Tablets,2016-10-19,0,0.6318400000000001,2016-11-23,3,6,12,0,1
4110,Misoprostol Tablets,2018-11-21,0,0.576175,2018-12-19,3,6,12,0,1
4111,Misoprostol Tablets,2017-11-22,0,0.62913,2017-12-20,3,6,12,0,1
4112,Misoprostol Tablets,2016-11-23,0,0.606515,2016-12-21,3,6,12,0,1
4113,Misoprostol Tablets,2024-12-18,0,0.567864,2025-01-22,3,6,12,0,1
4115,Misoprostol Tablets,2017-12-20,0,0.605075,2018-01-17,3,6,12,0,1
4116,Misoprostol Tablets,2016-12-21,0,0.6287499999999999,2017-01-18,3,6,12,0,1
4117,Misoprostol Tablets,2015-12-23,0,0.62981,2016-01-20,3,6,12,0,1
4118,Mometasone Furoate Oral Inhalers,2025-01-22,0,65.0575875,2025-02-19,1,5,8,1,0
4119,Mometasone Furoate Oral Inhalers,2025-02-19,0,65.05173875,2025-03-19,1,5,8,1,0
4120,Mometasone Furoate Oral Inhalers,2025-03-19,0,65.06042875,2025-04-23,1,5,8,1,0
4121,Mometasone Furoate Oral Inhalers,2025-04-23,0,65.02651,2025-05-21,1,5,8,1,0
4122,Mometasone Furoate Oral Inhalers,2025-05-21,0,64.984065,2025-06-18,1,5,8,1,0
4123,Mometasone Furoate Oral Inhalers,2025-06-18,0,64.9854525,2025-07-23,1,5,8,1,0
4125,Mometasone Furoate Oral Inhalers,2024-12-18,0,65.069285,2025-01-22,1,5,8,1,0
4126,Mupirocin Calcium 2% Cream,2018-01-17,1,9.10584,2018-02-21,2,2,4,0,1
4127,Mupirocin Calcium 2% Cream,2017-01-18,1,8.46745,2017-02-22,2,2,4,0,1
4128,Mupirocin Calcium 2% Cream,2016-01-20,1,6.3271250000000006,2016-02-17,2,2,4,0,1
4129,Mupirocin Calcium 2% Cream,2025-01-22,0,0.93403,2025-02-19,2,2,4,0,1
4130,Mupirocin Calcium 2% Cream,2016-02-17,1,6.26661,2016-03-23,2,2,4,0,1
4131,Mupirocin Calcium 2% Cream,2025-02-19,0,1.01306,2025-03-19,2,2,4,0,1
4132,Mupirocin Calcium 2% Cream,2018-02-21,1,9.26181,2018-03-21,2,2,4,0,1
4133,Mupirocin Calcium 2% Cream,2017-02-22,1,8.773705,2017-03-22,2,2,4,0,1
4134,Mupirocin Calcium 2% Cream,2025-03-19,0,1.112915,2025-04-23,2,2,4,0,1
4135,Mupirocin Calcium 2% Cream,2018-03-21,1,9.85941,2018-04-18,2,2,4,0,1
4136,Mupirocin Calcium 2% Cream,2017-03-22,1,8.333745,2017-04-19,2,2,4,0,1
4137,Mupirocin Calcium 2% Cream,2016-03-23,1,6.30653,2016-04-20,2,2,4,0,1
4138,Mupirocin Calcium 2% Cream,2018-04-18,1,9.799055,2018-05-23,2,2,4,0,1
4139,Mupirocin Calcium 2% Cream,2017-04-19,1,8.29133,2017-05-17,2,2,4,0,1
4140,Mupirocin Calcium 2% Cream,2016-04-20,1,6.451425,2016-05-18,2,2,4,0,1
4141,Mupirocin Calcium 2% Cream,2025-04-23,0,1.149145,2025-05-21,2,2,4,0,1
4142,Mupirocin Calcium 2% Cream,2017-05-17,1,8.37164,2017-06-21,2,2,4,0,1
4143,Mupirocin Calcium 2% Cream,2016-05-18,1,7.079115,2016-06-22,2,2,4,0,1
4144,Mupirocin Calcium 2% Cream,2025-05-21,0,1.0982500000000002,2025-06-18,2,2,4,0,1
4145,Mupirocin Calcium 2% Cream,2018-05-23,1,9.96267,2018-06-20,2,2,4,0,1
4146,Mupirocin Calcium 2% Cream,2025-06-18,0,1.00626,2025-07-23,2,2,4,0,1
4147,Mupirocin Calcium 2% Cream,2018-06-20,1,10.209125,2018-07-18,2,2,4,0,1
4148,Mupirocin Calcium 2% Cream,2017-06-21,1,8.275905,2017-07-19,2,2,4,0,1
4149,Mupirocin Calcium 2% Cream,2016-06-22,1,7.03374,2016-07-20,2,2,4,0,1
4150,Mupirocin Calcium 2% Cream,2018-07-18,1,10.05868,2018-08-22,2,2,4,0,1
4151,Mupirocin Calcium 2% Cream,2017-07-19,1,8.51062,2017-08-23,2,2,4,0,1
4152,Mupirocin Calcium 2% Cream,2016-07-20,1,7.51786,2016-08-17,2,2,4,0,1
4154,Mupirocin Calcium 2% Cream,2016-08-17,1,7.249039999999999,2016-09-21,2,2,4,0,1
4155,Mupirocin Calcium 2% Cream,2018-08-22,1,9.94174,2018-09-19,2,2,4,0,1
4156,Mupirocin Calcium 2% Cream,2017-08-23,1,8.110215,2017-09-20,2,2,4,0,1
4157,Mupirocin Calcium 2% Cream,2018-09-19,1,9.363495,2018-10-17,2,2,4,0,1
4158,Mupirocin Calcium 2% Cream,2017-09-20,1,8.6233,2017-10-18,2,2,4,0,1
4159,Mupirocin Calcium 2% Cream,2016-09-21,1,7.512195,2016-10-19,2,2,4,0,1
4160,Mupirocin Calcium 2% Cream,2018-10-17,1,9.81626,2018-11-21,2,2,4,0,1
4161,Mupirocin Calcium 2% Cream,2017-10-18,1,8.250074999999999,2017-11-22,2,2,4,0,1
4162,Mupirocin Calcium 2% Cream,2016-10-19,1,8.820395000000001,2016-11-23,2,2,4,0,1
4163,Mupirocin Calcium 2% Cream,2018-11-21,1,9.732705,2018-12-19,2,2,4,0,1
4164,Mupirocin Calcium 2% Cream,2017-11-22,1,7.624299999999999,2017-12-20,2,2,4,0,1
4165,Mupirocin Calcium 2% Cream,2016-11-23,1,8.667565,2016-12-21,2,2,4,0,1
4166,Mupirocin Calcium 2% Cream,2024-12-18,0,0.90993,2025-01-22,2,2,4,0,1
4168,Mupirocin Calcium 2% Cream,2017-12-20,1,7.928455,2018-01-17,2,2,4,0,1
4169,Mupirocin Calcium 2% Cream,2016-12-21,1,9.02974,2017-01-18,2,2,4,0,1
4170,Mupirocin Calcium 2% Cream,2015-12-23,1,5.94004,2016-01-20,2,2,4,0,1
4171,Mycophenolate Mofetil Capsules and Tablets,2018-01-17,0,0.224075,2018-02-21,8,15,28,0,1
4172,Mycophenolate Mofetil Capsules and Tablets,2017-01-18,0,0.250825,2017-02-22,8,15,28,0,1
4173,Mycophenolate Mofetil Capsules and Tablets,2016-01-20,0,0.308415,2016-02-17,8,15,28,0,1
4174,Mycophenolate Mofetil Capsules and Tablets,2025-01-22,0,0.202005,2025-02-19,8,15,28,0,1
4175,Mycophenolate Mofetil Capsules and Tablets,2016-02-17,0,0.29853,2016-03-23,8,15,28,0,1
4176,Mycophenolate Mofetil Capsules and Tablets,2025-02-19,0,0.218355,2025-03-19,8,15,28,0,1
4177,Mycophenolate Mofetil Capsules and Tablets,2018-02-21,0,0.2234249999999999,2018-03-21,8,15,28,0,1
4178,Mycophenolate Mofetil Capsules and Tablets,2017-02-22,0,0.263405,2017-03-22,8,15,28,0,1
4179,Mycophenolate Mofetil Capsules and Tablets,2025-03-19,0,0.22647,2025-04-23,8,15,28,0,1
4180,Mycophenolate Mofetil Capsules and Tablets,2018-03-21,0,0.220105,2018-04-18,8,15,28,0,1
4181,Mycophenolate Mofetil Capsules and Tablets,2017-03-22,0,0.2474299999999999,2017-04-19,8,15,28,0,1
4182,Mycophenolate Mofetil Capsules and Tablets,2016-03-23,0,0.3162399999999999,2016-04-20,8,15,28,0,1
4183,Mycophenolate Mofetil Capsules and Tablets,2018-04-18,0,0.207255,2018-05-23,8,15,28,0,1
4184,Mycophenolate Mofetil Capsules and Tablets,2017-04-19,0,0.233685,2017-05-17,8,15,28,0,1
4185,Mycophenolate Mofetil Capsules and Tablets,2016-04-20,0,0.306795,2016-05-18,8,15,28,0,1
4186,Mycophenolate Mofetil Capsules and Tablets,2025-04-23,0,0.2225499999999999,2025-05-21,8,15,28,0,1
4187,Mycophenolate Mofetil Capsules and Tablets,2017-05-17,0,0.23478,2017-06-21,8,15,28,0,1
4188,Mycophenolate Mofetil Capsules and Tablets,2016-05-18,0,0.290325,2016-06-22,8,15,28,0,1
4189,Mycophenolate Mofetil Capsules and Tablets,2025-05-21,0,0.2202449999999999,2025-06-18,8,15,28,0,1
4190,Mycophenolate Mofetil Capsules and Tablets,2018-05-23,0,0.2225499999999999,2018-06-20,8,15,28,0,1
4191,Mycophenolate Mofetil Capsules and Tablets,2025-06-18,0,0.220275,2025-07-23,8,15,28,0,1
4192,Mycophenolate Mofetil Capsules and Tablets,2018-06-20,0,0.20093,2018-07-18,8,15,28,0,1
4193,Mycophenolate Mofetil Capsules and Tablets,2017-06-21,0,0.2393549999999999,2017-07-19,8,15,28,0,1
4194,Mycophenolate Mofetil Capsules and Tablets,2016-06-22,0,0.301245,2016-07-20,8,15,28,0,1
4195,Mycophenolate Mofetil Capsules and Tablets,2018-07-18,1,0.221915,2018-08-22,8,15,28,0,1
4196,Mycophenolate Mofetil Capsules and Tablets,2017-07-19,0,0.2407,2017-08-23,8,15,28,0,1
4197,Mycophenolate Mofetil Capsules and Tablets,2016-07-20,0,0.30822,2016-08-17,8,15,28,0,1
4199,Mycophenolate Mofetil Capsules and Tablets,2016-08-17,0,0.28255,2016-09-21,8,15,28,0,1
4200,Mycophenolate Mofetil Capsules and Tablets,2018-08-22,1,0.238335,2018-09-19,8,15,28,0,1
4201,Mycophenolate Mofetil Capsules and Tablets,2017-08-23,0,0.23304,2017-09-20,8,15,28,0,1
4202,Mycophenolate Mofetil Capsules and Tablets,2018-09-19,1,0.256265,2018-10-17,8,15,28,0,1
4203,Mycophenolate Mofetil Capsules and Tablets,2017-09-20,0,0.2267449999999999,2017-10-18,8,15,28,0,1
4204,Mycophenolate Mofetil Capsules and Tablets,2016-09-21,0,0.27443,2016-10-19,8,15,28,0,1
4205,Mycophenolate Mofetil Capsules and Tablets,2018-10-17,1,0.30299,2018-11-21,8,15,28,0,1
4206,Mycophenolate Mofetil Capsules and Tablets,2017-10-18,0,0.2433249999999999,2017-11-22,8,15,28,0,1
4207,Mycophenolate Mofetil Capsules and Tablets,2016-10-19,0,0.30065,2016-11-23,8,15,28,0,1
4208,Mycophenolate Mofetil Capsules and Tablets,2018-11-21,1,0.235675,2018-12-19,8,15,28,0,1
4209,Mycophenolate Mofetil Capsules and Tablets,2017-11-22,0,0.22362,2017-12-20,8,15,28,0,1
4210,Mycophenolate Mofetil Capsules and Tablets,2016-11-23,0,0.260725,2016-12-21,8,15,28,0,1
4211,Mycophenolate Mofetil Capsules and Tablets,2024-12-18,0,0.20171,2025-01-22,8,15,28,0,1
4213,Mycophenolate Mofetil Capsules and Tablets,2017-12-20,0,0.21776,2018-01-17,8,15,28,0,1
4214,Mycophenolate Mofetil Capsules and Tablets,2016-12-21,0,0.275725,2017-01-18,8,15,28,0,1
4215,Mycophenolate Mofetil Capsules and Tablets,2015-12-23,0,0.298635,2016-01-20,8,15,28,0,1
4222,Nelfinavir Mesylate Tablets,2017-11-15,0,9.08655,2018-01-01,1,2,2,0,1
4223,Nelfinavir Mesylate Tablets,2016-12-21,0,8.3566,2017-01-30,1,2,2,0,1
4226,Neomycin Sulfate Tablets,2016-01-20,0,0.64868,2016-02-17,3,3,3,0,1
4227,Neomycin Sulfate Tablets,2016-02-17,0,0.64228,2016-03-23,3,3,3,0,1
4228,Neomycin Sulfate Tablets,2018-03-21,0,0.86388,2018-04-18,3,3,3,0,1
4229,Neomycin Sulfate Tablets,2017-03-22,0,0.74108,2017-04-19,3,3,3,0,1
4230,Neomycin Sulfate Tablets,2016-03-23,0,0.62374,2016-04-20,3,3,3,0,1
4231,Neomycin Sulfate Tablets,2018-04-18,0,0.72868,2018-05-23,3,3,3,0,1
4233,Neomycin Sulfate Tablets,2016-04-20,0,0.64344,2016-05-18,3,3,3,0,1
4234,Neomycin Sulfate Tablets,2016-05-18,0,0.71319,2016-06-22,3,3,3,0,1
4235,Neomycin Sulfate Tablets,2018-05-23,0,0.7975,2018-06-20,3,3,3,0,1
4236,Neomycin Sulfate Tablets,2018-06-20,0,0.80019,2018-07-18,3,3,3,0,1
4237,Neomycin Sulfate Tablets,2017-06-21,0,0.68382,2017-07-19,3,3,3,0,1
4238,Neomycin Sulfate Tablets,2016-06-22,0,0.66736,2016-07-20,3,3,3,0,1
4239,Neomycin Sulfate Tablets,2018-07-18,0,0.61422,2018-08-22,3,3,3,0,1
4240,Neomycin Sulfate Tablets,2017-07-19,0,0.6824,2017-08-23,3,3,3,0,1
4241,Neomycin Sulfate Tablets,2016-07-20,0,0.68769,2016-08-17,3,3,3,0,1
4242,Neomycin Sulfate Tablets,2016-08-17,0,0.93007,2016-09-21,3,3,3,0,1
4243,Neomycin Sulfate Tablets,2018-08-22,0,0.83163,2018-09-19,3,3,3,0,1
4244,Neomycin Sulfate Tablets,2017-08-23,0,0.81353,2017-09-20,3,3,3,0,1
4245,Neomycin Sulfate Tablets,2018-09-19,0,0.76591,2018-10-17,3,3,3,0,1
4246,Neomycin Sulfate Tablets,2017-09-20,0,0.7271,2017-10-18,3,3,3,0,1
4247,Neomycin Sulfate Tablets,2016-09-21,0,0.92234,2016-10-19,3,3,3,0,1
4248,Neomycin Sulfate Tablets,2018-10-17,0,0.8657199999999999,2018-11-21,3,3,3,0,1
4249,Neomycin Sulfate Tablets,2017-10-18,0,0.78777,2017-11-22,3,3,3,0,1
4250,Neomycin Sulfate Tablets,2016-10-19,0,0.79203,2016-11-23,3,3,3,0,1
4251,Neomycin Sulfate Tablets,2018-11-21,0,0.66295,2018-12-19,3,3,3,0,1
4252,Neomycin Sulfate Tablets,2017-11-22,0,0.6618,2017-12-20,3,3,3,0,1
4253,Neomycin Sulfate Tablets,2016-11-23,0,0.90552,2016-12-21,3,3,3,0,1
4255,Neomycin Sulfate Tablets,2017-12-20,0,0.67633,2018-01-17,3,3,3,0,1
4256,Neomycin Sulfate Tablets,2016-12-21,0,0.84578,2017-01-18,3,3,3,0,1
4257,Neomycin Sulfate Tablets,2015-12-23,0,0.73727,2016-01-20,3,3,3,0,1
4259,Neomycin and Polymyxin B Sulfates and Dexamethasone Ophthalmic Ointment,2018-01-17,0,3.34288,2018-02-21,4,3,4,1,0
4260,Neomycin and Polymyxin B Sulfates and Dexamethasone Ophthalmic Ointment,2017-01-18,0,3.39368,2017-02-22,4,3,4,1,0
4261,Neomycin and Polymyxin B Sulfates and Dexamethasone Ophthalmic Ointment,2016-01-20,1,4.50465,2016-02-17,4,3,4,1,0
4262,Neomycin and Polymyxin B Sulfates and Dexamethasone Ophthalmic Ointment,2025-01-22,0,2.4623,2025-02-19,4,3,4,1,0
4263,Neomycin and Polymyxin B Sulfates and Dexamethasone Ophthalmic Ointment,2016-02-17,1,4.28923,2016-03-23,4,3,4,1,0
4264,Neomycin and Polymyxin B Sulfates and Dexamethasone Ophthalmic Ointment,2025-02-19,0,2.75327,2025-03-19,4,3,4,1,0
4265,Neomycin and Polymyxin B Sulfates and Dexamethasone Ophthalmic Ointment,2018-02-21,0,3.45721,2018-03-21,4,3,4,1,0
4266,Neomycin and Polymyxin B Sulfates and Dexamethasone Ophthalmic Ointment,2017-02-22,0,3.41566,2017-03-22,4,3,4,1,0
4267,Neomycin and Polymyxin B Sulfates and Dexamethasone Ophthalmic Ointment,2025-03-19,0,2.95949,2025-04-23,4,3,4,1,0
4268,Neomycin and Polymyxin B Sulfates and Dexamethasone Ophthalmic Ointment,2018-03-21,0,3.3926,2018-04-18,4,3,4,1,0
4269,Neomycin and Polymyxin B Sulfates and Dexamethasone Ophthalmic Ointment,2017-03-22,0,3.51544,2017-04-19,4,3,4,1,0
4270,Neomycin and Polymyxin B Sulfates and Dexamethasone Ophthalmic Ointment,2016-03-23,1,4.09366,2016-04-20,4,3,4,1,0
4271,Neomycin and Polymyxin B Sulfates and Dexamethasone Ophthalmic Ointment,2018-04-18,0,3.20235,2018-05-23,4,3,4,1,0
4272,Neomycin and Polymyxin B Sulfates and Dexamethasone Ophthalmic Ointment,2017-04-19,0,3.23175,2017-05-17,4,3,4,1,0
4273,Neomycin and Polymyxin B Sulfates and Dexamethasone Ophthalmic Ointment,2016-04-20,1,3.92474,2016-05-18,4,3,4,1,0
4274,Neomycin and Polymyxin B Sulfates and Dexamethasone Ophthalmic Ointment,2025-04-23,0,2.98801,2025-05-21,4,3,4,1,0
4275,Neomycin and Polymyxin B Sulfates and Dexamethasone Ophthalmic Ointment,2017-05-17,0,3.07563,2017-06-21,4,3,4,1,0
4276,Neomycin and Polymyxin B Sulfates and Dexamethasone Ophthalmic Ointment,2016-05-18,1,3.84861,2016-06-22,4,3,4,1,0
4277,Neomycin and Polymyxin B Sulfates and Dexamethasone Ophthalmic Ointment,2025-05-21,0,2.94321,2025-06-18,4,3,4,1,0
4278,Neomycin and Polymyxin B Sulfates and Dexamethasone Ophthalmic Ointment,2018-05-23,0,3.27847,2018-06-20,4,3,4,1,0
4279,Neomycin and Polymyxin B Sulfates and Dexamethasone Ophthalmic Ointment,2025-06-18,0,2.8631,2025-07-23,4,3,4,1,0
4280,Neomycin and Polymyxin B Sulfates and Dexamethasone Ophthalmic Ointment,2018-06-20,0,3.2259,2018-07-18,4,3,4,1,0
4281,Neomycin and Polymyxin B Sulfates and Dexamethasone Ophthalmic Ointment,2017-06-21,0,4.17392,2017-07-19,4,3,4,1,0
4282,Neomycin and Polymyxin B Sulfates and Dexamethasone Ophthalmic Ointment,2016-06-22,1,4.2949,2016-07-20,4,3,4,1,0
4283,Neomycin and Polymyxin B Sulfates and Dexamethasone Ophthalmic Ointment,2018-07-18,0,3.2648199999999994,2018-08-22,4,3,4,1,0
4284,Neomycin and Polymyxin B Sulfates and Dexamethasone Ophthalmic Ointment,2017-07-19,0,3.51896,2017-08-23,4,3,4,1,0
4285,Neomycin and Polymyxin B Sulfates and Dexamethasone Ophthalmic Ointment,2016-07-20,0,4.05194,2016-08-17,4,3,4,1,0
4287,Neomycin and Polymyxin B Sulfates and Dexamethasone Ophthalmic Ointment,2016-08-17,0,3.89037,2016-09-21,4,3,4,1,0
4288,Neomycin and Polymyxin B Sulfates and Dexamethasone Ophthalmic Ointment,2018-08-22,0,3.31648,2018-09-19,4,3,4,1,0
4289,Neomycin and Polymyxin B Sulfates and Dexamethasone Ophthalmic Ointment,2017-08-23,0,3.48034,2017-09-20,4,3,4,1,0
4290,Neomycin and Polymyxin B Sulfates and Dexamethasone Ophthalmic Ointment,2018-09-19,0,3.16693,2018-10-17,4,3,4,1,0
4291,Neomycin and Polymyxin B Sulfates and Dexamethasone Ophthalmic Ointment,2017-09-20,0,3.63485,2017-10-18,4,3,4,1,0
4292,Neomycin and Polymyxin B Sulfates and Dexamethasone Ophthalmic Ointment,2016-09-21,0,3.95422,2016-10-19,4,3,4,1,0
4293,Neomycin and Polymyxin B Sulfates and Dexamethasone Ophthalmic Ointment,2018-10-17,0,3.20996,2018-11-21,4,3,4,1,0
4294,Neomycin and Polymyxin B Sulfates and Dexamethasone Ophthalmic Ointment,2017-10-18,0,3.80563,2017-11-22,4,3,4,1,0
4295,Neomycin and Polymyxin B Sulfates and Dexamethasone Ophthalmic Ointment,2016-10-19,0,3.9239000000000006,2016-11-23,4,3,4,1,0
4296,Neomycin and Polymyxin B Sulfates and Dexamethasone Ophthalmic Ointment,2018-11-21,0,3.18614,2018-12-19,4,3,4,1,0
4297,Neomycin and Polymyxin B Sulfates and Dexamethasone Ophthalmic Ointment,2017-11-22,0,3.20238,2017-12-20,4,3,4,1,0
4298,Neomycin and Polymyxin B Sulfates and Dexamethasone Ophthalmic Ointment,2016-11-23,0,3.81885,2016-12-21,4,3,4,1,0
4299,Neomycin and Polymyxin B Sulfates and Dexamethasone Ophthalmic Ointment,2024-12-18,0,2.46962,2025-01-22,4,3,4,1,0
4301,Neomycin and Polymyxin B Sulfates and Dexamethasone Ophthalmic Ointment,2017-12-20,0,3.42769,2018-01-17,4,3,4,1,0
4302,Neomycin and Polymyxin B Sulfates and Dexamethasone Ophthalmic Ointment,2016-12-21,0,4.07744,2017-01-18,4,3,4,1,0
4303,Neomycin and Polymyxin B Sulfates and Dexamethasone Ophthalmic Ointment,2015-12-23,1,4.50767,2016-01-20,4,3,4,1,0
4304,Nizatidine Capsules,2018-01-17,0,0.19646,2018-02-21,2,4,4,0,1
4305,Nizatidine Capsules,2017-01-18,0,0.40824,2017-02-22,2,4,4,0,1
4306,Nizatidine Capsules,2016-01-20,0,0.365595,2016-02-17,2,4,4,0,1
4307,Nizatidine Capsules,2016-02-17,0,0.4597664285714286,2016-03-23,2,4,4,0,1
4308,Nizatidine Capsules,2018-02-21,0,0.20543,2018-03-21,2,4,4,0,1
4309,Nizatidine Capsules,2017-02-22,0,0.4759,2017-03-22,2,4,4,0,1
4310,Nizatidine Capsules,2018-03-21,0,0.22403,2018-04-18,2,4,4,0,1
4311,Nizatidine Capsules,2017-03-22,0,0.20596,2017-04-19,2,4,4,0,1
4312,Nizatidine Capsules,2016-03-23,0,0.23331,2016-04-20,2,4,4,0,1
4313,Nizatidine Capsules,2018-04-18,0,0.22636,2018-05-23,2,4,4,0,1
4314,Nizatidine Capsules,2017-04-19,0,0.21607,2017-05-17,2,4,4,0,1
4315,Nizatidine Capsules,2016-04-20,0,0.42304,2016-05-18,2,4,4,0,1
4316,Nizatidine Capsules,2017-05-17,0,0.5235463157894737,2017-06-21,2,4,4,0,1
4317,Nizatidine Capsules,2016-05-18,0,0.42705,2016-06-22,2,4,4,0,1
4318,Nizatidine Capsules,2018-05-23,0,0.19587,2018-06-20,2,4,4,0,1
4319,Nizatidine Capsules,2018-06-20,0,0.18907,2018-07-18,2,4,4,0,1
4320,Nizatidine Capsules,2017-06-21,0,0.21373,2017-07-19,2,4,4,0,1
4321,Nizatidine Capsules,2016-06-22,0,0.21804,2016-07-20,2,4,4,0,1
4322,Nizatidine Capsules,2018-07-18,0,0.3813126086956522,2018-08-22,2,4,4,0,1
4323,Nizatidine Capsules,2017-07-19,0,0.2076,2017-08-23,2,4,4,0,1
4324,Nizatidine Capsules,2016-07-20,0,0.33569,2016-08-17,2,4,4,0,1
4325,Nizatidine Capsules,2016-08-17,0,0.402145,2016-09-21,2,4,4,0,1
4326,Nizatidine Capsules,2018-08-22,0,0.20503,2018-09-19,2,4,4,0,1
4327,Nizatidine Capsules,2017-08-23,0,0.4201,2017-09-20,2,4,4,0,1
4328,Nizatidine Capsules,2018-09-19,0,0.21418,2018-10-17,2,4,4,0,1
4329,Nizatidine Capsules,2017-09-20,0,0.33126,2017-10-18,2,4,4,0,1
4330,Nizatidine Capsules,2016-09-21,0,0.421795,2016-10-19,2,4,4,0,1
4331,Nizatidine Capsules,2018-10-17,0,0.19413,2018-11-21,2,4,4,0,1
4332,Nizatidine Capsules,2017-10-18,0,0.343665,2017-11-22,2,4,4,0,1
4333,Nizatidine Capsules,2016-10-19,0,0.408695,2016-11-23,2,4,4,0,1
4334,Nizatidine Capsules,2018-11-21,0,0.348138,2018-12-19,2,4,4,0,1
4335,Nizatidine Capsules,2017-11-22,0,0.35946,2017-12-20,2,4,4,0,1
4336,Nizatidine Capsules,2016-11-23,0,0.4607366666666666,2016-12-21,2,4,4,0,1
4338,Nizatidine Capsules,2017-12-20,0,0.5137194117647059,2018-01-17,2,4,4,0,1
4339,Nizatidine Capsules,2016-12-21,0,0.22806,2017-01-18,2,4,4,0,1
4340,Nizatidine Capsules,2015-12-23,0,0.3778499999999999,2016-01-20,2,4,4,0,1
4341,Nystatin Oral Suspension,2018-01-17,0,0.0897666666666666,2018-02-21,5,7,15,1,0
4342,Nystatin Oral Suspension,2017-01-18,0,0.09684,2017-02-22,5,7,15,1,0
4343,Nystatin Oral Suspension,2016-01-20,0,0.09916,2016-02-17,5,7,15,1,0
4344,Nystatin Oral Suspension,2025-01-22,1,0.091622,2025-02-19,5,7,15,1,0
4345,Nystatin Oral Suspension,2016-02-17,0,0.09294,2016-03-23,5,7,15,1,0
4346,Nystatin Oral Suspension,2025-02-19,1,0.0981021052631579,2025-03-19,5,7,15,1,0
4347,Nystatin Oral Suspension,2018-02-21,0,0.0829348484848484,2018-03-21,5,7,15,1,0
4348,Nystatin Oral Suspension,2017-02-22,0,0.0961883333333333,2017-03-22,5,7,15,1,0
4349,Nystatin Oral Suspension,2025-03-19,1,0.1080449999999999,2025-04-23,5,7,15,1,0
4350,Nystatin Oral Suspension,2018-03-21,0,0.102908,2018-04-18,5,7,15,1,0
4351,Nystatin Oral Suspension,2017-03-22,0,0.0923416666666666,2017-04-19,5,7,15,1,0
4352,Nystatin Oral Suspension,2016-03-23,0,0.10697,2016-04-20,5,7,15,1,0
4353,Nystatin Oral Suspension,2018-04-18,0,0.101544,2018-05-23,5,7,15,1,0
4354,Nystatin Oral Suspension,2017-04-19,0,0.0952516666666666,2017-05-17,5,7,15,1,0
4355,Nystatin Oral Suspension,2016-04-20,0,0.1040216666666666,2016-05-18,5,7,15,1,0
4356,Nystatin Oral Suspension,2025-04-23,1,0.10233,2025-05-21,5,7,15,1,0
4357,Nystatin Oral Suspension,2017-05-17,0,0.0917805882352941,2017-06-21,5,7,15,1,0
4358,Nystatin Oral Suspension,2016-05-18,0,0.0922520588235294,2016-06-22,5,7,15,1,0
4359,Nystatin Oral Suspension,2025-05-21,1,0.09884,2025-06-18,5,7,15,1,0
4360,Nystatin Oral Suspension,2018-05-23,0,0.074611304347826,2018-06-20,5,7,15,1,0
4361,Nystatin Oral Suspension,2025-06-18,1,0.09937,2025-07-23,5,7,15,1,0
4362,Nystatin Oral Suspension,2018-06-20,0,0.1008519999999999,2018-07-18,5,7,15,1,0
4363,Nystatin Oral Suspension,2017-06-21,0,0.097796,2017-07-19,5,7,15,1,0
4364,Nystatin Oral Suspension,2016-06-22,0,0.099466,2016-07-20,5,7,15,1,0
4365,Nystatin Oral Suspension,2018-07-18,0,0.099876,2018-08-22,5,7,15,1,0
4366,Nystatin Oral Suspension,2017-07-19,0,0.0964683333333333,2017-08-23,5,7,15,1,0
4367,Nystatin Oral Suspension,2016-07-20,0,0.0914266666666666,2016-08-17,5,7,15,1,0
4369,Nystatin Oral Suspension,2016-08-17,0,0.0915532352941176,2016-09-21,5,7,15,1,0
4370,Nystatin Oral Suspension,2018-08-22,0,0.098268,2018-09-19,5,7,15,1,0
4371,Nystatin Oral Suspension,2017-08-23,0,0.1008,2017-09-20,5,7,15,1,0
4372,Nystatin Oral Suspension,2018-09-19,0,0.099074,2018-10-17,5,7,15,1,0
4373,Nystatin Oral Suspension,2017-09-20,0,0.0856513793103448,2017-10-18,5,7,15,1,0
4374,Nystatin Oral Suspension,2016-09-21,0,0.101602,2016-10-19,5,7,15,1,0
4375,Nystatin Oral Suspension,2018-10-17,0,0.098942,2018-11-21,5,7,15,1,0
4376,Nystatin Oral Suspension,2017-10-18,0,0.1031499999999999,2017-11-22,5,7,15,1,0
4377,Nystatin Oral Suspension,2016-10-19,0,0.0860917647058823,2016-11-23,5,7,15,1,0
4378,Nystatin Oral Suspension,2018-11-21,1,0.0951766666666666,2018-12-19,5,7,15,1,0
4379,Nystatin Oral Suspension,2017-11-22,0,0.0870785714285714,2017-12-20,5,7,15,1,0
4380,Nystatin Oral Suspension,2016-11-23,0,0.105554,2016-12-21,5,7,15,1,0
4381,Nystatin Oral Suspension,2024-12-18,1,0.094368,2025-01-22,5,7,15,1,0
4383,Nystatin Oral Suspension,2017-12-20,0,0.107514,2018-01-17,5,7,15,1,0
4384,Nystatin Oral Suspension,2016-12-21,0,0.093915,2017-01-18,5,7,15,1,0
4385,Nystatin Oral Suspension,2015-12-23,0,0.102285,2016-01-20,5,7,15,1,0
4386,Octreotide Injection,2025-01-22,0,4.1208,2025-02-19,6,26,26,1,0
4387,Octreotide Injection,2025-02-19,0,3.98707625,2025-03-19,6,26,26,1,0
4388,Octreotide Injection,2025-03-19,0,3.9273525,2025-04-23,6,26,26,1,0
4389,Octreotide Injection,2025-04-23,0,3.9241925,2025-05-21,6,26,26,1,0
4390,Octreotide Injection,2025-05-21,0,4.339530909090909,2025-06-18,6,26,26,1,0
4391,Octreotide Injection,2025-06-18,0,2.75205,2025-07-23,6,26,26,1,0
4394,Octreotide Injection,2024-12-18,0,4.2691775000000005,2025-01-22,6,26,26,1,0
4395,Ofloxacin Ophthalmic Solution,2017-01-01,1,21.54811,2017-01-18,4,4,7,1,0
4396,Ofloxacin Ophthalmic Solution,2018-01-01,1,22.62638,2018-01-17,4,4,7,1,0
4397,Ofloxacin Ophthalmic Solution,2018-01-17,1,2.410755,2018-02-21,4,4,7,1,0
4398,Ofloxacin Ophthalmic Solution,2017-01-18,1,3.93239,2017-02-22,4,4,7,1,0
4399,Ofloxacin Ophthalmic Solution,2016-01-20,0,2.647965,2016-02-17,4,4,7,1,0
4400,Ofloxacin Ophthalmic Solution,2025-01-22,1,1.27163,2025-02-19,4,4,7,1,0
4401,Ofloxacin Ophthalmic Solution,2016-02-17,0,2.700385,2016-03-23,4,4,7,1,0
4402,Ofloxacin Ophthalmic Solution,2025-02-19,0,1.3957499999999998,2025-03-19,4,4,7,1,0
4403,Ofloxacin Ophthalmic Solution,2018-02-21,0,2.37801,2018-03-21,4,4,7,1,0
4404,Ofloxacin Ophthalmic Solution,2017-02-22,1,4.706025,2017-03-22,4,4,7,1,0
4405,Ofloxacin Ophthalmic Solution,2025-03-19,0,1.482835,2025-04-23,4,4,7,1,0
4406,Ofloxacin Ophthalmic Solution,2018-03-21,0,2.44091,2018-04-18,4,4,7,1,0
4407,Ofloxacin Ophthalmic Solution,2017-03-22,1,4.85667,2017-04-19,4,4,7,1,0
4408,Ofloxacin Ophthalmic Solution,2016-03-23,0,2.77276,2016-04-20,4,4,7,1,0
4409,Ofloxacin Ophthalmic Solution,2018-04-18,0,2.30322,2018-05-23,4,4,7,1,0
4410,Ofloxacin Ophthalmic Solution,2017-04-19,1,2.60635,2017-05-17,4,4,7,1,0
4411,Ofloxacin Ophthalmic Solution,2016-04-20,1,2.726685,2016-05-18,4,4,7,1,0
4412,Ofloxacin Ophthalmic Solution,2025-04-23,0,1.50021,2025-05-21,4,4,7,1,0
4413,Ofloxacin Ophthalmic Solution,2017-05-17,1,2.646755,2017-06-21,4,4,7,1,0
4414,Ofloxacin Ophthalmic Solution,2016-05-18,1,2.669055,2016-06-22,4,4,7,1,0
4415,Ofloxacin Ophthalmic Solution,2025-05-21,0,1.488435,2025-06-18,4,4,7,1,0
4416,Ofloxacin Ophthalmic Solution,2018-05-23,0,2.312345,2018-06-20,4,4,7,1,0
4417,Ofloxacin Ophthalmic Solution,2025-06-18,0,1.465845,2025-07-23,4,4,7,1,0
4418,Ofloxacin Ophthalmic Solution,2018-06-20,0,2.43004,2018-07-18,4,4,7,1,0
4419,Ofloxacin Ophthalmic Solution,2017-06-21,1,2.4945,2017-07-19,4,4,7,1,0
4420,Ofloxacin Ophthalmic Solution,2016-06-22,1,11.974685283018868,2016-07-20,4,4,7,1,0
4421,Ofloxacin Ophthalmic Solution,2018-07-18,0,2.345095,2018-08-22,4,4,7,1,0
4422,Ofloxacin Ophthalmic Solution,2017-07-19,1,2.62862,2017-08-23,4,4,7,1,0
4423,Ofloxacin Ophthalmic Solution,2016-07-20,1,2.65015,2016-08-17,4,4,7,1,0
4425,Ofloxacin Ophthalmic Solution,2016-08-17,1,2.75533,2016-09-21,4,4,7,1,0
4426,Ofloxacin Ophthalmic Solution,2018-08-22,0,2.31137,2018-09-19,4,4,7,1,0
4427,Ofloxacin Ophthalmic Solution,2017-08-23,1,2.61954,2017-09-20,4,4,7,1,0
4428,Ofloxacin Ophthalmic Solution,2018-09-19,0,2.207725,2018-10-17,4,4,7,1,0
4429,Ofloxacin Ophthalmic Solution,2017-09-20,1,2.7111700000000005,2017-10-18,4,4,7,1,0
4430,Ofloxacin Ophthalmic Solution,2016-09-21,1,2.70724,2016-10-19,4,4,7,1,0
4431,Ofloxacin Ophthalmic Solution,2018-10-17,0,2.20271,2018-11-21,4,4,7,1,0
4432,Ofloxacin Ophthalmic Solution,2017-10-18,1,2.653255,2017-11-22,4,4,7,1,0
4433,Ofloxacin Ophthalmic Solution,2016-10-19,1,2.76359,2016-11-23,4,4,7,1,0
4434,Ofloxacin Ophthalmic Solution,2018-11-21,0,2.129385,2018-12-19,4,4,7,1,0
4435,Ofloxacin Ophthalmic Solution,2017-11-22,1,2.50316,2017-12-20,4,4,7,1,0
4436,Ofloxacin Ophthalmic Solution,2016-11-23,1,2.476475,2016-12-21,4,4,7,1,0
4437,Ofloxacin Ophthalmic Solution,2024-12-18,1,1.299945,2025-01-22,4,4,7,1,0
4439,Ofloxacin Ophthalmic Solution,2017-12-20,1,2.421865,2018-01-01,4,4,7,1,0
4440,Ofloxacin Ophthalmic Solution,2016-12-21,1,2.61474,2017-01-01,4,4,7,1,0
4441,Ofloxacin Ophthalmic Solution,2015-12-23,0,2.660385,2016-01-20,4,4,7,1,0
4442,Ofloxacin Otic Solution,2018-01-17,0,6.182562857142857,2018-02-21,3,3,6,1,0
4443,Ofloxacin Otic Solution,2017-01-18,0,22.23133,2017-02-22,3,3,6,1,0
4444,Ofloxacin Otic Solution,2016-01-20,1,18.794,2016-02-17,3,3,6,1,0
4445,Ofloxacin Otic Solution,2025-01-22,0,1.270405,2025-02-19,3,3,6,1,0
4447,Ofloxacin Otic Solution,2025-02-19,0,1.357715,2025-03-19,3,3,6,1,0
4448,Ofloxacin Otic Solution,2018-02-21,0,6.622,2018-03-21,3,3,6,1,0
4449,Ofloxacin Otic Solution,2017-02-22,0,21.14761,2017-03-22,3,3,6,1,0
4450,Ofloxacin Otic Solution,2025-03-19,0,1.35776,2025-04-23,3,3,6,1,0
4451,Ofloxacin Otic Solution,2018-03-21,0,4.63497,2018-04-18,3,3,6,1,0
4452,Ofloxacin Otic Solution,2017-03-22,0,15.64811,2017-04-19,3,3,6,1,0
4453,Ofloxacin Otic Solution,2018-04-18,0,4.441065,2018-05-23,3,3,6,1,0
4454,Ofloxacin Otic Solution,2017-04-19,0,11.548755,2017-05-17,3,3,6,1,0
4455,Ofloxacin Otic Solution,2025-04-23,0,1.36917,2025-05-21,3,3,6,1,0
4456,Ofloxacin Otic Solution,2017-05-17,0,10.142031428571428,2017-05-31,3,3,6,1,0
4457,Ofloxacin Otic Solution,2025-05-21,0,1.38272,2025-06-18,3,3,6,1,0
4458,Ofloxacin Otic Solution,2018-05-23,0,4.981345,2018-06-20,3,3,6,1,0
4459,Ofloxacin Otic Solution,2017-05-31,0,10.46229,2017-06-21,3,3,6,1,0
4460,Ofloxacin Otic Solution,2025-06-18,0,1.43836,2025-07-23,3,3,6,1,0
4461,Ofloxacin Otic Solution,2018-06-20,0,4.50576,2018-07-18,3,3,6,1,0
4462,Ofloxacin Otic Solution,2017-06-21,0,10.43116,2017-07-19,3,3,6,1,0
4463,Ofloxacin Otic Solution,2018-07-18,0,4.89797,2018-08-22,3,3,6,1,0
4464,Ofloxacin Otic Solution,2017-07-19,0,10.158258333333334,2017-07-26,3,3,6,1,0
4466,Ofloxacin Otic Solution,2017-07-26,0,10.99881,2017-08-23,3,3,6,1,0
4467,Ofloxacin Otic Solution,2018-08-22,0,5.933705,2018-09-19,3,3,6,1,0
4468,Ofloxacin Otic Solution,2017-08-23,0,9.10776,2017-09-20,3,3,6,1,0
4469,Ofloxacin Otic Solution,2018-09-19,0,4.259845,2018-10-17,3,3,6,1,0
4470,Ofloxacin Otic Solution,2017-09-20,0,9.0216,2017-10-18,3,3,6,1,0
4471,Ofloxacin Otic Solution,2018-10-17,0,3.662385,2018-11-21,3,3,6,1,0
4472,Ofloxacin Otic Solution,2017-10-18,0,7.32766,2017-11-22,3,3,6,1,0
4473,Ofloxacin Otic Solution,2016-10-19,0,25.85782,2016-11-23,3,3,6,1,0
4474,Ofloxacin Otic Solution,2018-11-21,0,3.516025,2018-12-19,3,3,6,1,0
4475,Ofloxacin Otic Solution,2017-11-22,0,7.55162,2018-01-17,3,3,6,1,0
4476,Ofloxacin Otic Solution,2016-11-23,0,25.482835,2016-12-21,3,3,6,1,0
4477,Ofloxacin Otic Solution,2024-12-18,0,1.27715,2025-01-22,3,3,6,1,0
4479,Ofloxacin Otic Solution,2016-12-21,0,24.71572,2017-01-18,3,3,6,1,0
4480,Ofloxacin Otic Solution,2015-12-23,1,18.015680681818186,2016-01-20,3,3,6,1,0
4481,Olanzapine Intramuscular Injection,2025-01-22,0,26.32022,2025-02-19,3,3,3,1,0
4482,Olanzapine Intramuscular Injection,2025-02-19,0,26.84022,2025-03-19,3,3,3,1,0
4483,Olanzapine Intramuscular Injection,2025-03-19,0,26.942,2025-04-23,3,3,3,1,0
4484,Olanzapine Intramuscular Injection,2025-04-23,0,26.942,2025-06-18,3,3,3,1,0
4485,Olanzapine Intramuscular Injection,2025-06-18,0,25.41,2025-07-23,3,3,3,1,0
4487,Olanzapine Intramuscular Injection,2024-12-18,0,25.80022,2025-01-22,3,3,3,1,0
4488,Ondansetron Hydrochloride Injection,2025-01-22,0,0.1943757142857143,2025-02-19,8,13,13,1,0
4489,Ondansetron Hydrochloride Injection,2016-02-10,0,0.161,2016-02-17,8,13,13,1,0
4491,Ondansetron Hydrochloride Injection,2025-02-19,0,0.1914757142857142,2025-03-19,8,13,13,1,0
4492,Ondansetron Hydrochloride Injection,2017-02-22,0,0.21684,2017-04-12,8,13,13,1,0
4493,Ondansetron Hydrochloride Injection,2025-03-19,0,0.1925828571428571,2025-04-23,8,13,13,1,0
4494,Ondansetron Hydrochloride Injection,2017-04-12,0,0.21684,2017-04-26,8,13,13,1,0
4495,Ondansetron Hydrochloride Injection,2025-04-23,0,0.1922128571428571,2025-05-21,8,13,13,1,0
4497,Ondansetron Hydrochloride Injection,2016-05-18,0,0.20256,2016-06-08,8,13,13,1,0
4498,Ondansetron Hydrochloride Injection,2025-05-21,0,0.1934499999999999,2025-06-18,8,13,13,1,0
4499,Ondansetron Hydrochloride Injection,2016-06-08,0,0.20256,2016-06-22,8,13,13,1,0
4500,Ondansetron Hydrochloride Injection,2025-06-18,0,0.1927671428571428,2025-07-23,8,13,13,1,0
4501,Ondansetron Hydrochloride Injection,2016-06-22,0,0.274532,2016-08-17,8,13,13,1,0
4502,Ondansetron Hydrochloride Injection,2018-07-18,1,0.22088,2018-08-22,8,13,13,1,0
4503,Ondansetron Hydrochloride Injection,2015-07-22,0,0.26963,2015-08-19,8,13,13,1,0
4508,Ondansetron Hydrochloride Injection,2024-12-18,1,0.1928114285714285,2025-01-22,8,13,13,1,0
4511,Ondansetron Injection,2016-05-18,1,0.20256,2016-06-22,11,21,23,1,0
4512,Ondansetron Injection,2016-06-22,1,0.2093025,2016-08-17,11,21,23,1,0
4513,Ondansetron Injection,2018-07-18,0,0.22088,2018-08-22,11,21,23,1,0
4514,Ondansetron Injection,2015-07-22,1,0.26963,2015-08-19,11,21,23,1,0
4518,Oseltamivir Oral Suspension,2018-01-17,1,1.55352,2018-02-21,3,3,3,1,0
4519,Oseltamivir Oral Suspension,2025-01-22,0,0.17483,2025-02-19,3,3,3,1,0
4520,Oseltamivir Oral Suspension,2025-02-19,0,0.20046,2025-03-19,3,3,3,1,0
4521,Oseltamivir Oral Suspension,2018-02-21,1,1.52611,2018-02-28,3,3,3,1,0
4522,Oseltamivir Oral Suspension,2018-02-28,1,1.52611,2018-03-21,3,3,3,1,0
4523,Oseltamivir Oral Suspension,2025-03-19,0,0.20095,2025-04-23,3,3,3,1,0
4524,Oseltamivir Oral Suspension,2018-03-21,1,1.5268,2018-04-18,3,3,3,1,0
4525,Oseltamivir Oral Suspension,2018-04-18,1,1.5111,2018-05-23,3,3,3,1,0
4526,Oseltamivir Oral Suspension,2025-04-23,0,0.20296,2025-05-21,3,3,3,1,0
4527,Oseltamivir Oral Suspension,2025-05-21,0,0.19691,2025-06-18,3,3,3,1,0
4528,Oseltamivir Oral Suspension,2018-05-23,1,1.50653,2018-06-20,3,3,3,1,0
4529,Oseltamivir Oral Suspension,2025-06-18,0,0.17904,2025-07-23,3,3,3,1,0
4530,Oseltamivir Oral Suspension,2018-06-20,0,1.47854,2018-07-18,3,3,3,1,0
4533,Oseltamivir Oral Suspension,2018-10-17,0,1.49838,2018-11-21,3,3,3,1,0
4534,Oseltamivir Oral Suspension,2018-11-21,0,1.34678,2018-12-19,3,3,3,1,0
4535,Oseltamivir Oral Suspension,2024-12-18,0,0.17605,2025-01-22,3,3,3,1,0
4537,Pantoprazole Injection,2025-01-22,1,2.19067,2025-02-19,2,2,3,1,0
4538,Pantoprazole Injection,2025-02-19,1,2.06446,2025-03-19,2,2,3,1,0
4539,Pantoprazole Injection,2025-03-19,1,1.9948,2025-04-23,2,2,3,1,0
4540,Pantoprazole Injection,2025-04-23,1,1.94891,2025-05-21,2,2,3,1,0
4542,Pantoprazole Injection,2024-12-18,1,2.33707,2025-01-22,2,2,3,1,0
4543,Pantoprazole Tablets,2018-01-17,0,0.0671887499999999,2018-02-21,14,25,31,0,1
4544,Pantoprazole Tablets,2017-01-18,0,0.0794075,2017-02-22,14,25,31,0,1
4545,Pantoprazole Tablets,2016-01-20,1,0.0866341176470588,2016-02-17,14,25,31,0,1
4546,Pantoprazole Tablets,2025-01-22,0,0.0378827272727272,2025-02-19,14,25,31,0,1
4547,Pantoprazole Tablets,2016-02-17,1,0.091645294117647,2016-03-23,14,25,31,0,1
4548,Pantoprazole Tablets,2025-02-19,0,0.0398490909090909,2025-03-19,14,25,31,0,1
4549,Pantoprazole Tablets,2018-02-21,0,0.07516125,2018-03-21,14,25,31,0,1
4550,Pantoprazole Tablets,2017-02-22,0,0.07844625,2017-03-22,14,25,31,0,1
4551,Pantoprazole Tablets,2025-03-19,0,0.0413518181818181,2025-04-23,14,25,31,0,1
4552,Pantoprazole Tablets,2018-03-21,0,0.06751375,2018-04-18,14,25,31,0,1
4553,Pantoprazole Tablets,2017-03-22,0,0.0772375,2017-04-19,14,25,31,0,1
4554,Pantoprazole Tablets,2016-03-23,1,0.0879711764705882,2016-04-20,14,25,31,0,1
4555,Pantoprazole Tablets,2018-04-18,0,0.058565,2018-05-23,14,25,31,0,1
4556,Pantoprazole Tablets,2017-04-19,0,0.07405625,2017-05-17,14,25,31,0,1
4557,Pantoprazole Tablets,2016-04-20,1,0.0935611764705882,2016-05-18,14,25,31,0,1
4558,Pantoprazole Tablets,2025-04-23,0,0.0412018181818181,2025-05-21,14,25,31,0,1
4559,Pantoprazole Tablets,2017-05-17,0,0.07909625,2017-06-21,14,25,31,0,1
4560,Pantoprazole Tablets,2016-05-18,1,0.0845564705882352,2016-06-22,14,25,31,0,1
4561,Pantoprazole Tablets,2025-05-21,0,0.0413236363636363,2025-06-18,14,25,31,0,1
4562,Pantoprazole Tablets,2018-05-23,0,0.06321625,2018-06-20,14,25,31,0,1
4563,Pantoprazole Tablets,2025-06-18,0,0.0415590909090909,2025-07-23,14,25,31,0,1
4564,Pantoprazole Tablets,2018-06-20,0,0.06017375,2018-07-18,14,25,31,0,1
4565,Pantoprazole Tablets,2017-06-21,0,0.0784675,2017-07-19,14,25,31,0,1
4566,Pantoprazole Tablets,2016-06-22,0,0.0856735294117647,2016-07-20,14,25,31,0,1
4567,Pantoprazole Tablets,2018-07-18,0,0.06343125,2018-08-22,14,25,31,0,1
4568,Pantoprazole Tablets,2017-07-19,0,0.07668375,2017-08-23,14,25,31,0,1
4569,Pantoprazole Tablets,2016-07-20,0,0.0921664705882353,2016-08-17,14,25,31,0,1
4571,Pantoprazole Tablets,2016-08-17,0,0.0880411764705882,2016-09-21,14,25,31,0,1
4572,Pantoprazole Tablets,2018-08-22,0,0.0701925,2018-09-19,14,25,31,0,1
4573,Pantoprazole Tablets,2017-08-23,0,0.0793475,2017-09-20,14,25,31,0,1
4574,Pantoprazole Tablets,2018-09-19,0,0.0606899999999999,2018-10-17,14,25,31,0,1
4575,Pantoprazole Tablets,2017-09-20,0,0.0777424999999999,2017-10-18,14,25,31,0,1
4576,Pantoprazole Tablets,2016-09-21,0,0.0851711764705882,2016-10-19,14,25,31,0,1
4577,Pantoprazole Tablets,2018-10-17,0,0.061784,2018-11-21,14,25,31,0,1
4578,Pantoprazole Tablets,2017-10-18,0,0.07689125,2017-11-22,14,25,31,0,1
4579,Pantoprazole Tablets,2016-10-19,0,0.0876694117647058,2016-11-23,14,25,31,0,1
4580,Pantoprazole Tablets,2018-11-21,0,0.060762,2018-12-19,14,25,31,0,1
4581,Pantoprazole Tablets,2017-11-22,0,0.07477125,2017-12-20,14,25,31,0,1
4582,Pantoprazole Tablets,2016-11-23,0,0.0812341176470588,2016-12-21,14,25,31,0,1
4583,Pantoprazole Tablets,2024-12-18,0,0.0411227272727272,2025-01-22,14,25,31,0,1
4585,Pantoprazole Tablets,2017-12-20,0,0.064925,2018-01-17,14,25,31,0,1
4586,Pantoprazole Tablets,2016-12-21,0,0.0854309090909091,2017-01-18,14,25,31,0,1
4587,Pantoprazole Tablets,2015-12-23,1,0.0870847058823529,2016-01-20,14,25,31,0,1
4597,Phenelzine Sulfate Tablets,2017-01-18,0,0.56322,2017-02-22,3,3,3,0,1
4598,Phenelzine Sulfate Tablets,2016-01-20,0,0.66223,2016-02-17,3,3,3,0,1
4599,Phenelzine Sulfate Tablets,2025-01-22,0,0.53842,2025-02-19,3,3,3,0,1
4600,Phenelzine Sulfate Tablets,2016-02-17,0,0.6123,2016-03-23,3,3,3,0,1
4601,Phenelzine Sulfate Tablets,2025-02-19,0,0.55779,2025-03-19,3,3,3,0,1
4602,Phenelzine Sulfate Tablets,2017-02-22,0,0.53769,2017-03-22,3,3,3,0,1
4603,Phenelzine Sulfate Tablets,2025-03-19,0,0.5732,2025-04-23,3,3,3,0,1
4604,Phenelzine Sulfate Tablets,2018-03-21,0,0.55152,2018-04-18,3,3,3,0,1
4605,Phenelzine Sulfate Tablets,2017-03-22,0,0.52729,2017-04-19,3,3,3,0,1
4606,Phenelzine Sulfate Tablets,2016-03-23,0,0.52353,2016-04-20,3,3,3,0,1
4607,Phenelzine Sulfate Tablets,2018-04-18,0,0.54568,2018-05-23,3,3,3,0,1
4608,Phenelzine Sulfate Tablets,2017-04-19,0,0.56203,2017-05-17,3,3,3,0,1
4609,Phenelzine Sulfate Tablets,2016-04-20,0,0.5558,2016-05-18,3,3,3,0,1
4610,Phenelzine Sulfate Tablets,2025-04-23,0,0.57936,2025-05-21,3,3,3,0,1
4611,Phenelzine Sulfate Tablets,2017-05-17,0,0.47653,2017-06-21,3,3,3,0,1
4612,Phenelzine Sulfate Tablets,2016-05-18,0,0.54186,2016-06-22,3,3,3,0,1
4613,Phenelzine Sulfate Tablets,2025-05-21,0,0.59074,2025-06-18,3,3,3,0,1
4614,Phenelzine Sulfate Tablets,2018-05-23,0,0.51325,2018-06-20,3,3,3,0,1
4615,Phenelzine Sulfate Tablets,2025-06-18,0,0.59915,2025-07-23,3,3,3,0,1
4616,Phenelzine Sulfate Tablets,2018-06-20,0,0.52691,2018-07-18,3,3,3,0,1
4618,Phenelzine Sulfate Tablets,2016-06-22,0,0.56815,2016-07-20,3,3,3,0,1
4619,Phenelzine Sulfate Tablets,2018-07-18,0,0.50845,2018-08-22,3,3,3,0,1
4622,Phenelzine Sulfate Tablets,2018-08-22,0,0.50426,2018-09-19,3,3,3,0,1
4623,Phenelzine Sulfate Tablets,2018-09-19,0,0.53423,2018-10-17,3,3,3,0,1
4624,Phenelzine Sulfate Tablets,2016-09-21,0,0.56619,2016-10-19,3,3,3,0,1
4625,Phenelzine Sulfate Tablets,2018-10-17,0,0.52471,2018-11-21,3,3,3,0,1
4626,Phenelzine Sulfate Tablets,2016-10-19,0,0.54377,2016-11-23,3,3,3,0,1
4627,Phenelzine Sulfate Tablets,2018-11-21,0,0.55131,2018-12-19,3,3,3,0,1
4628,Phenelzine Sulfate Tablets,2016-11-23,0,0.58223,2016-12-21,3,3,3,0,1
4629,Phenelzine Sulfate Tablets,2024-12-18,0,0.52838,2025-01-22,3,3,3,0,1
4632,Phenelzine Sulfate Tablets,2016-12-21,0,0.56392,2017-01-18,3,3,3,0,1
4633,Phenelzine Sulfate Tablets,2015-12-23,0,0.62586,2016-01-20,3,3,3,0,1
4634,Piperacillin and Tazobactam Injection,2025-01-22,0,3.34641,2025-02-19,12,45,48,1,0
4635,Piperacillin and Tazobactam Injection,2025-02-19,0,3.17394,2025-03-19,12,45,48,1,0
4636,Piperacillin and Tazobactam Injection,2025-03-19,0,3.06584,2025-04-23,12,45,48,1,0
4637,Piperacillin and Tazobactam Injection,2025-04-23,0,3.00119,2025-05-21,12,45,48,1,0
4638,Piperacillin and Tazobactam Injection,2025-05-21,0,2.8072,2025-06-18,12,45,48,1,0
4639,Piperacillin and Tazobactam Injection,2025-06-18,0,2.99717,2025-07-23,12,45,48,1,0
4641,Piperacillin and Tazobactam Injection,2024-12-18,0,3.53135,2025-01-22,12,45,48,1,0
4642,Piroxicam Capsules,2018-01-17,0,0.7536039999999999,2018-02-21,4,8,10,0,1
4643,Piroxicam Capsules,2017-01-18,0,1.15391,2017-02-22,4,8,10,0,1
4644,Piroxicam Capsules,2016-01-20,1,1.241362,2016-02-17,4,8,10,0,1
4645,Piroxicam Capsules,2025-01-22,0,0.17347,2025-02-19,4,8,10,0,1
4646,Piroxicam Capsules,2016-02-17,1,1.262538,2016-03-23,4,8,10,0,1
4647,Piroxicam Capsules,2025-02-19,0,0.18062,2025-03-19,4,8,10,0,1
4648,Piroxicam Capsules,2018-02-21,0,0.80375,2018-03-21,4,8,10,0,1
4649,Piroxicam Capsules,2017-02-22,0,1.054524,2017-03-22,4,8,10,0,1
4650,Piroxicam Capsules,2025-03-19,0,0.2015233333333333,2025-04-23,4,8,10,0,1
4651,Piroxicam Capsules,2018-03-21,0,0.7324033333333334,2018-04-18,4,8,10,0,1
4652,Piroxicam Capsules,2017-03-22,0,1.035902,2017-04-19,4,8,10,0,1
4653,Piroxicam Capsules,2016-03-23,1,1.344878,2016-04-20,4,8,10,0,1
4654,Piroxicam Capsules,2018-04-18,0,0.7656449999999999,2018-05-23,4,8,10,0,1
4655,Piroxicam Capsules,2017-04-19,0,1.0066739999999998,2017-05-17,4,8,10,0,1
4656,Piroxicam Capsules,2016-04-20,1,1.339486,2016-05-18,4,8,10,0,1
4657,Piroxicam Capsules,2025-04-23,0,0.1967133333333333,2025-05-21,4,8,10,0,1
4658,Piroxicam Capsules,2017-05-17,0,1.032198,2017-06-21,4,8,10,0,1
4659,Piroxicam Capsules,2016-05-18,0,1.257214,2016-06-22,4,8,10,0,1
4660,Piroxicam Capsules,2025-05-21,0,0.2137733333333333,2025-06-18,4,8,10,0,1
4661,Piroxicam Capsules,2018-05-23,0,0.7000933333333332,2018-06-20,4,8,10,0,1
4662,Piroxicam Capsules,2025-06-18,0,0.2288299999999999,2025-07-23,4,8,10,0,1
4663,Piroxicam Capsules,2018-06-20,0,0.84983,2018-07-18,4,8,10,0,1
4664,Piroxicam Capsules,2017-06-21,0,1.07472,2017-07-19,4,8,10,0,1
4665,Piroxicam Capsules,2016-06-22,0,1.20935,2016-07-20,4,8,10,0,1
4666,Piroxicam Capsules,2018-07-18,0,0.65587,2018-08-22,4,8,10,0,1
4667,Piroxicam Capsules,2017-07-19,0,0.974098,2017-08-23,4,8,10,0,1
4668,Piroxicam Capsules,2016-07-20,0,1.223122,2016-08-17,4,8,10,0,1
4670,Piroxicam Capsules,2016-08-17,0,1.2623639999999998,2016-09-21,4,8,10,0,1
4671,Piroxicam Capsules,2018-08-22,0,0.6612750000000001,2018-09-19,4,8,10,0,1
4672,Piroxicam Capsules,2017-08-23,0,0.97957,2017-09-20,4,8,10,0,1
4673,Piroxicam Capsules,2018-09-19,0,0.63256,2018-10-17,4,8,10,0,1
4674,Piroxicam Capsules,2017-09-20,0,1.058268,2017-10-18,4,8,10,0,1
4675,Piroxicam Capsules,2016-09-21,0,1.156014,2016-10-19,4,8,10,0,1
4676,Piroxicam Capsules,2018-10-17,0,0.581485,2018-11-21,4,8,10,0,1
4677,Piroxicam Capsules,2017-10-18,0,0.8378373170731707,2017-11-22,4,8,10,0,1
4678,Piroxicam Capsules,2016-10-19,0,1.0599718181818183,2016-11-23,4,8,10,0,1
4679,Piroxicam Capsules,2018-11-21,0,0.4886159999999999,2018-12-19,4,8,10,0,1
4680,Piroxicam Capsules,2017-11-22,0,0.84626,2017-12-20,4,8,10,0,1
4681,Piroxicam Capsules,2016-11-23,0,1.26319,2016-12-21,4,8,10,0,1
4682,Piroxicam Capsules,2024-12-18,0,0.17492,2025-01-22,4,8,10,0,1
4684,Piroxicam Capsules,2017-12-20,0,1.01127,2018-01-17,4,8,10,0,1
4685,Piroxicam Capsules,2016-12-21,0,1.065684,2017-01-18,4,8,10,0,1
4686,Piroxicam Capsules,2015-12-23,0,1.319338,2016-01-20,4,8,10,0,1
4687,Polyethylene Glycol 3350 With Electrolytes,2018-01-05,0,95.79058,2018-01-17,8,10,13,0,1
4688,Polyethylene Glycol 3350 With Electrolytes,2017-01-06,0,88.20411,2017-01-18,8,10,13,0,1
4689,Polyethylene Glycol 3350 With Electrolytes,2016-01-15,0,83.72678,2016-01-20,8,10,13,0,1
4690,Polyethylene Glycol 3350 With Electrolytes,2018-01-17,0,0.0030475,2018-02-21,8,10,13,0,1
4691,Polyethylene Glycol 3350 With Electrolytes,2017-01-18,0,0.00307,2017-02-22,8,10,13,0,1
4692,Polyethylene Glycol 3350 With Electrolytes,2016-01-20,0,0.0032633333333333,2016-02-17,8,10,13,0,1
4693,Polyethylene Glycol 3350 With Electrolytes,2025-01-22,0,20.16265333333333,2025-02-19,8,10,13,0,1
4694,Polyethylene Glycol 3350 With Electrolytes,2016-02-17,0,0.0033871111111111,2016-03-23,8,10,13,0,1
4695,Polyethylene Glycol 3350 With Electrolytes,2025-02-19,0,20.387725555555555,2025-03-19,8,10,13,0,1
4696,Polyethylene Glycol 3350 With Electrolytes,2018-02-21,0,0.003095,2018-03-21,8,10,13,0,1
4697,Polyethylene Glycol 3350 With Electrolytes,2017-02-22,0,48.13596422535211,2017-03-22,8,10,13,0,1
4698,Polyethylene Glycol 3350 With Electrolytes,2025-03-19,0,21.114641111111112,2025-04-23,8,10,13,0,1
4699,Polyethylene Glycol 3350 With Electrolytes,2018-03-21,0,0.00304875,2018-04-18,8,10,13,0,1
4700,Polyethylene Glycol 3350 With Electrolytes,2017-03-22,0,0.004055238095238,2017-04-19,8,10,13,0,1
4701,Polyethylene Glycol 3350 With Electrolytes,2016-03-23,0,0.0031171428571428,2016-04-20,8,10,13,0,1
4702,Polyethylene Glycol 3350 With Electrolytes,2018-04-18,0,0.00289875,2018-05-23,8,10,13,0,1
4703,Polyethylene Glycol 3350 With Electrolytes,2017-04-19,0,0.0029185714285714,2017-05-17,8,10,13,0,1
4704,Polyethylene Glycol 3350 With Electrolytes,2016-04-20,0,0.00332125,2016-05-18,8,10,13,0,1
4705,Polyethylene Glycol 3350 With Electrolytes,2025-04-23,0,21.26984,2025-05-21,8,10,13,0,1
4706,Polyethylene Glycol 3350 With Electrolytes,2017-05-17,0,0.00312,2017-05-31,8,10,13,0,1
4707,Polyethylene Glycol 3350 With Electrolytes,2016-05-18,0,0.0033162499999999,2016-05-25,8,10,13,0,1
4708,Polyethylene Glycol 3350 With Electrolytes,2025-05-21,0,21.619096666666664,2025-06-18,8,10,13,0,1
4709,Polyethylene Glycol 3350 With Electrolytes,2018-05-23,0,0.00286625,2018-06-20,8,10,13,0,1
4710,Polyethylene Glycol 3350 With Electrolytes,2016-05-25,0,0.00337,2016-06-22,8,10,13,0,1
4711,Polyethylene Glycol 3350 With Electrolytes,2017-05-31,0,0.0035499999999999,2017-06-21,8,10,13,0,1
4713,Polyethylene Glycol 3350 With Electrolytes,2025-06-18,0,21.82115777777777,2025-07-23,8,10,13,0,1
4714,Polyethylene Glycol 3350 With Electrolytes,2018-06-20,0,0.00285,2018-07-18,8,10,13,0,1
4715,Polyethylene Glycol 3350 With Electrolytes,2017-06-21,0,0.00311125,2017-07-19,8,10,13,0,1
4716,Polyethylene Glycol 3350 With Electrolytes,2016-06-22,0,0.003956338028169,2016-07-20,8,10,13,0,1
4717,Polyethylene Glycol 3350 With Electrolytes,2018-07-18,0,0.00281875,2018-08-22,8,10,13,0,1
4718,Polyethylene Glycol 3350 With Electrolytes,2017-07-19,0,0.00306875,2017-08-23,8,10,13,0,1
4719,Polyethylene Glycol 3350 With Electrolytes,2016-07-20,0,0.00318125,2016-08-17,8,10,13,0,1
4721,Polyethylene Glycol 3350 With Electrolytes,2016-08-17,0,0.0032275,2016-09-21,8,10,13,0,1
4722,Polyethylene Glycol 3350 With Electrolytes,2018-08-22,0,0.002755,2018-09-19,8,10,13,0,1
4723,Polyethylene Glycol 3350 With Electrolytes,2017-08-23,0,0.00320375,2017-09-20,8,10,13,0,1
4724,Polyethylene Glycol 3350 With Electrolytes,2018-09-19,0,0.003005,2018-10-17,8,10,13,0,1
4725,Polyethylene Glycol 3350 With Electrolytes,2017-09-20,0,0.0032075,2017-10-18,8,10,13,0,1
4726,Polyethylene Glycol 3350 With Electrolytes,2016-09-21,0,0.0031249999999999,2016-10-19,8,10,13,0,1
4727,Polyethylene Glycol 3350 With Electrolytes,2018-10-17,0,20.603114901960783,2018-11-21,8,10,13,0,1
4728,Polyethylene Glycol 3350 With Electrolytes,2017-10-18,0,0.0031712499999999,2017-11-22,8,10,13,0,1
4729,Polyethylene Glycol 3350 With Electrolytes,2016-10-19,0,20.50924905660377,2016-11-23,8,10,13,0,1
4731,Polyethylene Glycol 3350 With Electrolytes,2018-11-21,0,0.0031525,2018-12-19,8,10,13,0,1
4732,Polyethylene Glycol 3350 With Electrolytes,2017-11-22,0,17.579179,2017-12-20,8,10,13,0,1
4733,Polyethylene Glycol 3350 With Electrolytes,2016-11-23,0,0.0030724999999999,2016-12-21,8,10,13,0,1
4734,Polyethylene Glycol 3350 With Electrolytes,2024-12-18,0,20.511636666666668,2025-01-22,8,10,13,0,1
4736,Polyethylene Glycol 3350 With Electrolytes,2017-12-20,0,0.00308625,2018-01-05,8,10,13,0,1
4737,Polyethylene Glycol 3350 With Electrolytes,2016-12-21,0,0.003175,2017-01-06,8,10,13,0,1
4738,Polyethylene Glycol 3350 With Electrolytes,2015-12-23,0,0.0031725,2016-01-15,8,10,13,0,1
4739,Polymyxin B and Trimethoprim Sulfates Ophthalmic Solution,2018-01-17,0,0.56048,2018-02-21,4,4,4,1,0
4740,Polymyxin B and Trimethoprim Sulfates Ophthalmic Solution,2017-01-18,0,0.56017,2017-02-22,4,4,4,1,0
4741,Polymyxin B and Trimethoprim Sulfates Ophthalmic Solution,2016-01-20,0,0.66784,2016-02-17,4,4,4,1,0
4742,Polymyxin B and Trimethoprim Sulfates Ophthalmic Solution,2025-01-22,0,0.43544,2025-02-19,4,4,4,1,0
4743,Polymyxin B and Trimethoprim Sulfates Ophthalmic Solution,2016-02-17,0,0.63122,2016-03-23,4,4,4,1,0
4744,Polymyxin B and Trimethoprim Sulfates Ophthalmic Solution,2025-02-19,0,0.46083,2025-03-19,4,4,4,1,0
4745,Polymyxin B and Trimethoprim Sulfates Ophthalmic Solution,2018-02-21,0,0.59175,2018-03-21,4,4,4,1,0
4746,Polymyxin B and Trimethoprim Sulfates Ophthalmic Solution,2017-02-22,0,0.61186,2017-03-22,4,4,4,1,0
4747,Polymyxin B and Trimethoprim Sulfates Ophthalmic Solution,2025-03-19,0,0.4867,2025-04-23,4,4,4,1,0
4748,Polymyxin B and Trimethoprim Sulfates Ophthalmic Solution,2018-03-21,0,0.56226,2018-04-18,4,4,4,1,0
4749,Polymyxin B and Trimethoprim Sulfates Ophthalmic Solution,2017-03-22,0,0.5601,2017-04-19,4,4,4,1,0
4750,Polymyxin B and Trimethoprim Sulfates Ophthalmic Solution,2016-03-23,0,0.7303,2016-04-20,4,4,4,1,0
4751,Polymyxin B and Trimethoprim Sulfates Ophthalmic Solution,2018-04-18,0,0.54648,2018-05-23,4,4,4,1,0
4752,Polymyxin B and Trimethoprim Sulfates Ophthalmic Solution,2017-04-19,0,0.55891,2017-05-17,4,4,4,1,0
4753,Polymyxin B and Trimethoprim Sulfates Ophthalmic Solution,2016-04-20,0,0.69473,2016-05-18,4,4,4,1,0
4754,Polymyxin B and Trimethoprim Sulfates Ophthalmic Solution,2025-04-23,0,0.48097,2025-05-21,4,4,4,1,0
4755,Polymyxin B and Trimethoprim Sulfates Ophthalmic Solution,2017-05-17,0,0.57409,2017-06-21,4,4,4,1,0
4756,Polymyxin B and Trimethoprim Sulfates Ophthalmic Solution,2016-05-18,0,0.66516,2016-06-22,4,4,4,1,0
4757,Polymyxin B and Trimethoprim Sulfates Ophthalmic Solution,2025-05-21,0,0.47498,2025-06-18,4,4,4,1,0
4758,Polymyxin B and Trimethoprim Sulfates Ophthalmic Solution,2018-05-23,0,0.54944,2018-06-20,4,4,4,1,0
4759,Polymyxin B and Trimethoprim Sulfates Ophthalmic Solution,2025-06-18,0,0.46925,2025-07-23,4,4,4,1,0
4760,Polymyxin B and Trimethoprim Sulfates Ophthalmic Solution,2018-06-20,0,0.52638,2018-07-18,4,4,4,1,0
4761,Polymyxin B and Trimethoprim Sulfates Ophthalmic Solution,2017-06-21,0,0.57442,2017-07-19,4,4,4,1,0
4762,Polymyxin B and Trimethoprim Sulfates Ophthalmic Solution,2016-06-22,0,0.61854,2016-07-20,4,4,4,1,0
4763,Polymyxin B and Trimethoprim Sulfates Ophthalmic Solution,2018-07-18,0,0.52365,2018-08-22,4,4,4,1,0
4764,Polymyxin B and Trimethoprim Sulfates Ophthalmic Solution,2017-07-19,0,0.58071,2017-08-23,4,4,4,1,0
4765,Polymyxin B and Trimethoprim Sulfates Ophthalmic Solution,2016-07-20,0,0.65667,2016-08-17,4,4,4,1,0
4767,Polymyxin B and Trimethoprim Sulfates Ophthalmic Solution,2016-08-17,0,0.68652,2016-09-21,4,4,4,1,0
4768,Polymyxin B and Trimethoprim Sulfates Ophthalmic Solution,2018-08-22,0,0.54946,2018-09-19,4,4,4,1,0
4769,Polymyxin B and Trimethoprim Sulfates Ophthalmic Solution,2017-08-23,0,0.61877,2017-09-20,4,4,4,1,0
4770,Polymyxin B and Trimethoprim Sulfates Ophthalmic Solution,2018-09-19,0,0.53669,2018-10-17,4,4,4,1,0
4771,Polymyxin B and Trimethoprim Sulfates Ophthalmic Solution,2017-09-20,0,0.6075,2017-10-18,4,4,4,1,0
4772,Polymyxin B and Trimethoprim Sulfates Ophthalmic Solution,2016-09-21,0,0.62757,2016-10-19,4,4,4,1,0
4773,Polymyxin B and Trimethoprim Sulfates Ophthalmic Solution,2018-10-17,0,0.48646,2018-11-21,4,4,4,1,0
4774,Polymyxin B and Trimethoprim Sulfates Ophthalmic Solution,2017-10-18,0,0.57709,2017-11-22,4,4,4,1,0
4775,Polymyxin B and Trimethoprim Sulfates Ophthalmic Solution,2016-10-19,0,0.65367,2016-11-23,4,4,4,1,0
4776,Polymyxin B and Trimethoprim Sulfates Ophthalmic Solution,2018-11-21,0,0.53942,2018-12-19,4,4,4,1,0
4777,Polymyxin B and Trimethoprim Sulfates Ophthalmic Solution,2017-11-22,0,0.59731,2017-12-20,4,4,4,1,0
4778,Polymyxin B and Trimethoprim Sulfates Ophthalmic Solution,2016-11-23,0,0.65607,2016-12-21,4,4,4,1,0
4779,Polymyxin B and Trimethoprim Sulfates Ophthalmic Solution,2024-12-18,0,0.44777,2025-01-22,4,4,4,1,0
4781,Polymyxin B and Trimethoprim Sulfates Ophthalmic Solution,2017-12-20,0,0.54207,2018-01-17,4,4,4,1,0
4782,Polymyxin B and Trimethoprim Sulfates Ophthalmic Solution,2016-12-21,0,0.64017,2017-01-18,4,4,4,1,0
4783,Polymyxin B and Trimethoprim Sulfates Ophthalmic Solution,2015-12-23,0,0.69891,2016-01-20,4,4,4,1,0
4784,Polyvinyl Alcohol (Artificial Tears) Ophthalmic Solution,2018-01-17,0,0.13018,2018-02-21,4,5,6,1,0
4785,Polyvinyl Alcohol (Artificial Tears) Ophthalmic Solution,2017-01-18,0,0.13261,2017-02-22,4,5,6,1,0
4786,Polyvinyl Alcohol (Artificial Tears) Ophthalmic Solution,2016-01-20,0,0.12495,2016-02-17,4,5,6,1,0
4787,Polyvinyl Alcohol (Artificial Tears) Ophthalmic Solution,2016-02-17,0,0.12582,2016-03-23,4,5,6,1,0
4788,Polyvinyl Alcohol (Artificial Tears) Ophthalmic Solution,2018-02-21,0,0.13269,2018-03-21,4,5,6,1,0
4789,Polyvinyl Alcohol (Artificial Tears) Ophthalmic Solution,2017-02-22,0,0.13003,2017-03-22,4,5,6,1,0
4790,Polyvinyl Alcohol (Artificial Tears) Ophthalmic Solution,2018-03-21,0,0.13154,2018-04-18,4,5,6,1,0
4791,Polyvinyl Alcohol (Artificial Tears) Ophthalmic Solution,2017-03-22,0,0.13015,2017-04-19,4,5,6,1,0
4792,Polyvinyl Alcohol (Artificial Tears) Ophthalmic Solution,2016-03-23,0,0.1305,2016-04-20,4,5,6,1,0
4793,Polyvinyl Alcohol (Artificial Tears) Ophthalmic Solution,2018-04-18,0,0.12895,2018-05-23,4,5,6,1,0
4794,Polyvinyl Alcohol (Artificial Tears) Ophthalmic Solution,2017-04-19,0,0.12827,2017-05-17,4,5,6,1,0
4795,Polyvinyl Alcohol (Artificial Tears) Ophthalmic Solution,2016-04-20,0,0.13283,2016-05-18,4,5,6,1,0
4796,Polyvinyl Alcohol (Artificial Tears) Ophthalmic Solution,2017-05-17,0,0.13217,2017-06-21,4,5,6,1,0
4797,Polyvinyl Alcohol (Artificial Tears) Ophthalmic Solution,2016-05-18,0,0.12909,2016-06-22,4,5,6,1,0
4798,Polyvinyl Alcohol (Artificial Tears) Ophthalmic Solution,2018-05-23,0,0.13249,2018-06-20,4,5,6,1,0
4799,Polyvinyl Alcohol (Artificial Tears) Ophthalmic Solution,2018-06-20,0,0.13703,2018-07-18,4,5,6,1,0
4800,Polyvinyl Alcohol (Artificial Tears) Ophthalmic Solution,2017-06-21,0,0.12527,2017-07-19,4,5,6,1,0
4801,Polyvinyl Alcohol (Artificial Tears) Ophthalmic Solution,2016-06-22,0,0.12742,2016-07-20,4,5,6,1,0
4802,Polyvinyl Alcohol (Artificial Tears) Ophthalmic Solution,2018-07-18,1,0.13062,2018-08-22,4,5,6,1,0
4803,Polyvinyl Alcohol (Artificial Tears) Ophthalmic Solution,2017-07-19,0,0.13602,2017-08-23,4,5,6,1,0
4804,Polyvinyl Alcohol (Artificial Tears) Ophthalmic Solution,2016-07-20,0,0.12744,2016-08-17,4,5,6,1,0
4805,Polyvinyl Alcohol (Artificial Tears) Ophthalmic Solution,2016-08-17,0,0.13546,2016-09-21,4,5,6,1,0
4806,Polyvinyl Alcohol (Artificial Tears) Ophthalmic Solution,2018-08-22,1,0.13467,2018-09-19,4,5,6,1,0
4807,Polyvinyl Alcohol (Artificial Tears) Ophthalmic Solution,2017-08-23,0,0.12837,2017-09-20,4,5,6,1,0
4808,Polyvinyl Alcohol (Artificial Tears) Ophthalmic Solution,2018-09-19,1,0.14124,2018-10-17,4,5,6,1,0
4809,Polyvinyl Alcohol (Artificial Tears) Ophthalmic Solution,2017-09-20,0,0.13348,2017-10-18,4,5,6,1,0
4810,Polyvinyl Alcohol (Artificial Tears) Ophthalmic Solution,2016-09-21,0,0.13306,2016-10-19,4,5,6,1,0
4811,Polyvinyl Alcohol (Artificial Tears) Ophthalmic Solution,2018-10-17,1,0.1575,2018-11-21,4,5,6,1,0
4812,Polyvinyl Alcohol (Artificial Tears) Ophthalmic Solution,2017-10-18,0,0.13253,2017-11-22,4,5,6,1,0
4813,Polyvinyl Alcohol (Artificial Tears) Ophthalmic Solution,2016-10-19,0,0.12958,2016-11-23,4,5,6,1,0
4814,Polyvinyl Alcohol (Artificial Tears) Ophthalmic Solution,2018-11-21,1,0.13436,2018-12-19,4,5,6,1,0
4815,Polyvinyl Alcohol (Artificial Tears) Ophthalmic Solution,2017-11-22,0,0.13564,2017-12-20,4,5,6,1,0
4816,Polyvinyl Alcohol (Artificial Tears) Ophthalmic Solution,2016-11-23,0,0.12873,2016-12-21,4,5,6,1,0
4818,Polyvinyl Alcohol (Artificial Tears) Ophthalmic Solution,2017-12-20,0,0.13622,2018-01-17,4,5,6,1,0
4819,Polyvinyl Alcohol (Artificial Tears) Ophthalmic Solution,2016-12-21,0,0.13518,2017-01-18,4,5,6,1,0
4820,Polyvinyl Alcohol (Artificial Tears) Ophthalmic Solution,2015-12-23,0,0.1245,2016-01-20,4,5,6,1,0
4821,Pramipexole Dihydrochloride Tablets,2018-01-17,0,0.061575,2018-02-21,7,39,66,0,1
4822,Pramipexole Dihydrochloride Tablets,2017-01-18,0,0.0708009090909091,2017-02-22,7,39,66,0,1
4823,Pramipexole Dihydrochloride Tablets,2016-01-20,1,0.0790945454545454,2016-02-17,7,39,66,0,1
4824,Pramipexole Dihydrochloride Tablets,2025-01-22,0,0.0532918181818181,2025-02-19,7,39,66,0,1
4825,Pramipexole Dihydrochloride Tablets,2016-02-17,1,0.07353,2016-03-23,7,39,66,0,1
4826,Pramipexole Dihydrochloride Tablets,2025-02-19,0,0.0584145454545454,2025-03-19,7,39,66,0,1
4827,Pramipexole Dihydrochloride Tablets,2018-02-21,0,0.06492625,2018-03-21,7,39,66,0,1
4828,Pramipexole Dihydrochloride Tablets,2017-02-22,0,0.0680025581395348,2017-03-22,7,39,66,0,1
4829,Pramipexole Dihydrochloride Tablets,2025-03-19,0,0.0601518181818181,2025-04-23,7,39,66,0,1
4830,Pramipexole Dihydrochloride Tablets,2018-03-21,0,0.061055,2018-04-18,7,39,66,0,1
4831,Pramipexole Dihydrochloride Tablets,2017-03-22,0,0.064955625,2017-04-19,7,39,66,0,1
4832,Pramipexole Dihydrochloride Tablets,2016-03-23,1,0.076520909090909,2016-04-20,7,39,66,0,1
4833,Pramipexole Dihydrochloride Tablets,2018-04-18,0,0.057416875,2018-05-23,7,39,66,0,1
4834,Pramipexole Dihydrochloride Tablets,2017-04-19,0,0.06126875,2017-05-17,7,39,66,0,1
4835,Pramipexole Dihydrochloride Tablets,2016-04-20,1,0.0803418181818182,2016-05-18,7,39,66,0,1
4836,Pramipexole Dihydrochloride Tablets,2025-04-23,0,0.0603990909090909,2025-05-21,7,39,66,0,1
4837,Pramipexole Dihydrochloride Tablets,2017-05-17,0,0.0661475,2017-06-21,7,39,66,0,1
4838,Pramipexole Dihydrochloride Tablets,2016-05-18,0,0.0796590909090909,2016-06-22,7,39,66,0,1
4839,Pramipexole Dihydrochloride Tablets,2025-05-21,0,0.058550909090909,2025-06-18,7,39,66,0,1
4840,Pramipexole Dihydrochloride Tablets,2018-05-23,0,0.05914875,2018-06-20,7,39,66,0,1
4841,Pramipexole Dihydrochloride Tablets,2025-06-18,0,0.0571245454545454,2025-07-23,7,39,66,0,1
4842,Pramipexole Dihydrochloride Tablets,2018-06-20,0,0.058183125,2018-07-18,7,39,66,0,1
4843,Pramipexole Dihydrochloride Tablets,2017-06-21,0,0.06572875,2017-07-19,7,39,66,0,1
4844,Pramipexole Dihydrochloride Tablets,2016-06-22,0,0.071580909090909,2016-07-20,7,39,66,0,1
4845,Pramipexole Dihydrochloride Tablets,2018-07-18,0,0.05892625,2018-08-22,7,39,66,0,1
4846,Pramipexole Dihydrochloride Tablets,2017-07-19,0,0.063708125,2017-08-23,7,39,66,0,1
4847,Pramipexole Dihydrochloride Tablets,2016-07-20,0,0.0702354545454545,2016-08-17,7,39,66,0,1
4849,Pramipexole Dihydrochloride Tablets,2016-08-17,0,0.07324,2016-09-21,7,39,66,0,1
4850,Pramipexole Dihydrochloride Tablets,2018-08-22,0,0.0628925,2018-09-19,7,39,66,0,1
4851,Pramipexole Dihydrochloride Tablets,2017-08-23,0,0.070208125,2017-09-20,7,39,66,0,1
4852,Pramipexole Dihydrochloride Tablets,2018-09-19,0,0.057664375,2018-10-17,7,39,66,0,1
4853,Pramipexole Dihydrochloride Tablets,2017-09-20,0,0.06647875,2017-10-18,7,39,66,0,1
4854,Pramipexole Dihydrochloride Tablets,2016-09-21,0,0.070950909090909,2016-10-19,7,39,66,0,1
4855,Pramipexole Dihydrochloride Tablets,2018-10-17,0,0.0520156249999999,2018-11-21,7,39,66,0,1
4856,Pramipexole Dihydrochloride Tablets,2017-10-18,0,0.0640825,2017-11-22,7,39,66,0,1
4857,Pramipexole Dihydrochloride Tablets,2016-10-19,0,0.0747727272727272,2016-11-23,7,39,66,0,1
4858,Pramipexole Dihydrochloride Tablets,2018-11-21,0,0.05009375,2018-12-19,7,39,66,0,1
4859,Pramipexole Dihydrochloride Tablets,2017-11-22,0,0.0588425,2017-12-20,7,39,66,0,1
4860,Pramipexole Dihydrochloride Tablets,2016-11-23,0,0.0669036363636363,2016-12-21,7,39,66,0,1
4861,Pramipexole Dihydrochloride Tablets,2024-12-18,0,0.0533490909090909,2025-01-22,7,39,66,0,1
4863,Pramipexole Dihydrochloride Tablets,2017-12-20,0,0.058883125,2018-01-17,7,39,66,0,1
4864,Pramipexole Dihydrochloride Tablets,2016-12-21,0,0.0731672727272727,2017-01-18,7,39,66,0,1
4865,Pramipexole Dihydrochloride Tablets,2015-12-23,1,0.07622,2016-01-20,7,39,66,0,1
4866,Prednisolone Acetate 1% Ophthalmic Suspension,2016-01-01,0,22.38999417910448,2016-01-20,3,3,9,1,0
4867,Prednisolone Acetate 1% Ophthalmic Suspension,2017-01-01,0,23.86179724137931,2017-01-18,3,3,9,1,0
4868,Prednisolone Acetate 1% Ophthalmic Suspension,2018-01-01,0,26.3246679,2018-01-17,3,3,9,1,0
4869,Prednisolone Acetate 1% Ophthalmic Suspension,2018-01-17,0,6.57011,2018-02-21,3,3,9,1,0
4870,Prednisolone Acetate 1% Ophthalmic Suspension,2017-01-18,0,7.466693333333334,2017-02-22,3,3,9,1,0
4871,Prednisolone Acetate 1% Ophthalmic Suspension,2016-01-20,0,8.20433,2016-02-17,3,3,9,1,0
4872,Prednisolone Acetate 1% Ophthalmic Suspension,2025-01-22,1,11.1027125,2025-02-19,3,3,9,1,0
4873,Prednisolone Acetate 1% Ophthalmic Suspension,2016-02-17,0,8.020346666666667,2016-03-23,3,3,9,1,0
4874,Prednisolone Acetate 1% Ophthalmic Suspension,2025-02-19,0,11.3969975,2025-03-19,3,3,9,1,0
4875,Prednisolone Acetate 1% Ophthalmic Suspension,2018-02-21,0,6.804506666666666,2018-03-21,3,3,9,1,0
4876,Prednisolone Acetate 1% Ophthalmic Suspension,2017-02-22,0,18.298379552238806,2017-03-22,3,3,9,1,0
4877,Prednisolone Acetate 1% Ophthalmic Suspension,2025-03-19,0,11.52998125,2025-04-23,3,3,9,1,0
4878,Prednisolone Acetate 1% Ophthalmic Suspension,2018-03-21,0,6.49956,2018-04-18,3,3,9,1,0
4879,Prednisolone Acetate 1% Ophthalmic Suspension,2017-03-22,0,7.44461,2017-04-19,3,3,9,1,0
4880,Prednisolone Acetate 1% Ophthalmic Suspension,2016-03-23,0,8.003393333333333,2016-04-20,3,3,9,1,0
4881,Prednisolone Acetate 1% Ophthalmic Suspension,2018-04-18,0,6.313956666666667,2018-05-23,3,3,9,1,0
4882,Prednisolone Acetate 1% Ophthalmic Suspension,2017-04-19,0,7.312390000000001,2017-05-17,3,3,9,1,0
4883,Prednisolone Acetate 1% Ophthalmic Suspension,2016-04-20,0,7.991536666666668,2016-05-18,3,3,9,1,0
4884,Prednisolone Acetate 1% Ophthalmic Suspension,2025-04-23,0,11.4092325,2025-05-21,3,3,9,1,0
4885,Prednisolone Acetate 1% Ophthalmic Suspension,2017-05-17,0,7.215459999999999,2017-06-21,3,3,9,1,0
4886,Prednisolone Acetate 1% Ophthalmic Suspension,2016-05-18,0,7.914803333333333,2016-06-22,3,3,9,1,0
4887,Prednisolone Acetate 1% Ophthalmic Suspension,2025-05-21,0,11.33511625,2025-06-18,3,3,9,1,0
4888,Prednisolone Acetate 1% Ophthalmic Suspension,2018-05-23,0,6.519193333333334,2018-06-20,3,3,9,1,0
4890,Prednisolone Acetate 1% Ophthalmic Suspension,2025-06-18,0,11.29246,2025-07-23,3,3,9,1,0
4891,Prednisolone Acetate 1% Ophthalmic Suspension,2018-06-20,0,6.306406666666667,2018-07-18,3,3,9,1,0
4892,Prednisolone Acetate 1% Ophthalmic Suspension,2017-06-21,0,6.973373333333334,2017-07-19,3,3,9,1,0
4893,Prednisolone Acetate 1% Ophthalmic Suspension,2016-06-22,0,7.89366,2016-07-20,3,3,9,1,0
4894,Prednisolone Acetate 1% Ophthalmic Suspension,2018-07-18,0,6.241746666666667,2018-08-22,3,3,9,1,0
4895,Prednisolone Acetate 1% Ophthalmic Suspension,2017-07-19,0,7.004496666666666,2017-08-23,3,3,9,1,0
4896,Prednisolone Acetate 1% Ophthalmic Suspension,2016-07-20,0,14.860951836734694,2016-08-17,3,3,9,1,0
4898,Prednisolone Acetate 1% Ophthalmic Suspension,2016-08-17,0,7.905559999999999,2016-09-21,3,3,9,1,0
4899,Prednisolone Acetate 1% Ophthalmic Suspension,2018-08-22,0,6.176913333333334,2018-09-19,3,3,9,1,0
4900,Prednisolone Acetate 1% Ophthalmic Suspension,2017-08-23,0,6.803160909090909,2017-09-13,3,3,9,1,0
4901,Prednisolone Acetate 1% Ophthalmic Suspension,2017-09-13,0,6.96631,2017-09-20,3,3,9,1,0
4902,Prednisolone Acetate 1% Ophthalmic Suspension,2018-09-19,0,6.316763333333333,2018-10-17,3,3,9,1,0
4903,Prednisolone Acetate 1% Ophthalmic Suspension,2017-09-20,0,7.03783,2017-10-18,3,3,9,1,0
4904,Prednisolone Acetate 1% Ophthalmic Suspension,2016-09-21,0,7.87705,2016-10-19,3,3,9,1,0
4905,Prednisolone Acetate 1% Ophthalmic Suspension,2018-10-17,0,6.277836666666667,2018-11-21,3,3,9,1,0
4906,Prednisolone Acetate 1% Ophthalmic Suspension,2017-10-18,0,6.9578066666666665,2017-11-22,3,3,9,1,0
4907,Prednisolone Acetate 1% Ophthalmic Suspension,2016-10-19,0,12.116778571428572,2016-11-23,3,3,9,1,0
4908,Prednisolone Acetate 1% Ophthalmic Suspension,2015-11-18,0,20.20167,2015-12-23,3,3,9,1,0
4909,Prednisolone Acetate 1% Ophthalmic Suspension,2018-11-21,0,6.013749999999999,2018-12-19,3,3,9,1,0
4910,Prednisolone Acetate 1% Ophthalmic Suspension,2017-11-22,0,6.657533333333333,2017-12-20,3,3,9,1,0
4911,Prednisolone Acetate 1% Ophthalmic Suspension,2016-11-23,0,7.68424,2016-12-21,3,3,9,1,0
4912,Prednisolone Acetate 1% Ophthalmic Suspension,2024-12-18,1,22.55481368421053,2025-01-22,3,3,9,1,0
4914,Prednisolone Acetate 1% Ophthalmic Suspension,2017-12-20,0,8.761211851851852,2018-01-01,3,3,9,1,0
4915,Prednisolone Acetate 1% Ophthalmic Suspension,2016-12-21,0,7.925323333333334,2017-01-01,3,3,9,1,0
4916,Prednisolone Acetate 1% Ophthalmic Suspension,2015-12-23,0,8.000576666666666,2016-01-01,3,3,9,1,0
4917,Prednisolone Oral Solution,2018-01-17,0,0.3021225,2018-02-21,3,6,7,1,0
4918,Prednisolone Oral Solution,2017-01-18,0,0.3324725,2017-02-22,3,6,7,1,0
4919,Prednisolone Oral Solution,2016-01-20,0,0.2438666666666666,2016-02-17,3,6,7,1,0
4920,Prednisolone Oral Solution,2025-01-22,0,0.56254,2025-02-19,3,6,7,1,0
4921,Prednisolone Oral Solution,2016-02-17,0,0.2338933333333333,2016-03-23,3,6,7,1,0
4922,Prednisolone Oral Solution,2025-02-19,0,0.56619,2025-03-19,3,6,7,1,0
4923,Prednisolone Oral Solution,2018-02-21,0,0.314905,2018-03-21,3,6,7,1,0
4924,Prednisolone Oral Solution,2017-02-22,0,0.3312375,2017-03-22,3,6,7,1,0
4925,Prednisolone Oral Solution,2025-03-19,0,0.57176,2025-04-23,3,6,7,1,0
4926,Prednisolone Oral Solution,2018-03-21,0,0.312485,2018-04-18,3,6,7,1,0
4927,Prednisolone Oral Solution,2017-03-22,0,0.32519,2017-04-19,3,6,7,1,0
4928,Prednisolone Oral Solution,2016-03-23,0,0.2343333333333333,2016-04-20,3,6,7,1,0
4929,Prednisolone Oral Solution,2018-04-18,0,0.2981649999999999,2018-05-23,3,6,7,1,0
4930,Prednisolone Oral Solution,2017-04-19,0,0.32744,2017-05-17,3,6,7,1,0
4931,Prednisolone Oral Solution,2016-04-20,0,0.2430466666666666,2016-05-18,3,6,7,1,0
4932,Prednisolone Oral Solution,2025-04-23,0,0.57346,2025-05-21,3,6,7,1,0
4933,Prednisolone Oral Solution,2017-05-17,0,0.3219824999999999,2017-06-21,3,6,7,1,0
4934,Prednisolone Oral Solution,2016-05-18,0,0.2389566666666666,2016-06-22,3,6,7,1,0
4935,Prednisolone Oral Solution,2025-05-21,0,0.57109,2025-06-18,3,6,7,1,0
4936,Prednisolone Oral Solution,2018-05-23,0,0.30741,2018-06-20,3,6,7,1,0
4937,Prednisolone Oral Solution,2025-06-18,0,0.57533,2025-07-23,3,6,7,1,0
4938,Prednisolone Oral Solution,2018-06-20,0,0.3052875,2018-07-18,3,6,7,1,0
4939,Prednisolone Oral Solution,2017-06-21,0,0.3274675,2017-07-19,3,6,7,1,0
4940,Prednisolone Oral Solution,2016-06-22,0,0.24348,2016-07-20,3,6,7,1,0
4941,Prednisolone Oral Solution,2018-07-18,0,0.3157875,2018-08-22,3,6,7,1,0
4942,Prednisolone Oral Solution,2017-07-19,0,0.3178425,2017-08-23,3,6,7,1,0
4943,Prednisolone Oral Solution,2016-07-20,0,0.2597533333333333,2016-08-17,3,6,7,1,0
4945,Prednisolone Oral Solution,2016-08-17,0,0.2546566666666667,2016-09-21,3,6,7,1,0
4946,Prednisolone Oral Solution,2018-08-22,0,0.3139174999999999,2018-09-19,3,6,7,1,0
4947,Prednisolone Oral Solution,2017-08-23,0,0.3411525,2017-09-20,3,6,7,1,0
4948,Prednisolone Oral Solution,2018-09-19,0,0.30725,2018-10-17,3,6,7,1,0
4949,Prednisolone Oral Solution,2017-09-20,0,0.3016775,2017-10-18,3,6,7,1,0
4950,Prednisolone Oral Solution,2016-09-21,0,0.2504233333333333,2016-10-12,3,6,7,1,0
4951,Prednisolone Oral Solution,2016-10-12,0,0.64074,2016-10-19,3,6,7,1,0
4952,Prednisolone Oral Solution,2018-10-17,0,0.3298175,2018-11-21,3,6,7,1,0
4953,Prednisolone Oral Solution,2017-10-18,0,0.30633,2017-11-22,3,6,7,1,0
4954,Prednisolone Oral Solution,2016-10-19,0,0.3268475,2016-11-23,3,6,7,1,0
4955,Prednisolone Oral Solution,2018-11-21,0,0.3293375,2018-12-19,3,6,7,1,0
4956,Prednisolone Oral Solution,2017-11-22,0,0.302645,2017-12-20,3,6,7,1,0
4957,Prednisolone Oral Solution,2016-11-23,0,0.3530824999999999,2016-12-21,3,6,7,1,0
4958,Prednisolone Oral Solution,2024-12-18,0,0.5441,2025-01-22,3,6,7,1,0
4960,Prednisolone Oral Solution,2017-12-20,0,0.2896125,2018-01-17,3,6,7,1,0
4961,Prednisolone Oral Solution,2016-12-21,0,0.355125,2017-01-18,3,6,7,1,0
4962,Prednisolone Oral Solution,2015-12-23,0,0.2331033333333333,2016-01-20,3,6,7,1,0
4963,Prochlorperazine Maleate Tablets,2018-01-17,0,0.069715,2018-02-21,3,6,6,0,1
4964,Prochlorperazine Maleate Tablets,2017-01-18,0,0.087,2017-02-22,3,6,6,0,1
4965,Prochlorperazine Maleate Tablets,2016-01-20,0,0.077925,2016-02-17,3,6,6,0,1
4966,Prochlorperazine Maleate Tablets,2025-01-22,0,0.171155,2025-02-19,3,6,6,0,1
4967,Prochlorperazine Maleate Tablets,2016-02-17,0,0.072575,2016-03-23,3,6,6,0,1
4968,Prochlorperazine Maleate Tablets,2025-02-19,0,0.187405,2025-03-19,3,6,6,0,1
4969,Prochlorperazine Maleate Tablets,2018-02-21,0,0.07995,2018-03-21,3,6,6,0,1
4970,Prochlorperazine Maleate Tablets,2017-02-22,0,0.08774,2017-03-22,3,6,6,0,1
4971,Prochlorperazine Maleate Tablets,2025-03-19,0,0.199755,2025-04-23,3,6,6,0,1
4972,Prochlorperazine Maleate Tablets,2018-03-21,0,0.08093,2018-04-18,3,6,6,0,1
4973,Prochlorperazine Maleate Tablets,2017-03-22,0,0.08282,2017-04-19,3,6,6,0,1
4974,Prochlorperazine Maleate Tablets,2016-03-23,0,0.072225,2016-04-20,3,6,6,0,1
4975,Prochlorperazine Maleate Tablets,2018-04-18,0,0.067115,2018-05-23,3,6,6,0,1
4976,Prochlorperazine Maleate Tablets,2017-04-19,0,0.079765,2017-05-17,3,6,6,0,1
4977,Prochlorperazine Maleate Tablets,2016-04-20,0,0.09656,2016-05-18,3,6,6,0,1
4978,Prochlorperazine Maleate Tablets,2025-04-23,0,0.187965,2025-05-21,3,6,6,0,1
4979,Prochlorperazine Maleate Tablets,2017-05-17,0,0.0782,2017-06-21,3,6,6,0,1
4980,Prochlorperazine Maleate Tablets,2016-05-18,0,0.0802,2016-06-22,3,6,6,0,1
4981,Prochlorperazine Maleate Tablets,2025-05-21,0,0.175995,2025-06-18,3,6,6,0,1
4982,Prochlorperazine Maleate Tablets,2018-05-23,0,0.07378,2018-06-20,3,6,6,0,1
4983,Prochlorperazine Maleate Tablets,2025-06-18,0,0.172665,2025-07-23,3,6,6,0,1
4984,Prochlorperazine Maleate Tablets,2018-06-20,0,0.08446,2018-07-18,3,6,6,0,1
4985,Prochlorperazine Maleate Tablets,2017-06-21,0,0.07542,2017-07-19,3,6,6,0,1
4986,Prochlorperazine Maleate Tablets,2016-06-22,0,0.07478,2016-07-20,3,6,6,0,1
4987,Prochlorperazine Maleate Tablets,2018-07-18,0,0.06761,2018-08-22,3,6,6,0,1
4988,Prochlorperazine Maleate Tablets,2017-07-19,0,0.077635,2017-08-23,3,6,6,0,1
4989,Prochlorperazine Maleate Tablets,2016-07-20,0,0.08169,2016-08-17,3,6,6,0,1
4991,Prochlorperazine Maleate Tablets,2016-08-17,0,0.084705,2016-09-21,3,6,6,0,1
4992,Prochlorperazine Maleate Tablets,2018-08-22,0,0.07502,2018-09-19,3,6,6,0,1
4993,Prochlorperazine Maleate Tablets,2017-08-23,0,0.089545,2017-09-20,3,6,6,0,1
4994,Prochlorperazine Maleate Tablets,2018-09-19,0,0.0964349999999999,2018-10-17,3,6,6,0,1
4995,Prochlorperazine Maleate Tablets,2017-09-20,0,0.086925,2017-10-18,3,6,6,0,1
4996,Prochlorperazine Maleate Tablets,2016-09-21,0,0.07751,2016-10-19,3,6,6,0,1
4997,Prochlorperazine Maleate Tablets,2018-10-17,0,0.11337,2018-11-21,3,6,6,0,1
4998,Prochlorperazine Maleate Tablets,2017-10-18,0,0.08567,2017-11-22,3,6,6,0,1
4999,Prochlorperazine Maleate Tablets,2016-10-19,0,0.0827,2016-11-23,3,6,6,0,1
5000,Prochlorperazine Maleate Tablets,2018-11-21,0,0.127605,2018-12-19,3,6,6,0,1
5001,Prochlorperazine Maleate Tablets,2017-11-22,0,0.0717,2017-12-20,3,6,6,0,1
5002,Prochlorperazine Maleate Tablets,2016-11-23,0,0.0793649999999999,2016-12-21,3,6,6,0,1
5003,Prochlorperazine Maleate Tablets,2024-12-18,0,0.1695799999999999,2025-01-22,3,6,6,0,1
5005,Prochlorperazine Maleate Tablets,2017-12-20,0,0.073725,2018-01-17,3,6,6,0,1
5006,Prochlorperazine Maleate Tablets,2016-12-21,0,0.083405,2017-01-18,3,6,6,0,1
5007,Prochlorperazine Maleate Tablets,2015-12-23,0,0.06945,2016-01-20,3,6,6,0,1
5008,Progesterone Injection,2025-01-22,0,2.15146,2025-02-19,4,4,4,1,0
5009,Progesterone Injection,2016-02-17,0,2.3863,2016-03-23,4,4,4,1,0
5010,Progesterone Injection,2025-02-19,0,1.93278,2025-03-19,4,4,4,1,0
5011,Progesterone Injection,2018-02-21,1,2.329,2018-03-21,4,4,4,1,0
5012,Progesterone Injection,2017-02-22,0,2.08263,2017-03-22,4,4,4,1,0
5013,Progesterone Injection,2025-03-19,0,1.6492,2025-04-23,4,4,4,1,0
5015,Progesterone Injection,2017-03-22,0,1.956,2017-04-19,4,4,4,1,0
5016,Progesterone Injection,2016-03-23,0,2.556,2016-04-20,4,4,4,1,0
5017,Progesterone Injection,2017-04-19,0,2.5302,2017-05-17,4,4,4,1,0
5018,Progesterone Injection,2016-04-20,0,2.53154,2016-05-18,4,4,4,1,0
5019,Progesterone Injection,2025-04-23,0,1.48987,2025-05-21,4,4,4,1,0
5021,Progesterone Injection,2016-05-18,0,2.31738,2016-06-22,4,4,4,1,0
5022,Progesterone Injection,2025-05-21,0,1.52361,2025-06-18,4,4,4,1,0
5023,Progesterone Injection,2025-06-18,0,1.47568,2025-07-23,4,4,4,1,0
5024,Progesterone Injection,2016-06-22,0,2.27342,2016-07-20,4,4,4,1,0
5026,Progesterone Injection,2016-07-20,0,2.2802,2016-08-17,4,4,4,1,0
5029,Progesterone Injection,2018-08-22,1,2.40067,2018-10-17,4,4,4,1,0
5032,Progesterone Injection,2016-10-19,0,2.46509,2016-11-23,4,4,4,1,0
5034,Progesterone Injection,2016-11-23,0,2.2632,2016-12-21,4,4,4,1,0
5035,Progesterone Injection,2024-12-18,0,2.02206,2025-01-22,4,4,4,1,0
5038,Progesterone Injection,2015-12-23,0,2.65517,2016-02-17,4,4,4,1,0
5042,Progesterone Vaginal Insert,2025-01-22,0,13.56175,2025-02-19,1,1,1,0,1
5043,Progesterone Vaginal Insert,2025-02-19,0,13.5603,2025-03-19,1,1,1,0,1
5044,Progesterone Vaginal Insert,2025-03-19,0,13.56163,2025-04-23,1,1,1,0,1
5045,Progesterone Vaginal Insert,2025-04-23,0,13.56226,2025-05-21,1,1,1,0,1
5046,Progesterone Vaginal Insert,2025-05-21,0,13.55975,2025-05-30,1,1,1,0,1
5049,Progesterone Vaginal Insert,2024-12-18,0,13.54199,2025-01-22,1,1,1,0,1
5050,Progesterone Vaginal Insert,2017-12-20,0,10.05219,2017-12-21,1,1,1,0,1
5052,Promethazine Injection,2025-01-22,1,1.90608,2025-02-19,4,13,13,1,0
5053,Promethazine Injection,2025-02-19,1,1.89349,2025-03-19,4,13,13,1,0
5054,Promethazine Injection,2025-03-19,1,1.85988,2025-04-23,4,13,13,1,0
5055,Promethazine Injection,2025-04-23,1,1.85908,2025-05-21,4,13,13,1,0
5056,Promethazine Injection,2025-05-21,1,1.9936561538461537,2025-06-18,4,13,13,1,0
5057,Promethazine Injection,2025-06-18,1,1.50427,2025-07-23,4,13,13,1,0
5059,Promethazine Injection,2024-12-18,1,1.93383,2025-01-22,4,13,13,1,0
5060,Proparacaine Hydrochloride Ophthalmic Solution,2025-01-22,0,1.73063,2025-02-19,4,3,4,1,0
5061,Proparacaine Hydrochloride Ophthalmic Solution,2025-02-19,0,1.69257,2025-03-19,4,3,4,1,0
5062,Proparacaine Hydrochloride Ophthalmic Solution,2025-03-19,0,1.71338,2025-04-23,4,3,4,1,0
5063,Proparacaine Hydrochloride Ophthalmic Solution,2017-03-22,0,2.14922,2017-04-19,4,3,4,1,0
5064,Proparacaine Hydrochloride Ophthalmic Solution,2018-04-18,0,1.81414,2018-05-23,4,3,4,1,0
5065,Proparacaine Hydrochloride Ophthalmic Solution,2017-04-19,0,1.98876,2017-05-17,4,3,4,1,0
5066,Proparacaine Hydrochloride Ophthalmic Solution,2025-04-23,0,1.64732,2025-05-21,4,3,4,1,0
5068,Proparacaine Hydrochloride Ophthalmic Solution,2025-05-21,0,1.58826,2025-06-18,4,3,4,1,0
5069,Proparacaine Hydrochloride Ophthalmic Solution,2018-05-23,0,1.87373,2018-06-20,4,3,4,1,0
5070,Proparacaine Hydrochloride Ophthalmic Solution,2025-06-18,0,1.49615,2025-07-23,4,3,4,1,0
5072,Proparacaine Hydrochloride Ophthalmic Solution,2016-06-22,0,1.86314,2016-08-17,4,3,4,1,0
5077,Proparacaine Hydrochloride Ophthalmic Solution,2018-11-21,1,1.734,2018-12-19,4,3,4,1,0
5079,Proparacaine Hydrochloride Ophthalmic Solution,2024-12-18,0,1.74613,2025-01-22,4,3,4,1,0
5081,Propranolol Hydrochloride Tablets,2018-01-17,0,0.29246,2018-02-21,5,18,30,0,1
5082,Propranolol Hydrochloride Tablets,2017-01-18,0,0.305653,2017-02-22,5,18,30,0,1
5083,Propranolol Hydrochloride Tablets,2016-01-20,1,0.36668,2016-02-17,5,18,30,0,1
5084,Propranolol Hydrochloride Tablets,2016-02-17,1,0.3763499999999999,2016-03-23,5,18,30,0,1
5085,Propranolol Hydrochloride Tablets,2018-02-21,0,0.2940311111111111,2018-03-21,5,18,30,0,1
5086,Propranolol Hydrochloride Tablets,2017-02-22,0,0.319288,2017-03-22,5,18,30,0,1
5087,Propranolol Hydrochloride Tablets,2018-03-21,0,0.2676355555555555,2018-04-18,5,18,30,0,1
5088,Propranolol Hydrochloride Tablets,2017-03-22,0,0.315949,2017-04-19,5,18,30,0,1
5089,Propranolol Hydrochloride Tablets,2016-03-23,1,0.391989,2016-04-20,5,18,30,0,1
5090,Propranolol Hydrochloride Tablets,2018-04-18,0,0.2662511111111111,2018-05-23,5,18,30,0,1
5091,Propranolol Hydrochloride Tablets,2017-04-19,0,0.2764939999999999,2017-05-17,5,18,30,0,1
5092,Propranolol Hydrochloride Tablets,2016-04-20,1,0.370587,2016-05-18,5,18,30,0,1
5093,Propranolol Hydrochloride Tablets,2017-05-17,0,0.299614,2017-06-21,5,18,30,0,1
5094,Propranolol Hydrochloride Tablets,2016-05-18,1,0.353746,2016-06-22,5,18,30,0,1
5095,Propranolol Hydrochloride Tablets,2018-05-23,0,0.2439211111111111,2018-06-20,5,18,30,0,1
5096,Propranolol Hydrochloride Tablets,2018-06-20,0,0.2571922222222222,2018-07-18,5,18,30,0,1
5097,Propranolol Hydrochloride Tablets,2017-06-21,0,0.28972,2017-07-19,5,18,30,0,1
5098,Propranolol Hydrochloride Tablets,2016-06-22,1,0.339974,2016-07-20,5,18,30,0,1
5099,Propranolol Hydrochloride Tablets,2018-07-18,0,0.2727666666666666,2018-08-22,5,18,30,0,1
5100,Propranolol Hydrochloride Tablets,2017-07-19,0,0.295897,2017-08-23,5,18,30,0,1
5101,Propranolol Hydrochloride Tablets,2016-07-20,1,0.3497409999999999,2016-08-17,5,18,30,0,1
5102,Propranolol Hydrochloride Tablets,2016-08-17,1,0.3379359999999999,2016-09-21,5,18,30,0,1
5103,Propranolol Hydrochloride Tablets,2018-08-22,0,0.27225,2018-09-19,5,18,30,0,1
5104,Propranolol Hydrochloride Tablets,2017-08-23,0,0.3043755555555555,2017-09-20,5,18,30,0,1
5105,Propranolol Hydrochloride Tablets,2018-09-19,0,0.2408566666666666,2018-10-17,5,18,30,0,1
5106,Propranolol Hydrochloride Tablets,2017-09-20,0,0.3073144444444444,2017-10-18,5,18,30,0,1
5107,Propranolol Hydrochloride Tablets,2016-09-21,0,0.320422,2016-10-19,5,18,30,0,1
5108,Propranolol Hydrochloride Tablets,2018-10-17,0,0.2446333333333333,2018-11-21,5,18,30,0,1
5109,Propranolol Hydrochloride Tablets,2017-10-18,0,0.30005,2017-11-22,5,18,30,0,1
5110,Propranolol Hydrochloride Tablets,2016-10-19,0,0.332126,2016-11-23,5,18,30,0,1
5111,Propranolol Hydrochloride Tablets,2018-11-21,0,0.2374866666666666,2018-12-19,5,18,30,0,1
5112,Propranolol Hydrochloride Tablets,2017-11-22,0,0.2903922222222222,2017-12-20,5,18,30,0,1
5113,Propranolol Hydrochloride Tablets,2016-11-23,0,0.318384,2016-12-21,5,18,30,0,1
5115,Propranolol Hydrochloride Tablets,2017-12-20,0,0.2583677777777777,2018-01-17,5,18,30,0,1
5116,Propranolol Hydrochloride Tablets,2016-12-21,0,0.323175,2017-01-18,5,18,30,0,1
5117,Propranolol Hydrochloride Tablets,2015-12-23,1,0.354081,2016-01-20,5,18,30,0,1
5118,Rifampin Capsules,2018-01-17,0,0.7365099999999999,2018-02-21,3,6,8,0,1
5119,Rifampin Capsules,2017-01-18,0,0.9026842105263158,2017-02-22,3,6,8,0,1
5120,Rifampin Capsules,2016-01-20,0,0.8941499999999999,2016-02-17,3,6,8,0,1
5121,Rifampin Capsules,2025-01-22,0,0.6359699999999999,2025-02-19,3,6,8,0,1
5122,Rifampin Capsules,2016-02-17,0,0.9181766666666664,2016-03-23,3,6,8,0,1
5123,Rifampin Capsules,2025-02-19,0,0.7403500000000001,2025-03-19,3,6,8,0,1
5124,Rifampin Capsules,2018-02-21,0,0.7825099999999999,2018-03-21,3,6,8,0,1
5125,Rifampin Capsules,2017-02-22,0,0.784,2017-03-22,3,6,8,0,1
5126,Rifampin Capsules,2025-03-19,0,0.848145,2025-04-23,3,6,8,0,1
5127,Rifampin Capsules,2018-03-21,0,0.8328911999999999,2018-04-18,3,6,8,0,1
5128,Rifampin Capsules,2017-03-22,0,0.951715,2017-04-19,3,6,8,0,1
5129,Rifampin Capsules,2016-03-23,0,0.8792266666666667,2016-04-20,3,6,8,0,1
5130,Rifampin Capsules,2018-04-18,0,0.75007,2018-05-23,3,6,8,0,1
5131,Rifampin Capsules,2017-04-19,0,0.74426,2017-05-17,3,6,8,0,1
5132,Rifampin Capsules,2016-04-20,0,0.9920366666666668,2016-05-18,3,6,8,0,1
5133,Rifampin Capsules,2025-04-23,0,0.85264,2025-05-21,3,6,8,0,1
5134,Rifampin Capsules,2017-05-17,0,0.8730999999999999,2017-06-21,3,6,8,0,1
5135,Rifampin Capsules,2016-05-18,0,0.97839,2016-06-22,3,6,8,0,1
5136,Rifampin Capsules,2025-05-21,0,0.8222499999999999,2025-06-18,3,6,8,0,1
5137,Rifampin Capsules,2018-05-23,0,0.75732,2018-06-20,3,6,8,0,1
5138,Rifampin Capsules,2025-06-18,0,0.7655000000000001,2025-07-23,3,6,8,0,1
5139,Rifampin Capsules,2018-06-20,0,0.70186,2018-07-18,3,6,8,0,1
5140,Rifampin Capsules,2017-06-21,0,0.7739333333333334,2017-07-19,3,6,8,0,1
5141,Rifampin Capsules,2016-06-22,0,1.0149366666666666,2016-07-20,3,6,8,0,1
5142,Rifampin Capsules,2018-07-18,0,0.76063,2018-08-22,3,6,8,0,1
5143,Rifampin Capsules,2017-07-19,0,0.7725066666666667,2017-08-23,3,6,8,0,1
5144,Rifampin Capsules,2016-07-20,0,0.9845733333333334,2016-08-17,3,6,8,0,1
5146,Rifampin Capsules,2016-08-17,0,0.8934033333333333,2016-09-21,3,6,8,0,1
5147,Rifampin Capsules,2018-08-22,0,0.73494,2018-09-19,3,6,8,0,1
5148,Rifampin Capsules,2017-08-23,0,0.78959,2017-09-20,3,6,8,0,1
5149,Rifampin Capsules,2018-09-19,0,0.7947933333333334,2018-10-17,3,6,8,0,1
5150,Rifampin Capsules,2017-09-20,0,0.8484833333333334,2017-10-18,3,6,8,0,1
5151,Rifampin Capsules,2016-09-21,0,0.8593733333333334,2016-10-19,3,6,8,0,1
5152,Rifampin Capsules,2018-10-17,0,0.7660678947368421,2018-11-21,3,6,8,0,1
5153,Rifampin Capsules,2017-10-18,0,0.8818266666666666,2017-11-22,3,6,8,0,1
5154,Rifampin Capsules,2016-10-19,0,0.9604066666666664,2016-11-23,3,6,8,0,1
5155,Rifampin Capsules,2018-11-21,0,0.61039,2018-12-19,3,6,8,0,1
5156,Rifampin Capsules,2017-11-22,0,0.7985833333333333,2017-12-20,3,6,8,0,1
5157,Rifampin Capsules,2016-11-23,0,0.8811566666666666,2016-12-21,3,6,8,0,1
5158,Rifampin Capsules,2024-12-18,0,0.59648,2025-01-22,3,6,8,0,1
5160,Rifampin Capsules,2017-12-20,0,0.84143,2018-01-17,3,6,8,0,1
5161,Rifampin Capsules,2016-12-21,0,0.9608433333333334,2017-01-18,3,6,8,0,1
5162,Rifampin Capsules,2015-12-23,0,0.90302,2016-01-20,3,6,8,0,1
5171,Rifaximin Tablets,2025-05-21,1,55.24373,2025-06-18,1,2,3,0,1
5173,Rifaximin Tablets,2025-06-18,0,55.20309,2025-07-23,1,2,3,0,1
5175,Rifaximin Tablets,2017-10-05,0,21.604517647058824,2017-11-08,1,2,3,0,1
5176,Rifaximin Tablets,2016-10-13,0,26.46945,2016-11-23,1,2,3,0,1
5177,Rifaximin Tablets,2017-11-08,0,33.92949,2017-12-20,1,2,3,0,1
5178,Rifaximin Tablets,2015-11-18,0,27.181390000000004,2016-01-15,1,2,3,0,1
5179,Rifaximin Tablets,2016-11-23,0,20.649122857142856,2016-12-21,1,2,3,0,1
5180,Rifaximin Tablets,2024-12-18,1,52.21752,2025-01-01,1,2,3,0,1
5181,Rifaximin Tablets,2017-12-20,0,33.83835,2018-01-17,1,2,3,0,1
5182,Rifaximin Tablets,2016-12-21,0,31.35126,2017-01-18,1,2,3,0,1
5184,Rivaroxaban Oral Suspension,2025-06-18,0,3.68745,2025-07-23,1,1,1,1,0
5187,Rosuvastatin Calcium Tablets,2018-01-17,0,0.136960625,2018-02-21,12,46,66,0,1
5188,Rosuvastatin Calcium Tablets,2017-01-18,0,0.2362038888888888,2017-02-08,12,46,66,0,1
5189,Rosuvastatin Calcium Tablets,2025-01-22,0,0.0579171111111111,2025-02-19,12,46,66,0,1
5190,Rosuvastatin Calcium Tablets,2017-02-08,0,0.2358625,2017-02-22,12,46,66,0,1
5191,Rosuvastatin Calcium Tablets,2025-02-19,0,0.0611322222222222,2025-03-19,12,46,66,0,1
5192,Rosuvastatin Calcium Tablets,2018-02-21,0,0.1420125,2018-03-21,12,46,66,0,1
5193,Rosuvastatin Calcium Tablets,2017-02-22,0,0.2328665,2017-03-22,12,46,66,0,1
5194,Rosuvastatin Calcium Tablets,2025-03-19,0,0.0613497777777777,2025-04-23,12,46,66,0,1
5195,Rosuvastatin Calcium Tablets,2018-03-21,0,0.1298089583333333,2018-04-18,12,46,66,0,1
5196,Rosuvastatin Calcium Tablets,2017-03-22,0,0.22280825,2017-04-12,12,46,66,0,1
5197,Rosuvastatin Calcium Tablets,2017-04-12,0,0.2224275,2017-04-19,12,46,66,0,1
5198,Rosuvastatin Calcium Tablets,2018-04-18,0,0.12329625,2018-05-23,12,46,66,0,1
5199,Rosuvastatin Calcium Tablets,2017-04-19,0,0.2002706818181818,2017-05-17,12,46,66,0,1
5200,Rosuvastatin Calcium Tablets,2025-04-23,0,0.0604764444444444,2025-05-21,12,46,66,0,1
5201,Rosuvastatin Calcium Tablets,2017-05-17,0,0.184965,2017-06-21,12,46,66,0,1
5202,Rosuvastatin Calcium Tablets,2025-05-21,0,0.0592635555555555,2025-06-18,12,46,66,0,1
5203,Rosuvastatin Calcium Tablets,2018-05-23,0,0.1241389583333333,2018-06-20,12,46,66,0,1
5204,Rosuvastatin Calcium Tablets,2025-06-18,0,0.0576706666666666,2025-07-23,12,46,66,0,1
5205,Rosuvastatin Calcium Tablets,2018-06-20,0,0.1166041666666666,2018-07-18,12,46,66,0,1
5206,Rosuvastatin Calcium Tablets,2017-06-21,0,0.1700315909090909,2017-07-19,12,46,66,0,1
5207,Rosuvastatin Calcium Tablets,2018-07-18,0,0.1237943749999999,2018-08-22,12,46,66,0,1
5208,Rosuvastatin Calcium Tablets,2017-07-19,0,0.1682395454545454,2017-08-23,12,46,66,0,1
5210,Rosuvastatin Calcium Tablets,2016-08-17,0,6.9788757142857145,2016-08-24,12,46,66,0,1
5211,Rosuvastatin Calcium Tablets,2018-08-22,0,0.1289725,2018-09-19,12,46,66,0,1
5212,Rosuvastatin Calcium Tablets,2017-08-23,0,0.1634218181818181,2017-08-30,12,46,66,0,1
5213,Rosuvastatin Calcium Tablets,2016-08-24,0,0.3966672727272727,2016-09-14,12,46,66,0,1
5214,Rosuvastatin Calcium Tablets,2017-08-30,0,0.18142,2017-09-20,12,46,66,0,1
5215,Rosuvastatin Calcium Tablets,2016-09-14,0,0.39558,2016-10-12,12,46,66,0,1
5216,Rosuvastatin Calcium Tablets,2018-09-19,1,0.1223985416666666,2018-10-17,12,46,66,0,1
5217,Rosuvastatin Calcium Tablets,2017-09-20,0,0.1556797777777777,2017-10-18,12,46,66,0,1
5218,Rosuvastatin Calcium Tablets,2016-10-12,0,0.397245,2016-10-19,12,46,66,0,1
5219,Rosuvastatin Calcium Tablets,2018-10-17,1,0.1215722916666666,2018-11-07,12,46,66,0,1
5220,Rosuvastatin Calcium Tablets,2017-10-18,0,0.1494642222222222,2017-11-22,12,46,66,0,1
5221,Rosuvastatin Calcium Tablets,2016-10-19,0,0.3734861904761905,2016-11-09,12,46,66,0,1
5222,Rosuvastatin Calcium Tablets,2018-11-07,1,0.12078,2018-11-21,12,46,66,0,1
5223,Rosuvastatin Calcium Tablets,2016-11-09,0,0.37061,2016-11-23,12,46,66,0,1
5224,Rosuvastatin Calcium Tablets,2018-11-21,1,0.1172263461538461,2018-12-12,12,46,66,0,1
5225,Rosuvastatin Calcium Tablets,2017-11-22,0,0.1488591111111111,2017-12-13,12,46,66,0,1
5226,Rosuvastatin Calcium Tablets,2016-11-23,0,0.2896786111111111,2016-12-21,12,46,66,0,1
5227,Rosuvastatin Calcium Tablets,2018-12-12,1,0.123878,2018-12-19,12,46,66,0,1
5228,Rosuvastatin Calcium Tablets,2017-12-13,0,0.1399766666666666,2017-12-20,12,46,66,0,1
5229,Rosuvastatin Calcium Tablets,2024-12-18,0,0.0585688888888888,2025-01-22,12,46,66,0,1
5231,Rosuvastatin Calcium Tablets,2017-12-20,0,0.142155625,2018-01-17,12,46,66,0,1
5232,Rosuvastatin Calcium Tablets,2016-12-21,0,0.3030533333333333,2017-01-18,12,46,66,0,1
5233,Scopolamine Transdermal System,2018-01-17,1,18.85092437908497,2018-02-21,2,2,3,0,1
5234,Scopolamine Transdermal System,2025-01-22,0,11.23912,2025-02-19,2,2,3,0,1
5235,Scopolamine Transdermal System,2017-02-01,1,18.28708,2017-02-08,2,2,3,0,1
5236,Scopolamine Transdermal System,2017-02-08,1,18.28708,2017-02-22,2,2,3,0,1
5237,Scopolamine Transdermal System,2025-02-19,0,11.273656,2025-03-19,2,2,3,0,1
5239,Scopolamine Transdermal System,2017-02-22,1,19.3205,2017-03-22,2,2,3,0,1
5240,Scopolamine Transdermal System,2025-03-19,0,11.230498,2025-04-23,2,2,3,0,1
5242,Scopolamine Transdermal System,2025-04-23,0,11.090446,2025-05-21,2,2,3,0,1
5243,Scopolamine Transdermal System,2025-05-21,1,11.106942,2025-06-18,2,2,3,0,1
5244,Scopolamine Transdermal System,2025-06-18,1,11.137196,2025-07-23,2,2,3,0,1
5246,Scopolamine Transdermal System,2017-10-18,1,15.24212,2017-11-22,2,2,3,0,1
5248,Scopolamine Transdermal System,2017-11-22,1,15.74064,2017-12-06,2,2,3,0,1
5249,Scopolamine Transdermal System,2017-12-06,1,16.63727,2017-12-20,2,2,3,0,1
5250,Scopolamine Transdermal System,2024-12-18,0,11.330216,2025-01-22,2,2,3,0,1
5251,Scopolamine Transdermal System,2017-12-20,1,16.63727,2018-01-17,2,2,3,0,1
5252,Sertraline Hydrochloride Oral Solution,2025-01-22,0,0.45663,2025-02-19,2,2,2,1,0
5253,Sertraline Hydrochloride Oral Solution,2025-02-19,0,0.48255,2025-03-19,2,2,2,1,0
5254,Sertraline Hydrochloride Oral Solution,2025-03-19,0,0.49116,2025-04-23,2,2,2,1,0
5255,Sertraline Hydrochloride Oral Solution,2025-04-23,0,0.48624,2025-05-21,2,2,2,1,0
5256,Sertraline Hydrochloride Oral Solution,2025-05-21,0,0.48442,2025-06-18,2,2,2,1,0
5257,Sertraline Hydrochloride Oral Solution,2025-06-18,0,0.49367,2025-07-23,2,2,2,1,0
5260,Sertraline Hydrochloride Oral Solution,2018-08-22,0,0.80746,2018-09-19,2,2,2,1,0
5261,Sertraline Hydrochloride Oral Solution,2018-09-19,0,0.72218,2018-10-17,2,2,2,1,0
5262,Sertraline Hydrochloride Oral Solution,2018-10-17,0,0.74211,2018-11-21,2,2,2,1,0
5263,Sertraline Hydrochloride Oral Solution,2018-11-21,0,0.76864,2018-12-19,2,2,2,1,0
5264,Sertraline Hydrochloride Oral Solution,2024-12-18,0,0.43721,2025-01-22,2,2,2,1,0
5266,Sertraline Oral Tablets,2018-01-17,0,0.053472,2018-02-21,6,18,55,0,1
5267,Sertraline Oral Tablets,2017-01-18,0,0.0574797142857142,2017-02-22,6,18,55,0,1
5268,Sertraline Oral Tablets,2016-01-20,0,0.0583376470588235,2016-02-17,6,18,55,0,1
5269,Sertraline Oral Tablets,2025-01-22,0,0.0372766666666666,2025-02-19,6,18,55,0,1
5270,Sertraline Oral Tablets,2016-02-17,0,0.0587241176470588,2016-03-23,6,18,55,0,1
5271,Sertraline Oral Tablets,2025-02-19,0,0.0399166666666666,2025-03-19,6,18,55,0,1
5272,Sertraline Oral Tablets,2018-02-21,0,0.0563205,2018-03-21,6,18,55,0,1
5273,Sertraline Oral Tablets,2017-02-22,0,0.0561088571428571,2017-03-01,6,18,55,0,1
5274,Sertraline Oral Tablets,2017-03-01,0,0.0562533333333333,2017-03-15,6,18,55,0,1
5275,Sertraline Oral Tablets,2017-03-15,0,0.04693,2017-03-22,6,18,55,0,1
5276,Sertraline Oral Tablets,2025-03-19,0,0.0409099999999999,2025-04-23,6,18,55,0,1
5277,Sertraline Oral Tablets,2018-03-21,0,0.0536564999999999,2018-04-18,6,18,55,0,1
5278,Sertraline Oral Tablets,2017-03-22,0,0.055305641025641,2017-03-29,6,18,55,0,1
5279,Sertraline Oral Tablets,2016-03-23,0,0.0584199999999999,2016-04-13,6,18,55,0,1
5280,Sertraline Oral Tablets,2017-03-29,0,0.05318,2017-04-19,6,18,55,0,1
5281,Sertraline Oral Tablets,2016-04-13,0,0.05864,2016-04-20,6,18,55,0,1
5282,Sertraline Oral Tablets,2018-04-18,0,0.0523794999999999,2018-05-23,6,18,55,0,1
5283,Sertraline Oral Tablets,2017-04-19,0,0.051729,2017-05-17,6,18,55,0,1
5284,Sertraline Oral Tablets,2016-04-20,0,0.0602972222222222,2016-05-18,6,18,55,0,1
5285,Sertraline Oral Tablets,2025-04-23,0,0.0403933333333333,2025-05-21,6,18,55,0,1
5286,Sertraline Oral Tablets,2017-05-17,0,0.0526154999999999,2017-06-21,6,18,55,0,1
5287,Sertraline Oral Tablets,2016-05-18,0,0.0595616666666666,2016-06-22,6,18,55,0,1
5288,Sertraline Oral Tablets,2025-05-21,0,0.0400933333333333,2025-06-18,6,18,55,0,1
5289,Sertraline Oral Tablets,2018-05-23,0,0.0535605,2018-06-20,6,18,55,0,1
5290,Sertraline Oral Tablets,2025-06-18,0,0.0403966666666666,2025-07-23,6,18,55,0,1
5291,Sertraline Oral Tablets,2018-06-20,0,0.0510455,2018-07-11,6,18,55,0,1
5292,Sertraline Oral Tablets,2017-06-21,0,0.0528145,2017-07-19,6,18,55,0,1
5293,Sertraline Oral Tablets,2016-06-22,0,0.0577138888888888,2016-07-13,6,18,55,0,1
5294,Sertraline Oral Tablets,2018-07-11,0,0.06045,2018-07-18,6,18,55,0,1
5295,Sertraline Oral Tablets,2016-07-13,0,0.058593,2016-08-10,6,18,55,0,1
5296,Sertraline Oral Tablets,2018-07-18,0,0.0524060975609756,2018-08-15,6,18,55,0,1
5297,Sertraline Oral Tablets,2017-07-19,0,0.053143,2017-08-23,6,18,55,0,1
5299,Sertraline Oral Tablets,2016-08-10,0,0.056615,2016-08-17,6,18,55,0,1
5300,Sertraline Oral Tablets,2018-08-15,0,0.06111,2018-08-22,6,18,55,0,1
5301,Sertraline Oral Tablets,2016-08-17,0,0.0551899999999999,2016-09-14,6,18,55,0,1
5302,Sertraline Oral Tablets,2018-08-22,0,0.0545066666666666,2018-08-29,6,18,55,0,1
5303,Sertraline Oral Tablets,2017-08-23,0,0.0542505,2017-09-20,6,18,55,0,1
5304,Sertraline Oral Tablets,2018-08-29,0,0.06122,2018-09-19,6,18,55,0,1
5305,Sertraline Oral Tablets,2016-09-14,0,0.05764,2016-09-21,6,18,55,0,1
5306,Sertraline Oral Tablets,2018-09-19,0,0.0525795348837209,2018-10-17,6,18,55,0,1
5307,Sertraline Oral Tablets,2017-09-20,0,0.054523,2017-10-18,6,18,55,0,1
5308,Sertraline Oral Tablets,2016-09-21,0,0.0504811764705882,2016-10-12,6,18,55,0,1
5309,Sertraline Oral Tablets,2016-10-12,0,0.05022,2016-10-19,6,18,55,0,1
5310,Sertraline Oral Tablets,2018-10-17,0,0.0503227906976744,2018-11-21,6,18,55,0,1
5311,Sertraline Oral Tablets,2017-10-18,0,0.0573845,2017-11-22,6,18,55,0,1
5312,Sertraline Oral Tablets,2016-10-19,0,0.0532491428571428,2016-11-23,6,18,55,0,1
5313,Sertraline Oral Tablets,2018-11-21,0,0.0520086046511627,2018-12-19,6,18,55,0,1
5314,Sertraline Oral Tablets,2017-11-22,0,0.0573895,2017-12-20,6,18,55,0,1
5315,Sertraline Oral Tablets,2016-11-23,0,0.0543045714285714,2016-12-21,6,18,55,0,1
5316,Sertraline Oral Tablets,2024-12-18,0,0.0379166666666666,2025-01-22,6,18,55,0,1
5318,Sertraline Oral Tablets,2017-12-20,0,0.052916,2018-01-17,6,18,55,0,1
5319,Sertraline Oral Tablets,2016-12-21,0,0.0567237142857142,2017-01-18,6,18,55,0,1
5320,Sertraline Oral Tablets,2015-12-23,0,0.0574194117647058,2016-01-20,6,18,55,0,1
5324,Sodium Fluoride Chewable Tablets,2018-01-17,0,0.02751,2018-02-21,2,6,8,0,1
5325,Sodium Fluoride Chewable Tablets,2017-01-18,0,0.03231,2017-02-22,2,6,8,0,1
5326,Sodium Fluoride Chewable Tablets,2016-01-20,0,0.03381,2016-02-17,2,6,8,0,1
5327,Sodium Fluoride Chewable Tablets,2025-01-22,0,0.06717,2025-02-19,2,6,8,0,1
5328,Sodium Fluoride Chewable Tablets,2016-02-17,0,0.0310066666666666,2016-03-23,2,6,8,0,1
5329,Sodium Fluoride Chewable Tablets,2025-02-19,0,0.0678263636363636,2025-03-19,2,6,8,0,1
5330,Sodium Fluoride Chewable Tablets,2018-02-21,0,0.02996,2018-03-21,2,6,8,0,1
5331,Sodium Fluoride Chewable Tablets,2017-02-22,0,0.03244,2017-03-22,2,6,8,0,1
5332,Sodium Fluoride Chewable Tablets,2025-03-19,0,0.068295,2025-04-23,2,6,8,0,1
5333,Sodium Fluoride Chewable Tablets,2018-03-21,0,0.03033,2018-04-18,2,6,8,0,1
5334,Sodium Fluoride Chewable Tablets,2017-03-22,0,0.0311033333333333,2017-04-19,2,6,8,0,1
5335,Sodium Fluoride Chewable Tablets,2016-03-23,0,0.03259,2016-04-20,2,6,8,0,1
5336,Sodium Fluoride Chewable Tablets,2018-04-18,0,0.02838,2018-05-23,2,6,8,0,1
5337,Sodium Fluoride Chewable Tablets,2017-04-19,0,0.03058,2017-05-17,2,6,8,0,1
5338,Sodium Fluoride Chewable Tablets,2016-04-20,0,0.0315566666666666,2016-05-18,2,6,8,0,1
5339,Sodium Fluoride Chewable Tablets,2025-04-23,0,0.0682099999999999,2025-05-21,2,6,8,0,1
5340,Sodium Fluoride Chewable Tablets,2017-05-17,0,0.0323,2017-06-21,2,6,8,0,1
5341,Sodium Fluoride Chewable Tablets,2016-05-18,0,0.0318933333333333,2016-06-22,2,6,8,0,1
5342,Sodium Fluoride Chewable Tablets,2025-05-21,0,0.068595,2025-06-18,2,6,8,0,1
5343,Sodium Fluoride Chewable Tablets,2018-05-23,0,0.0274666666666666,2018-07-18,2,6,8,0,1
5344,Sodium Fluoride Chewable Tablets,2025-06-18,0,0.069045,2025-07-23,2,6,8,0,1
5345,Sodium Fluoride Chewable Tablets,2017-06-21,0,0.0337233333333333,2017-07-19,2,6,8,0,1
5346,Sodium Fluoride Chewable Tablets,2016-06-22,0,0.03026,2016-07-20,2,6,8,0,1
5347,Sodium Fluoride Chewable Tablets,2018-07-18,0,0.02953,2018-08-22,2,6,8,0,1
5348,Sodium Fluoride Chewable Tablets,2017-07-19,0,0.03346,2017-08-23,2,6,8,0,1
5349,Sodium Fluoride Chewable Tablets,2016-07-20,0,0.0297166666666666,2016-08-17,2,6,8,0,1
5351,Sodium Fluoride Chewable Tablets,2016-08-17,0,0.0312,2016-09-21,2,6,8,0,1
5352,Sodium Fluoride Chewable Tablets,2018-08-22,0,0.0303466666666666,2018-09-19,2,6,8,0,1
5353,Sodium Fluoride Chewable Tablets,2017-08-23,0,0.03174,2017-09-20,2,6,8,0,1
5354,Sodium Fluoride Chewable Tablets,2018-09-19,1,0.0315366666666666,2018-10-17,2,6,8,0,1
5355,Sodium Fluoride Chewable Tablets,2017-09-20,0,0.0333833333333333,2017-10-18,2,6,8,0,1
5356,Sodium Fluoride Chewable Tablets,2016-09-21,0,0.0344833333333333,2016-10-19,2,6,8,0,1
5357,Sodium Fluoride Chewable Tablets,2018-10-17,1,0.0318633333333333,2018-11-21,2,6,8,0,1
5358,Sodium Fluoride Chewable Tablets,2017-10-18,0,0.0322466666666666,2017-11-22,2,6,8,0,1
5359,Sodium Fluoride Chewable Tablets,2016-10-19,0,0.0342066666666666,2016-11-23,2,6,8,0,1
5360,Sodium Fluoride Chewable Tablets,2018-11-21,1,0.0405666666666666,2018-12-19,2,6,8,0,1
5361,Sodium Fluoride Chewable Tablets,2017-11-22,0,0.03081,2018-01-17,2,6,8,0,1
5362,Sodium Fluoride Chewable Tablets,2016-11-23,0,0.0302666666666666,2016-12-21,2,6,8,0,1
5363,Sodium Fluoride Chewable Tablets,2024-12-18,0,0.0661533333333333,2025-01-22,2,6,8,0,1
5365,Sodium Fluoride Chewable Tablets,2016-12-21,0,0.0311766666666666,2017-01-18,2,6,8,0,1
5366,Sodium Fluoride Chewable Tablets,2015-12-23,0,0.0344466666666666,2016-01-20,2,6,8,0,1
5367,Sodium Polystyrene Sulfonate Oral or Rectal Suspension,2018-01-17,0,0.07663,2018-02-21,1,1,3,1,0
5368,Sodium Polystyrene Sulfonate Oral or Rectal Suspension,2017-01-18,0,0.06765,2017-02-22,1,1,3,1,0
5369,Sodium Polystyrene Sulfonate Oral or Rectal Suspension,2016-01-20,0,0.112675,2016-02-17,1,1,3,1,0
5370,Sodium Polystyrene Sulfonate Oral or Rectal Suspension,2025-01-22,0,0.42399,2025-02-19,1,1,3,1,0
5371,Sodium Polystyrene Sulfonate Oral or Rectal Suspension,2016-02-17,0,0.1231478571428571,2016-03-23,1,1,3,1,0
5372,Sodium Polystyrene Sulfonate Oral or Rectal Suspension,2025-02-19,0,0.41966,2025-03-19,1,1,3,1,0
5373,Sodium Polystyrene Sulfonate Oral or Rectal Suspension,2018-02-21,0,0.08105,2018-03-21,1,1,3,1,0
5374,Sodium Polystyrene Sulfonate Oral or Rectal Suspension,2017-02-22,0,0.08197,2017-03-22,1,1,3,1,0
5375,Sodium Polystyrene Sulfonate Oral or Rectal Suspension,2025-03-19,0,0.4162849999999999,2025-04-23,1,1,3,1,0
5376,Sodium Polystyrene Sulfonate Oral or Rectal Suspension,2018-03-21,0,0.06436,2018-04-18,1,1,3,1,0
5377,Sodium Polystyrene Sulfonate Oral or Rectal Suspension,2017-03-22,0,0.06908,2017-04-19,1,1,3,1,0
5378,Sodium Polystyrene Sulfonate Oral or Rectal Suspension,2016-03-23,0,0.10967,2016-04-20,1,1,3,1,0
5379,Sodium Polystyrene Sulfonate Oral or Rectal Suspension,2018-04-18,0,0.0857,2018-05-23,1,1,3,1,0
5380,Sodium Polystyrene Sulfonate Oral or Rectal Suspension,2017-04-19,0,0.07156,2017-05-17,1,1,3,1,0
5381,Sodium Polystyrene Sulfonate Oral or Rectal Suspension,2016-04-20,0,0.12089,2016-05-18,1,1,3,1,0
5382,Sodium Polystyrene Sulfonate Oral or Rectal Suspension,2025-04-23,0,0.4034880952380952,2025-05-21,1,1,3,1,0
5383,Sodium Polystyrene Sulfonate Oral or Rectal Suspension,2017-05-17,0,0.0728,2017-06-21,1,1,3,1,0
5384,Sodium Polystyrene Sulfonate Oral or Rectal Suspension,2016-05-18,0,0.12006,2016-06-22,1,1,3,1,0
5385,Sodium Polystyrene Sulfonate Oral or Rectal Suspension,2025-05-21,0,0.43232,2025-06-18,1,1,3,1,0
5386,Sodium Polystyrene Sulfonate Oral or Rectal Suspension,2018-05-23,1,0.1114941176470588,2018-06-20,1,1,3,1,0
5387,Sodium Polystyrene Sulfonate Oral or Rectal Suspension,2025-06-18,0,0.43094,2025-07-23,1,1,3,1,0
5388,Sodium Polystyrene Sulfonate Oral or Rectal Suspension,2018-06-20,1,0.07269,2018-07-18,1,1,3,1,0
5389,Sodium Polystyrene Sulfonate Oral or Rectal Suspension,2017-06-21,0,0.07688,2017-07-19,1,1,3,1,0
5390,Sodium Polystyrene Sulfonate Oral or Rectal Suspension,2016-06-22,0,0.11295,2016-07-20,1,1,3,1,0
5391,Sodium Polystyrene Sulfonate Oral or Rectal Suspension,2018-07-18,1,0.07297,2018-08-22,1,1,3,1,0
5392,Sodium Polystyrene Sulfonate Oral or Rectal Suspension,2017-07-19,0,0.07262,2017-08-23,1,1,3,1,0
5393,Sodium Polystyrene Sulfonate Oral or Rectal Suspension,2016-07-20,0,0.11244,2016-08-17,1,1,3,1,0
5396,Sodium Polystyrene Sulfonate Oral or Rectal Suspension,2018-08-22,1,0.11485,2018-09-19,1,1,3,1,0
5397,Sodium Polystyrene Sulfonate Oral or Rectal Suspension,2017-08-23,0,0.06849,2017-09-20,1,1,3,1,0
5398,Sodium Polystyrene Sulfonate Oral or Rectal Suspension,2018-09-19,1,0.07653,2018-10-17,1,1,3,1,0
5399,Sodium Polystyrene Sulfonate Oral or Rectal Suspension,2017-09-20,0,0.08765,2017-10-18,1,1,3,1,0
5400,Sodium Polystyrene Sulfonate Oral or Rectal Suspension,2018-10-17,1,0.06909,2018-11-21,1,1,3,1,0
5401,Sodium Polystyrene Sulfonate Oral or Rectal Suspension,2017-10-18,0,0.1140136111111111,2017-11-22,1,1,3,1,0
5402,Sodium Polystyrene Sulfonate Oral or Rectal Suspension,2016-10-19,0,0.08875,2016-11-23,1,1,3,1,0
5403,Sodium Polystyrene Sulfonate Oral or Rectal Suspension,2018-11-21,1,0.10325,2018-12-19,1,1,3,1,0
5404,Sodium Polystyrene Sulfonate Oral or Rectal Suspension,2017-11-22,0,0.072,2017-12-20,1,1,3,1,0
5405,Sodium Polystyrene Sulfonate Oral or Rectal Suspension,2016-11-23,0,0.08084,2016-12-21,1,1,3,1,0
5406,Sodium Polystyrene Sulfonate Oral or Rectal Suspension,2024-12-18,0,0.42408,2025-01-22,1,1,3,1,0
5408,Sodium Polystyrene Sulfonate Oral or Rectal Suspension,2017-12-20,0,0.07597,2018-01-17,1,1,3,1,0
5409,Sodium Polystyrene Sulfonate Oral or Rectal Suspension,2016-12-21,0,0.0658,2017-01-18,1,1,3,1,0
5410,Sodium Polystyrene Sulfonate Oral or Rectal Suspension,2015-12-23,0,0.110785,2016-01-20,1,1,3,1,0
5411,Sodium Polystyrene Sulfonate Powder,2018-01-17,0,0.08437,2018-02-21,6,6,8,0,1
5412,Sodium Polystyrene Sulfonate Powder,2017-01-18,0,0.1079199999999999,2017-02-22,6,6,8,0,1
5413,Sodium Polystyrene Sulfonate Powder,2016-01-20,0,0.15549,2016-02-17,6,6,8,0,1
5414,Sodium Polystyrene Sulfonate Powder,2025-01-22,0,0.10188,2025-02-19,6,6,8,0,1
5415,Sodium Polystyrene Sulfonate Powder,2016-02-17,0,0.12555,2016-03-23,6,6,8,0,1
5416,Sodium Polystyrene Sulfonate Powder,2025-02-19,0,0.11272,2025-03-19,6,6,8,0,1
5417,Sodium Polystyrene Sulfonate Powder,2018-02-21,0,0.07712,2018-03-21,6,6,8,0,1
5418,Sodium Polystyrene Sulfonate Powder,2017-02-22,0,0.09199,2017-03-22,6,6,8,0,1
5419,Sodium Polystyrene Sulfonate Powder,2025-03-19,0,0.12707,2025-04-23,6,6,8,0,1
5420,Sodium Polystyrene Sulfonate Powder,2018-03-21,0,0.0906199999999999,2018-04-18,6,6,8,0,1
5421,Sodium Polystyrene Sulfonate Powder,2017-03-22,0,0.11897,2017-04-19,6,6,8,0,1
5422,Sodium Polystyrene Sulfonate Powder,2016-03-23,0,0.14711,2016-04-20,6,6,8,0,1
5423,Sodium Polystyrene Sulfonate Powder,2018-04-18,0,0.09515,2018-05-23,6,6,8,0,1
5424,Sodium Polystyrene Sulfonate Powder,2017-04-19,0,0.10844,2017-05-17,6,6,8,0,1
5425,Sodium Polystyrene Sulfonate Powder,2016-04-20,0,0.14179,2016-05-18,6,6,8,0,1
5426,Sodium Polystyrene Sulfonate Powder,2025-04-23,0,0.13098,2025-05-21,6,6,8,0,1
5427,Sodium Polystyrene Sulfonate Powder,2017-05-17,0,0.10506,2017-06-21,6,6,8,0,1
5428,Sodium Polystyrene Sulfonate Powder,2016-05-18,0,0.12189,2016-06-22,6,6,8,0,1
5429,Sodium Polystyrene Sulfonate Powder,2025-05-21,0,0.12623,2025-06-18,6,6,8,0,1
5430,Sodium Polystyrene Sulfonate Powder,2018-05-23,0,0.10881,2018-06-20,6,6,8,0,1
5431,Sodium Polystyrene Sulfonate Powder,2025-06-18,0,0.11936,2025-07-23,6,6,8,0,1
5432,Sodium Polystyrene Sulfonate Powder,2018-06-20,0,0.08971,2018-07-18,6,6,8,0,1
5433,Sodium Polystyrene Sulfonate Powder,2017-06-21,0,0.11209,2017-07-12,6,6,8,0,1
5434,Sodium Polystyrene Sulfonate Powder,2016-06-22,0,0.12745,2016-07-20,6,6,8,0,1
5435,Sodium Polystyrene Sulfonate Powder,2017-07-12,0,0.11209,2017-07-19,6,6,8,0,1
5436,Sodium Polystyrene Sulfonate Powder,2018-07-18,0,0.08727,2018-08-22,6,6,8,0,1
5437,Sodium Polystyrene Sulfonate Powder,2017-07-19,0,0.09633,2017-08-23,6,6,8,0,1
5438,Sodium Polystyrene Sulfonate Powder,2016-07-20,0,0.1324,2016-08-17,6,6,8,0,1
5440,Sodium Polystyrene Sulfonate Powder,2016-08-17,0,0.14183,2016-09-21,6,6,8,0,1
5441,Sodium Polystyrene Sulfonate Powder,2018-08-22,0,0.08542,2018-09-19,6,6,8,0,1
5442,Sodium Polystyrene Sulfonate Powder,2017-08-23,0,0.0858399999999999,2017-09-20,6,6,8,0,1
5443,Sodium Polystyrene Sulfonate Powder,2018-09-19,0,0.0901,2018-10-17,6,6,8,0,1
5444,Sodium Polystyrene Sulfonate Powder,2017-09-20,0,0.09262,2017-10-18,6,6,8,0,1
5445,Sodium Polystyrene Sulfonate Powder,2016-09-21,0,0.13371,2016-10-19,6,6,8,0,1
5446,Sodium Polystyrene Sulfonate Powder,2018-10-17,0,0.0949199999999999,2018-11-21,6,6,8,0,1
5447,Sodium Polystyrene Sulfonate Powder,2017-10-18,0,0.10098,2017-11-22,6,6,8,0,1
5448,Sodium Polystyrene Sulfonate Powder,2016-10-19,0,0.10162,2016-11-23,6,6,8,0,1
5449,Sodium Polystyrene Sulfonate Powder,2018-11-21,0,0.0957,2018-12-19,6,6,8,0,1
5450,Sodium Polystyrene Sulfonate Powder,2017-11-22,0,0.08617,2017-12-20,6,6,8,0,1
5451,Sodium Polystyrene Sulfonate Powder,2016-11-23,0,0.10934,2016-12-21,6,6,8,0,1
5452,Sodium Polystyrene Sulfonate Powder,2024-12-18,0,0.10365,2025-01-22,6,6,8,0,1
5454,Sodium Polystyrene Sulfonate Powder,2017-12-20,0,0.09392,2018-01-17,6,6,8,0,1
5455,Sodium Polystyrene Sulfonate Powder,2016-12-21,0,0.11444,2017-01-18,6,6,8,0,1
5456,Sodium Polystyrene Sulfonate Powder,2015-12-23,0,0.12624,2016-01-20,6,6,8,0,1
5457,Spironolactone Tablets,2018-01-17,0,0.1553596428571428,2018-02-21,6,18,39,0,1
5458,Spironolactone Tablets,2017-01-18,0,0.1963814285714285,2017-02-22,6,18,39,0,1
5459,Spironolactone Tablets,2016-01-20,0,0.2250171428571428,2016-02-17,6,18,39,0,1
5460,Spironolactone Tablets,2025-01-22,0,0.0978651851851851,2025-02-19,6,18,39,0,1
5461,Spironolactone Tablets,2016-02-17,0,0.2146566666666666,2016-03-23,6,18,39,0,1
5462,Spironolactone Tablets,2025-02-19,0,0.1085513207547169,2025-03-19,6,18,39,0,1
5463,Spironolactone Tablets,2018-02-21,0,0.1576192857142857,2018-03-21,6,18,39,0,1
5464,Spironolactone Tablets,2017-02-22,0,0.1891085714285714,2017-03-22,6,18,39,0,1
5465,Spironolactone Tablets,2025-03-19,0,0.1183675999999999,2025-04-23,6,18,39,0,1
5466,Spironolactone Tablets,2018-03-21,0,0.1612653571428571,2018-04-18,6,18,39,0,1
5467,Spironolactone Tablets,2017-03-22,0,0.1857838095238095,2017-04-19,6,18,39,0,1
5468,Spironolactone Tablets,2016-03-23,0,0.224227619047619,2016-04-20,6,18,39,0,1
5469,Spironolactone Tablets,2018-04-18,0,0.1494303571428571,2018-05-23,6,18,39,0,1
5470,Spironolactone Tablets,2017-04-19,0,0.1409732258064516,2017-05-17,6,18,39,0,1
5471,Spironolactone Tablets,2016-04-20,0,0.2227871428571428,2016-05-18,6,18,39,0,1
5472,Spironolactone Tablets,2025-04-23,0,0.1162671999999999,2025-05-21,6,18,39,0,1
5473,Spironolactone Tablets,2017-05-17,0,0.2481207692307692,2017-06-21,6,18,39,0,1
5474,Spironolactone Tablets,2016-05-18,0,0.2058761904761905,2016-06-22,6,18,39,0,1
5475,Spironolactone Tablets,2025-05-21,0,0.1157348,2025-06-18,6,18,39,0,1
5476,Spironolactone Tablets,2018-05-23,0,0.1523203571428571,2018-06-20,6,18,39,0,1
5477,Spironolactone Tablets,2025-06-18,0,0.1154232,2025-07-23,6,18,39,0,1
5478,Spironolactone Tablets,2018-06-20,0,0.1421275,2018-07-18,6,18,39,0,1
5479,Spironolactone Tablets,2017-06-21,0,0.1787314285714285,2017-07-05,6,18,39,0,1
5480,Spironolactone Tablets,2016-06-22,0,0.1947414285714285,2016-07-20,6,18,39,0,1
5481,Spironolactone Tablets,2017-07-05,0,0.1667671428571428,2017-07-19,6,18,39,0,1
5482,Spironolactone Tablets,2018-07-18,1,0.163095,2018-08-22,6,18,39,0,1
5483,Spironolactone Tablets,2017-07-19,0,0.1753178571428571,2017-08-23,6,18,39,0,1
5484,Spironolactone Tablets,2016-07-20,0,0.2120309523809524,2016-08-17,6,18,39,0,1
5486,Spironolactone Tablets,2016-08-17,0,0.2135171428571428,2016-09-21,6,18,39,0,1
5487,Spironolactone Tablets,2018-08-22,1,0.1601271428571428,2018-09-19,6,18,39,0,1
5488,Spironolactone Tablets,2017-08-23,0,0.173135,2017-09-20,6,18,39,0,1
5489,Spironolactone Tablets,2018-09-19,1,0.1690707142857142,2018-10-17,6,18,39,0,1
5490,Spironolactone Tablets,2017-09-20,0,0.1649696428571428,2017-10-18,6,18,39,0,1
5491,Spironolactone Tablets,2016-09-21,0,0.2064119047619047,2016-10-19,6,18,39,0,1
5492,Spironolactone Tablets,2018-10-17,1,0.1738146428571428,2018-11-21,6,18,39,0,1
5493,Spironolactone Tablets,2017-10-18,0,0.1654067857142857,2017-11-22,6,18,39,0,1
5494,Spironolactone Tablets,2016-10-19,0,0.2093704761904761,2016-11-23,6,18,39,0,1
5495,Spironolactone Tablets,2018-11-21,1,0.1682475,2018-12-19,6,18,39,0,1
5496,Spironolactone Tablets,2017-11-22,0,0.1631914285714286,2017-12-20,6,18,39,0,1
5497,Spironolactone Tablets,2016-11-23,0,0.2025057142857142,2016-12-21,6,18,39,0,1
5498,Spironolactone Tablets,2024-12-18,0,0.0962455555555555,2025-01-22,6,18,39,0,1
5500,Spironolactone Tablets,2017-12-20,0,0.1567996428571428,2018-01-17,6,18,39,0,1
5501,Spironolactone Tablets,2016-12-21,0,0.2053523809523809,2017-01-18,6,18,39,0,1
5502,Spironolactone Tablets,2015-12-23,0,0.2320723809523809,2016-01-20,6,18,39,0,1
5504,Sterile Water for Injection - Small Volume Vials,2016-01-20,0,0.084,2016-02-17,5,5,12,1,0
5505,Sterile Water for Injection - Small Volume Vials,2025-01-22,1,0.078545,2025-02-19,5,5,12,1,0
5507,Sterile Water for Injection - Small Volume Vials,2025-02-19,1,0.0697613333333333,2025-03-19,5,5,12,1,0
5508,Sterile Water for Injection - Small Volume Vials,2025-03-19,1,0.09422,2025-04-23,5,5,12,1,0
5509,Sterile Water for Injection - Small Volume Vials,2025-04-23,1,0.09394,2025-05-21,5,5,12,1,0
5510,Sterile Water for Injection - Small Volume Vials,2016-05-18,0,0.08612,2016-06-22,5,5,12,1,0
5511,Sterile Water for Injection - Small Volume Vials,2025-05-21,0,0.09345,2025-06-18,5,5,12,1,0
5512,Sterile Water for Injection - Small Volume Vials,2025-06-18,0,0.0964,2025-07-23,5,5,12,1,0
5513,Sterile Water for Injection - Small Volume Vials,2016-06-22,0,0.08572,2016-07-20,5,5,12,1,0
5514,Sterile Water for Injection - Small Volume Vials,2016-07-20,0,0.08322,2016-08-17,5,5,12,1,0
5516,Sterile Water for Injection - Small Volume Vials,2016-08-17,0,0.0709964285714285,2016-09-21,5,5,12,1,0
5517,Sterile Water for Injection - Small Volume Vials,2017-08-23,0,0.08151,2017-09-20,5,5,12,1,0
5519,Sterile Water for Injection - Small Volume Vials,2016-09-21,0,0.05028,2016-10-19,5,5,12,1,0
5520,Sterile Water for Injection - Small Volume Vials,2016-10-19,0,0.08282,2016-11-23,5,5,12,1,0
5521,Sterile Water for Injection - Small Volume Vials,2015-11-18,0,0.08461,2015-12-23,5,5,12,1,0
5522,Sterile Water for Injection - Small Volume Vials,2016-11-23,0,0.083,2017-01-18,5,5,12,1,0
5523,Sterile Water for Injection - Small Volume Vials,2024-12-18,1,0.07754,2025-01-22,5,5,12,1,0
5524,Sterile Water for Injection - Small Volume Vials,2015-12-23,0,0.05108,2016-01-20,5,5,12,1,0
5525,Sulfacetamide Sodium and Prednisolone Sodium Phosphate Ophthalmic Solution,2017-01-18,0,2.54933,2017-02-22,1,1,1,1,0
5526,Sulfacetamide Sodium and Prednisolone Sodium Phosphate Ophthalmic Solution,2025-01-22,0,2.63206,2025-02-19,1,1,1,1,0
5527,Sulfacetamide Sodium and Prednisolone Sodium Phosphate Ophthalmic Solution,2016-02-17,0,2.85867,2016-03-23,1,1,1,1,0
5528,Sulfacetamide Sodium and Prednisolone Sodium Phosphate Ophthalmic Solution,2025-02-19,0,2.60706,2025-03-19,1,1,1,1,0
5530,Sulfacetamide Sodium and Prednisolone Sodium Phosphate Ophthalmic Solution,2025-03-19,0,2.59803,2025-04-23,1,1,1,1,0
5531,Sulfacetamide Sodium and Prednisolone Sodium Phosphate Ophthalmic Solution,2016-03-23,0,2.88714,2016-04-20,1,1,1,1,0
5532,Sulfacetamide Sodium and Prednisolone Sodium Phosphate Ophthalmic Solution,2016-04-20,0,2.72667,2016-05-18,1,1,1,1,0
5533,Sulfacetamide Sodium and Prednisolone Sodium Phosphate Ophthalmic Solution,2025-04-23,0,2.58887,2025-05-21,1,1,1,1,0
5534,Sulfacetamide Sodium and Prednisolone Sodium Phosphate Ophthalmic Solution,2016-05-18,0,2.8592,2016-06-22,1,1,1,1,0
5535,Sulfacetamide Sodium and Prednisolone Sodium Phosphate Ophthalmic Solution,2025-05-21,0,2.55851,2025-06-18,1,1,1,1,0
5536,Sulfacetamide Sodium and Prednisolone Sodium Phosphate Ophthalmic Solution,2018-05-23,0,2.50433,2018-06-20,1,1,1,1,0
5537,Sulfacetamide Sodium and Prednisolone Sodium Phosphate Ophthalmic Solution,2025-06-18,0,2.54859,2025-07-23,1,1,1,1,0
5538,Sulfacetamide Sodium and Prednisolone Sodium Phosphate Ophthalmic Solution,2018-06-20,0,2.58711,2018-07-18,1,1,1,1,0
5539,Sulfacetamide Sodium and Prednisolone Sodium Phosphate Ophthalmic Solution,2016-06-22,0,2.71618,2016-07-20,1,1,1,1,0
5540,Sulfacetamide Sodium and Prednisolone Sodium Phosphate Ophthalmic Solution,2018-07-18,0,2.7452,2018-08-22,1,1,1,1,0
5541,Sulfacetamide Sodium and Prednisolone Sodium Phosphate Ophthalmic Solution,2016-07-20,0,2.768,2016-08-17,1,1,1,1,0
5544,Sulfacetamide Sodium and Prednisolone Sodium Phosphate Ophthalmic Solution,2018-08-22,0,2.66727,2018-09-19,1,1,1,1,0
5545,Sulfacetamide Sodium and Prednisolone Sodium Phosphate Ophthalmic Solution,2017-08-23,0,2.63314,2017-09-20,1,1,1,1,0
5546,Sulfacetamide Sodium and Prednisolone Sodium Phosphate Ophthalmic Solution,2018-09-19,0,2.5482,2018-10-17,1,1,1,1,0
5548,Sulfacetamide Sodium and Prednisolone Sodium Phosphate Ophthalmic Solution,2018-10-17,0,2.37945,2018-11-21,1,1,1,1,0
5549,Sulfacetamide Sodium and Prednisolone Sodium Phosphate Ophthalmic Solution,2018-11-21,0,2.493,2018-12-19,1,1,1,1,0
5550,Sulfacetamide Sodium and Prednisolone Sodium Phosphate Ophthalmic Solution,2016-11-23,0,2.6116,2016-12-21,1,1,1,1,0
5551,Sulfacetamide Sodium and Prednisolone Sodium Phosphate Ophthalmic Solution,2024-12-18,0,2.63742,2025-01-22,1,1,1,1,0
5553,Sulfacetamide Sodium and Prednisolone Sodium Phosphate Ophthalmic Solution,2016-12-21,0,2.75314,2017-01-18,1,1,1,1,0
5554,Sulfacetamide Sodium and Prednisolone Sodium Phosphate Ophthalmic Solution,2015-12-23,0,2.7345,2016-02-17,1,1,1,1,0
5555,Sulfasalazine Enteric-Coated and Immediate-Release Tablets,2025-01-22,1,0.211235,2025-02-19,3,5,11,0,1
5556,Sulfasalazine Enteric-Coated and Immediate-Release Tablets,2025-02-19,1,0.21422,2025-03-19,3,5,11,0,1
5557,Sulfasalazine Enteric-Coated and Immediate-Release Tablets,2025-03-19,1,0.215605,2025-04-23,3,5,11,0,1
5558,Sulfasalazine Enteric-Coated and Immediate-Release Tablets,2025-04-23,1,0.21566,2025-05-21,3,5,11,0,1
5559,Sulfasalazine Enteric-Coated and Immediate-Release Tablets,2025-05-21,1,0.212035,2025-06-18,3,5,11,0,1
5560,Sulfasalazine Enteric-Coated and Immediate-Release Tablets,2025-06-18,0,0.2081799999999999,2025-07-23,3,5,11,0,1
5562,Sulfasalazine Enteric-Coated and Immediate-Release Tablets,2024-12-18,1,0.212675,2025-01-22,3,5,11,0,1
5563,Tacrolimus Capsules,2018-01-17,0,0.25007,2018-02-21,7,21,23,0,1
5564,Tacrolimus Capsules,2017-01-18,0,0.305665,2017-02-22,7,21,23,0,1
5565,Tacrolimus Capsules,2016-01-20,1,0.5813349999999999,2016-02-17,7,21,23,0,1
5566,Tacrolimus Capsules,2025-01-22,0,0.35484,2025-02-19,7,21,23,0,1
5567,Tacrolimus Capsules,2016-02-17,1,2.866154736842105,2016-03-23,7,21,23,0,1
5568,Tacrolimus Capsules,2025-02-19,0,0.3432066666666666,2025-03-19,7,21,23,0,1
5569,Tacrolimus Capsules,2018-02-21,0,0.233845,2018-03-21,7,21,23,0,1
5570,Tacrolimus Capsules,2017-02-22,0,1.2563233333333337,2017-03-22,7,21,23,0,1
5571,Tacrolimus Capsules,2025-03-19,0,0.3796433333333333,2025-04-23,7,21,23,0,1
5572,Tacrolimus Capsules,2018-03-21,0,0.235135,2018-04-18,7,21,23,0,1
5573,Tacrolimus Capsules,2017-03-22,0,1.0787666666666669,2017-04-19,7,21,23,0,1
5574,Tacrolimus Capsules,2016-03-23,1,0.5395,2016-04-20,7,21,23,0,1
5575,Tacrolimus Capsules,2018-04-18,0,0.6735399999999999,2018-05-23,7,21,23,0,1
5576,Tacrolimus Capsules,2017-04-19,0,1.2780166666666666,2017-05-17,7,21,23,0,1
5577,Tacrolimus Capsules,2016-04-20,1,2.936816666666666,2016-05-18,7,21,23,0,1
5578,Tacrolimus Capsules,2025-04-23,0,0.4033866666666666,2025-05-21,7,21,23,0,1
5579,Tacrolimus Capsules,2017-05-17,0,1.1882147368421054,2017-06-21,7,21,23,0,1
5580,Tacrolimus Capsules,2016-05-18,1,1.5138533333333333,2016-06-22,7,21,23,0,1
5581,Tacrolimus Capsules,2025-05-21,0,0.43236,2025-06-18,7,21,23,0,1
5582,Tacrolimus Capsules,2018-05-23,0,0.69334,2018-06-20,7,21,23,0,1
5583,Tacrolimus Capsules,2025-06-18,0,0.4341033333333333,2025-07-23,7,21,23,0,1
5584,Tacrolimus Capsules,2018-06-20,0,1.2811964705882353,2018-07-18,7,21,23,0,1
5585,Tacrolimus Capsules,2017-06-21,0,0.28253,2017-07-19,7,21,23,0,1
5586,Tacrolimus Capsules,2016-06-22,0,1.2165333333333337,2016-07-20,7,21,23,0,1
5587,Tacrolimus Capsules,2018-07-18,0,0.19002,2018-08-22,7,21,23,0,1
5588,Tacrolimus Capsules,2017-07-19,0,0.96611,2017-08-23,7,21,23,0,1
5589,Tacrolimus Capsules,2016-07-20,0,2.611823734939759,2016-08-17,7,21,23,0,1
5591,Tacrolimus Capsules,2016-08-17,0,0.42077,2016-09-07,7,21,23,0,1
5592,Tacrolimus Capsules,2018-08-22,0,1.3046609523809525,2018-09-19,7,21,23,0,1
5593,Tacrolimus Capsules,2017-08-23,0,0.8533733333333333,2017-09-20,7,21,23,0,1
5594,Tacrolimus Capsules,2016-09-07,0,1.83591,2016-09-21,7,21,23,0,1
5595,Tacrolimus Capsules,2018-09-19,0,0.18232,2018-10-17,7,21,23,0,1
5596,Tacrolimus Capsules,2017-09-20,0,0.55605,2017-10-18,7,21,23,0,1
5597,Tacrolimus Capsules,2016-09-21,0,3.1470894117647057,2016-10-19,7,21,23,0,1
5598,Tacrolimus Capsules,2018-10-17,0,0.18572,2018-11-21,7,21,23,0,1
5599,Tacrolimus Capsules,2017-10-18,0,0.7712088888888888,2017-11-22,7,21,23,0,1
5600,Tacrolimus Capsules,2016-10-19,0,0.32463,2016-11-23,7,21,23,0,1
5601,Tacrolimus Capsules,2018-11-21,0,0.4505166666666666,2018-12-19,7,21,23,0,1
5602,Tacrolimus Capsules,2017-11-22,0,0.221725,2017-12-13,7,21,23,0,1
5603,Tacrolimus Capsules,2016-11-23,0,2.580188571428572,2016-12-21,7,21,23,0,1
5604,Tacrolimus Capsules,2017-12-13,0,3.63881,2017-12-20,7,21,23,0,1
5605,Tacrolimus Capsules,2024-12-18,0,0.3964399999999999,2025-01-22,7,21,23,0,1
5607,Tacrolimus Capsules,2017-12-20,0,0.251075,2018-01-17,7,21,23,0,1
5608,Tacrolimus Capsules,2016-12-21,0,0.361525,2017-01-18,7,21,23,0,1
5609,Tacrolimus Capsules,2015-12-23,1,4.27155,2016-01-20,7,21,23,0,1
5610,Tamsulosin Hydrochloride,2018-01-17,0,0.12187,2018-02-21,8,9,17,0,1
5611,Tamsulosin Hydrochloride,2017-01-18,0,0.16556,2017-02-22,8,9,17,0,1
5612,Tamsulosin Hydrochloride,2016-01-20,1,0.26577,2016-02-17,8,9,17,0,1
5613,Tamsulosin Hydrochloride,2025-01-22,0,0.04698,2025-02-19,8,9,17,0,1
5614,Tamsulosin Hydrochloride,2016-02-17,1,0.26047,2016-03-23,8,9,17,0,1
5615,Tamsulosin Hydrochloride,2025-02-19,0,0.04928,2025-03-19,8,9,17,0,1
5616,Tamsulosin Hydrochloride,2018-02-21,0,0.12182,2018-03-21,8,9,17,0,1
5617,Tamsulosin Hydrochloride,2017-02-22,0,0.16348,2017-03-22,8,9,17,0,1
5618,Tamsulosin Hydrochloride,2025-03-19,0,0.05166,2025-04-23,8,9,17,0,1
5619,Tamsulosin Hydrochloride,2018-03-21,0,0.10992,2018-04-18,8,9,17,0,1
5620,Tamsulosin Hydrochloride,2017-03-22,0,0.15744,2017-04-19,8,9,17,0,1
5621,Tamsulosin Hydrochloride,2016-03-23,1,0.24685,2016-04-20,8,9,17,0,1
5622,Tamsulosin Hydrochloride,2018-04-18,0,0.10656,2018-05-23,8,9,17,0,1
5623,Tamsulosin Hydrochloride,2017-04-19,0,0.13525,2017-05-17,8,9,17,0,1
5624,Tamsulosin Hydrochloride,2016-04-20,1,0.24554,2016-05-18,8,9,17,0,1
5625,Tamsulosin Hydrochloride,2025-04-23,0,0.05255,2025-05-21,8,9,17,0,1
5626,Tamsulosin Hydrochloride,2017-05-17,0,0.13978,2017-06-21,8,9,17,0,1
5627,Tamsulosin Hydrochloride,2016-05-18,1,0.22076,2016-06-22,8,9,17,0,1
5628,Tamsulosin Hydrochloride,2025-05-21,0,0.05507,2025-06-18,8,9,17,0,1
5629,Tamsulosin Hydrochloride,2018-05-23,0,0.10171,2018-06-20,8,9,17,0,1
5630,Tamsulosin Hydrochloride,2025-06-18,0,0.05672,2025-07-23,8,9,17,0,1
5631,Tamsulosin Hydrochloride,2018-06-20,0,0.10286,2018-07-18,8,9,17,0,1
5632,Tamsulosin Hydrochloride,2017-06-21,0,0.13472,2017-07-19,8,9,17,0,1
5633,Tamsulosin Hydrochloride,2016-06-22,1,0.21293,2016-08-17,8,9,17,0,1
5634,Tamsulosin Hydrochloride,2018-07-18,0,0.09236,2018-08-22,8,9,17,0,1
5635,Tamsulosin Hydrochloride,2017-07-19,0,0.132,2017-08-23,8,9,17,0,1
5637,Tamsulosin Hydrochloride,2016-08-17,0,0.20227,2016-09-21,8,9,17,0,1
5638,Tamsulosin Hydrochloride,2018-08-22,0,0.10462,2018-09-19,8,9,17,0,1
5639,Tamsulosin Hydrochloride,2017-08-23,0,0.1361,2017-09-20,8,9,17,0,1
5640,Tamsulosin Hydrochloride,2018-09-19,0,0.09,2018-10-17,8,9,17,0,1
5641,Tamsulosin Hydrochloride,2017-09-20,0,0.12443,2017-10-18,8,9,17,0,1
5642,Tamsulosin Hydrochloride,2016-09-21,0,0.18216,2016-10-19,8,9,17,0,1
5643,Tamsulosin Hydrochloride,2018-10-17,0,0.08506,2018-11-21,8,9,17,0,1
5644,Tamsulosin Hydrochloride,2017-10-18,0,0.12978,2017-11-22,8,9,17,0,1
5645,Tamsulosin Hydrochloride,2016-10-19,0,0.1898,2016-11-23,8,9,17,0,1
5646,Tamsulosin Hydrochloride,2018-11-21,0,0.08249,2018-12-19,8,9,17,0,1
5647,Tamsulosin Hydrochloride,2017-11-22,0,0.11239,2017-12-20,8,9,17,0,1
5648,Tamsulosin Hydrochloride,2016-11-23,0,0.16628,2016-12-21,8,9,17,0,1
5649,Tamsulosin Hydrochloride,2024-12-18,0,0.04665,2025-01-22,8,9,17,0,1
5651,Tamsulosin Hydrochloride,2017-12-20,0,0.10675,2018-01-17,8,9,17,0,1
5652,Tamsulosin Hydrochloride,2016-12-21,0,0.17132,2017-01-18,8,9,17,0,1
5653,Tamsulosin Hydrochloride,2015-12-23,1,0.27228,2016-01-20,8,9,17,0,1
5655,Telmisartan Tablets,2018-01-17,0,0.4438966666666666,2018-02-21,7,21,27,0,1
5656,Telmisartan Tablets,2017-01-18,0,0.4850466666666667,2017-02-22,7,21,27,0,1
5657,Telmisartan Tablets,2016-01-20,0,0.5870000000000001,2016-02-17,7,21,27,0,1
5658,Telmisartan Tablets,2025-01-22,0,0.1369466666666666,2025-02-19,7,21,27,0,1
5659,Telmisartan Tablets,2016-02-17,0,0.5657833333333333,2016-03-23,7,21,27,0,1
5660,Telmisartan Tablets,2025-02-19,0,0.1457233333333333,2025-03-19,7,21,27,0,1
5661,Telmisartan Tablets,2018-02-21,0,0.43587,2018-03-21,7,21,27,0,1
5662,Telmisartan Tablets,2017-02-22,0,0.5127666666666667,2017-03-22,7,21,27,0,1
5663,Telmisartan Tablets,2025-03-19,0,0.1659099999999999,2025-04-23,7,21,27,0,1
5664,Telmisartan Tablets,2018-03-21,0,0.4391533333333333,2018-04-18,7,21,27,0,1
5665,Telmisartan Tablets,2017-03-22,0,0.4439966666666666,2017-04-19,7,21,27,0,1
5666,Telmisartan Tablets,2016-03-23,0,0.5638966666666667,2016-04-20,7,21,27,0,1
5667,Telmisartan Tablets,2018-04-18,0,0.4045133333333333,2018-05-23,7,21,27,0,1
5668,Telmisartan Tablets,2017-04-19,0,0.4699633333333333,2017-05-17,7,21,27,0,1
5669,Telmisartan Tablets,2016-04-20,0,0.5969500000000001,2016-05-18,7,21,27,0,1
5670,Telmisartan Tablets,2025-04-23,0,0.1680266666666666,2025-05-21,7,21,27,0,1
5671,Telmisartan Tablets,2017-05-17,0,0.4548466666666667,2017-06-21,7,21,27,0,1
5672,Telmisartan Tablets,2016-05-18,0,0.5315566666666667,2016-06-22,7,21,27,0,1
5673,Telmisartan Tablets,2025-05-21,0,0.1661333333333333,2025-06-18,7,21,27,0,1
5674,Telmisartan Tablets,2018-05-23,0,0.4221733333333333,2018-06-20,7,21,27,0,1
5675,Telmisartan Tablets,2025-06-18,0,0.1534233333333333,2025-07-23,7,21,27,0,1
5676,Telmisartan Tablets,2018-06-20,0,0.3933266666666666,2018-07-18,7,21,27,0,1
5677,Telmisartan Tablets,2017-06-21,0,0.4552799999999999,2017-07-19,7,21,27,0,1
5678,Telmisartan Tablets,2016-06-22,0,0.5228133333333332,2016-07-20,7,21,27,0,1
5679,Telmisartan Tablets,2018-07-18,0,0.38141,2018-08-22,7,21,27,0,1
5680,Telmisartan Tablets,2017-07-19,0,0.4523566666666667,2017-08-23,7,21,27,0,1
5681,Telmisartan Tablets,2016-07-20,0,0.5586533333333333,2016-08-17,7,21,27,0,1
5683,Telmisartan Tablets,2016-08-17,0,0.5483066666666667,2016-09-21,7,21,27,0,1
5684,Telmisartan Tablets,2018-08-22,0,0.38821,2018-09-19,7,21,27,0,1
5685,Telmisartan Tablets,2017-08-23,0,0.45583,2017-09-20,7,21,27,0,1
5686,Telmisartan Tablets,2018-09-19,0,0.4173166666666666,2018-10-17,7,21,27,0,1
5687,Telmisartan Tablets,2017-09-20,0,0.4403233333333333,2017-10-18,7,21,27,0,1
5688,Telmisartan Tablets,2016-09-21,0,0.4991366666666667,2016-10-19,7,21,27,0,1
5689,Telmisartan Tablets,2018-10-17,0,0.3802533333333333,2018-11-21,7,21,27,0,1
5690,Telmisartan Tablets,2017-10-18,0,0.4373399999999999,2017-11-22,7,21,27,0,1
5691,Telmisartan Tablets,2016-10-19,0,0.5100333333333333,2016-11-23,7,21,27,0,1
5692,Telmisartan Tablets,2018-11-21,0,0.3394299999999999,2018-12-19,7,21,27,0,1
5693,Telmisartan Tablets,2017-11-22,0,0.4470099999999999,2017-12-20,7,21,27,0,1
5694,Telmisartan Tablets,2016-11-23,0,0.4933033333333333,2016-12-21,7,21,27,0,1
5695,Telmisartan Tablets,2024-12-18,0,0.1384866666666666,2025-01-22,7,21,27,0,1
5697,Telmisartan Tablets,2017-12-20,0,0.4022966666666667,2018-01-17,7,21,27,0,1
5698,Telmisartan Tablets,2016-12-21,0,0.49793,2017-01-18,7,21,27,0,1
5699,Telmisartan Tablets,2015-12-23,0,0.6052466666666666,2016-01-20,7,21,27,0,1
5700,Temazepam Capsules,2018-01-17,0,1.2864033333333331,2018-02-21,4,11,16,0,1
5701,Temazepam Capsules,2017-01-18,0,0.72296,2017-02-22,4,11,16,0,1
5702,Temazepam Capsules,2016-01-20,0,1.574905,2016-02-17,4,11,16,0,1
5703,Temazepam Capsules,2025-01-22,0,0.4303366666666666,2025-02-19,4,11,16,0,1
5704,Temazepam Capsules,2016-02-17,0,1.4241333333333337,2016-03-23,4,11,16,0,1
5705,Temazepam Capsules,2025-02-19,0,0.4893216666666666,2025-03-19,4,11,16,0,1
5706,Temazepam Capsules,2018-02-21,0,1.2335366666666665,2018-03-21,4,11,16,0,1
5707,Temazepam Capsules,2017-02-22,0,1.475631666666667,2017-03-22,4,11,16,0,1
5708,Temazepam Capsules,2025-03-19,0,0.5523066666666666,2025-04-23,4,11,16,0,1
5709,Temazepam Capsules,2018-03-21,0,1.4576924137931035,2018-04-18,4,11,16,0,1
5710,Temazepam Capsules,2017-03-22,0,1.834096923076923,2017-04-05,4,11,16,0,1
5711,Temazepam Capsules,2016-03-23,0,1.7082750000000002,2016-04-20,4,11,16,0,1
5712,Temazepam Capsules,2017-04-05,0,3.29443,2017-04-19,4,11,16,0,1
5713,Temazepam Capsules,2018-04-18,0,0.512534,2018-05-23,4,11,16,0,1
5714,Temazepam Capsules,2017-04-19,0,0.714102,2017-05-17,4,11,16,0,1
5715,Temazepam Capsules,2016-04-20,0,1.5815283333333332,2016-05-18,4,11,16,0,1
5716,Temazepam Capsules,2025-04-23,0,0.5592716666666667,2025-05-21,4,11,16,0,1
5717,Temazepam Capsules,2017-05-17,0,1.7126932352941178,2017-06-21,4,11,16,0,1
5718,Temazepam Capsules,2016-05-18,0,1.54455,2016-06-22,4,11,16,0,1
5719,Temazepam Capsules,2025-05-21,0,0.5649816666666666,2025-06-18,4,11,16,0,1
5720,Temazepam Capsules,2018-05-23,0,1.45229,2018-06-20,4,11,16,0,1
5721,Temazepam Capsules,2025-06-18,0,0.5388683333333334,2025-07-23,4,11,16,0,1
5722,Temazepam Capsules,2018-06-20,0,0.467622,2018-07-18,4,11,16,0,1
5723,Temazepam Capsules,2017-06-21,0,0.697628,2017-07-19,4,11,16,0,1
5724,Temazepam Capsules,2016-06-22,0,1.4960700000000002,2016-07-20,4,11,16,0,1
5725,Temazepam Capsules,2018-07-18,0,1.0119866666666666,2018-08-22,4,11,16,0,1
5726,Temazepam Capsules,2017-07-19,0,1.493623333333333,2017-08-23,4,11,16,0,1
5727,Temazepam Capsules,2016-07-20,0,1.540535,2016-08-17,4,11,16,0,1
5729,Temazepam Capsules,2016-08-17,0,1.5342333333333331,2016-09-21,4,11,16,0,1
5730,Temazepam Capsules,2018-08-22,0,0.9984133333333332,2018-09-19,4,11,16,0,1
5731,Temazepam Capsules,2017-08-23,0,1.1737216666666668,2017-09-20,4,11,16,0,1
5732,Temazepam Capsules,2018-09-19,0,1.822943103448276,2018-10-17,4,11,16,0,1
5733,Temazepam Capsules,2017-09-20,0,2.237562727272727,2017-10-18,4,11,16,0,1
5734,Temazepam Capsules,2016-09-21,0,1.4550366666666668,2016-10-19,4,11,16,0,1
5735,Temazepam Capsules,2018-10-17,0,0.4775179999999999,2018-11-21,4,11,16,0,1
5736,Temazepam Capsules,2017-10-18,0,0.58064,2017-11-22,4,11,16,0,1
5737,Temazepam Capsules,2016-10-19,0,1.3607383333333334,2016-11-23,4,11,16,0,1
5738,Temazepam Capsules,2018-11-21,1,0.9278366666666664,2018-12-19,4,11,16,0,1
5739,Temazepam Capsules,2017-11-22,0,0.586068,2017-12-20,4,11,16,0,1
5740,Temazepam Capsules,2016-11-23,0,1.4362849999999998,2016-12-21,4,11,16,0,1
5741,Temazepam Capsules,2024-12-18,0,0.4503083333333333,2025-01-22,4,11,16,0,1
5743,Temazepam Capsules,2017-12-20,0,1.226415,2018-01-17,4,11,16,0,1
5744,Temazepam Capsules,2016-12-21,0,2.0488241379310344,2017-01-18,4,11,16,0,1
5745,Temazepam Capsules,2015-12-23,0,1.6864766666666666,2016-01-20,4,11,16,0,1
5749,Testosterone Cypionate Injection,2018-01-17,0,10.15699,2018-02-21,5,9,11,1,0
5750,Testosterone Cypionate Injection,2017-01-18,0,11.12469,2017-02-22,5,9,11,1,0
5751,Testosterone Cypionate Injection,2016-01-20,1,9.63916,2016-02-17,5,9,11,1,0
5752,Testosterone Cypionate Injection,2025-01-22,1,6.738966666666667,2025-02-19,5,9,11,1,0
5753,Testosterone Cypionate Injection,2016-02-17,1,7.663094285714286,2016-03-23,5,9,11,1,0
5754,Testosterone Cypionate Injection,2025-02-19,1,7.1649400000000005,2025-03-19,5,9,11,1,0
5755,Testosterone Cypionate Injection,2018-02-21,0,10.3701,2018-03-21,5,9,11,1,0
5756,Testosterone Cypionate Injection,2017-02-22,0,8.744539999999999,2017-03-22,5,9,11,1,0
5757,Testosterone Cypionate Injection,2025-03-19,1,7.434913333333332,2025-04-23,5,9,11,1,0
5758,Testosterone Cypionate Injection,2018-03-21,0,10.120805,2018-04-18,5,9,11,1,0
5759,Testosterone Cypionate Injection,2017-03-22,0,7.511769999999999,2017-04-19,5,9,11,1,0
5760,Testosterone Cypionate Injection,2016-03-23,1,13.267365,2016-04-20,5,9,11,1,0
5761,Testosterone Cypionate Injection,2018-04-18,0,9.390625,2018-05-23,5,9,11,1,0
5762,Testosterone Cypionate Injection,2017-04-19,0,10.84934,2017-05-17,5,9,11,1,0
5763,Testosterone Cypionate Injection,2016-04-20,1,11.99798,2016-05-18,5,9,11,1,0
5764,Testosterone Cypionate Injection,2025-04-23,1,7.392273333333333,2025-05-21,5,9,11,1,0
5765,Testosterone Cypionate Injection,2017-05-17,0,8.765179999999999,2017-06-21,5,9,11,1,0
5766,Testosterone Cypionate Injection,2016-05-18,1,12.33125,2016-06-22,5,9,11,1,0
5767,Testosterone Cypionate Injection,2025-05-21,1,7.365760000000001,2025-06-18,5,9,11,1,0
5768,Testosterone Cypionate Injection,2018-05-23,0,9.591945,2018-06-20,5,9,11,1,0
5769,Testosterone Cypionate Injection,2025-06-18,1,7.23689,2025-07-23,5,9,11,1,0
5770,Testosterone Cypionate Injection,2018-06-20,0,6.788773529411764,2018-07-18,5,9,11,1,0
5771,Testosterone Cypionate Injection,2017-06-21,0,8.814860000000001,2017-07-19,5,9,11,1,0
5772,Testosterone Cypionate Injection,2016-06-22,1,9.773463333333334,2016-07-20,5,9,11,1,0
5773,Testosterone Cypionate Injection,2018-07-18,0,9.46434,2018-08-22,5,9,11,1,0
5774,Testosterone Cypionate Injection,2017-07-19,0,9.693600769230768,2017-08-23,5,9,11,1,0
5775,Testosterone Cypionate Injection,2016-07-20,1,10.000066666666669,2016-08-17,5,9,11,1,0
5777,Testosterone Cypionate Injection,2016-08-17,1,9.96832,2016-09-21,5,9,11,1,0
5778,Testosterone Cypionate Injection,2018-08-22,0,7.923846666666666,2018-09-19,5,9,11,1,0
5779,Testosterone Cypionate Injection,2017-08-23,0,11.20158,2017-09-20,5,9,11,1,0
5780,Testosterone Cypionate Injection,2018-09-19,0,7.695113333333333,2018-10-17,5,9,11,1,0
5781,Testosterone Cypionate Injection,2017-09-20,0,11.14201,2017-10-18,5,9,11,1,0
5782,Testosterone Cypionate Injection,2016-09-21,1,9.913486666666666,2016-10-19,5,9,11,1,0
5783,Testosterone Cypionate Injection,2018-10-17,0,7.89384,2018-11-21,5,9,11,1,0
5784,Testosterone Cypionate Injection,2017-10-18,0,10.851025,2017-11-22,5,9,11,1,0
5785,Testosterone Cypionate Injection,2016-10-19,1,9.701633333333335,2016-11-23,5,9,11,1,0
5786,Testosterone Cypionate Injection,2018-11-21,0,7.60774,2018-12-19,5,9,11,1,0
5787,Testosterone Cypionate Injection,2017-11-22,0,5.7385631578947365,2017-12-20,5,9,11,1,0
5788,Testosterone Cypionate Injection,2016-11-23,0,9.926926666666668,2016-12-21,5,9,11,1,0
5789,Testosterone Cypionate Injection,2024-12-18,1,6.80751,2025-01-22,5,9,11,1,0
5791,Testosterone Cypionate Injection,2017-12-20,0,10.23801,2018-01-17,5,9,11,1,0
5792,Testosterone Cypionate Injection,2016-12-21,0,8.488550588235295,2017-01-18,5,9,11,1,0
5793,Testosterone Cypionate Injection,2015-12-23,1,9.851413333333332,2016-01-20,5,9,11,1,0
5794,Tetracaine Hydrochloride Ophthalmic Drops,2025-01-22,0,5.04543,2025-02-19,2,2,3,0,1
5795,Tetracaine Hydrochloride Ophthalmic Drops,2025-02-19,0,4.91834,2025-03-19,2,2,3,0,1
5796,Tetracaine Hydrochloride Ophthalmic Drops,2025-03-19,0,4.85247,2025-04-23,2,2,3,0,1
5797,Tetracaine Hydrochloride Ophthalmic Drops,2025-04-23,0,4.77807,2025-05-21,2,2,3,0,1
5798,Tetracaine Hydrochloride Ophthalmic Drops,2025-05-21,0,4.64292,2025-06-18,2,2,3,0,1
5800,Tetracaine Hydrochloride Ophthalmic Drops,2025-06-18,0,4.63866,2025-07-23,2,2,3,0,1
5802,Tetracaine Hydrochloride Ophthalmic Drops,2024-12-18,0,5.14208,2025-01-22,2,2,3,0,1
5803,Theophylline 12-Hour Extended-Release Tablets,2018-01-17,1,2.63311,2018-02-21,3,8,13,0,1
5804,Theophylline 12-Hour Extended-Release Tablets,2017-01-18,1,2.31611,2017-02-22,3,8,13,0,1
5805,Theophylline 12-Hour Extended-Release Tablets,2016-01-20,1,0.3677825,2016-02-17,3,8,13,0,1
5806,Theophylline 12-Hour Extended-Release Tablets,2025-01-22,0,0.50591,2025-02-19,3,8,13,0,1
5807,Theophylline 12-Hour Extended-Release Tablets,2016-02-17,1,0.37824625,2016-03-23,3,8,13,0,1
5808,Theophylline 12-Hour Extended-Release Tablets,2025-02-19,0,0.50812,2025-03-19,3,8,13,0,1
5809,Theophylline 12-Hour Extended-Release Tablets,2018-02-21,1,2.59756,2018-04-18,3,8,13,0,1
5810,Theophylline 12-Hour Extended-Release Tablets,2017-02-22,1,2.2988,2017-03-22,3,8,13,0,1
5811,Theophylline 12-Hour Extended-Release Tablets,2025-03-19,0,1.243825,2025-04-23,3,8,13,0,1
5812,Theophylline 12-Hour Extended-Release Tablets,2017-03-22,1,2.20641,2017-04-19,3,8,13,0,1
5813,Theophylline 12-Hour Extended-Release Tablets,2016-03-23,1,0.355809,2016-03-30,3,8,13,0,1
5814,Theophylline 12-Hour Extended-Release Tablets,2016-03-30,1,0.5575766666666666,2016-04-20,3,8,13,0,1
5815,Theophylline 12-Hour Extended-Release Tablets,2018-04-18,1,3.01946,2018-05-23,3,8,13,0,1
5816,Theophylline 12-Hour Extended-Release Tablets,2017-04-19,1,2.22933,2017-05-17,3,8,13,0,1
5817,Theophylline 12-Hour Extended-Release Tablets,2016-04-20,1,0.3902013953488372,2016-05-18,3,8,13,0,1
5818,Theophylline 12-Hour Extended-Release Tablets,2025-04-23,0,1.19506,2025-05-21,3,8,13,0,1
5819,Theophylline 12-Hour Extended-Release Tablets,2017-05-17,1,2.28891,2017-06-21,3,8,13,0,1
5820,Theophylline 12-Hour Extended-Release Tablets,2016-05-18,1,0.452940895522388,2016-06-22,3,8,13,0,1
5821,Theophylline 12-Hour Extended-Release Tablets,2025-05-21,0,1.139405,2025-06-18,3,8,13,0,1
5822,Theophylline 12-Hour Extended-Release Tablets,2018-05-23,1,2.76815,2018-06-20,3,8,13,0,1
5823,Theophylline 12-Hour Extended-Release Tablets,2025-06-18,0,1.020625,2025-07-23,3,8,13,0,1
5824,Theophylline 12-Hour Extended-Release Tablets,2018-06-20,1,3.10591,2018-07-18,3,8,13,0,1
5825,Theophylline 12-Hour Extended-Release Tablets,2017-06-21,1,2.13507,2017-07-19,3,8,13,0,1
5826,Theophylline 12-Hour Extended-Release Tablets,2016-06-22,1,0.8858972727272727,2016-07-20,3,8,13,0,1
5827,Theophylline 12-Hour Extended-Release Tablets,2018-07-18,1,2.98001,2018-08-22,3,8,13,0,1
5828,Theophylline 12-Hour Extended-Release Tablets,2017-07-19,1,2.14608,2017-08-23,3,8,13,0,1
5829,Theophylline 12-Hour Extended-Release Tablets,2016-07-20,1,2.46468,2016-08-17,3,8,13,0,1
5831,Theophylline 12-Hour Extended-Release Tablets,2016-08-17,1,2.33741,2016-09-21,3,8,13,0,1
5832,Theophylline 12-Hour Extended-Release Tablets,2018-08-22,1,3.09712,2018-09-19,3,8,13,0,1
5833,Theophylline 12-Hour Extended-Release Tablets,2017-08-23,1,2.08593,2017-09-20,3,8,13,0,1
5834,Theophylline 12-Hour Extended-Release Tablets,2018-09-19,1,3.00702,2018-10-17,3,8,13,0,1
5835,Theophylline 12-Hour Extended-Release Tablets,2017-09-20,1,2.19039,2017-10-18,3,8,13,0,1
5836,Theophylline 12-Hour Extended-Release Tablets,2016-09-21,1,0.6244486956521739,2016-10-19,3,8,13,0,1
5837,Theophylline 12-Hour Extended-Release Tablets,2018-10-17,1,3.05391,2018-11-21,3,8,13,0,1
5838,Theophylline 12-Hour Extended-Release Tablets,2017-10-18,1,2.21692,2017-11-22,3,8,13,0,1
5839,Theophylline 12-Hour Extended-Release Tablets,2016-10-19,1,2.36904,2016-11-23,3,8,13,0,1
5840,Theophylline 12-Hour Extended-Release Tablets,2018-11-21,1,2.90575,2018-12-19,3,8,13,0,1
5841,Theophylline 12-Hour Extended-Release Tablets,2017-11-22,1,2.17649,2017-12-20,3,8,13,0,1
5842,Theophylline 12-Hour Extended-Release Tablets,2016-11-23,1,2.43032,2016-12-21,3,8,13,0,1
5843,Theophylline 12-Hour Extended-Release Tablets,2024-12-18,0,0.68135,2025-01-22,3,8,13,0,1
5845,Theophylline 12-Hour Extended-Release Tablets,2017-12-20,1,2.19265,2017-12-27,3,8,13,0,1
5846,Theophylline 12-Hour Extended-Release Tablets,2016-12-21,1,2.35785,2017-01-18,3,8,13,0,1
5847,Theophylline 12-Hour Extended-Release Tablets,2015-12-23,1,0.370785,2016-01-20,3,8,13,0,1
5848,Theophylline 12-Hour Extended-Release Tablets,2017-12-27,1,2.49552,2018-01-17,3,8,13,0,1
5849,Thiamine Injection,2025-01-22,0,2.68662,2025-02-19,2,2,2,1,0
5850,Thiamine Injection,2025-02-19,0,2.72371,2025-03-19,2,2,2,1,0
5851,Thiamine Injection,2025-03-19,0,2.72564,2025-04-23,2,2,2,1,0
5854,Thiamine Injection,2024-12-18,0,2.65338,2025-01-22,2,2,2,1,0
5855,Thiothixene Capsules,2025-01-22,0,1.208635,2025-02-19,1,4,4,0,1
5856,Thiothixene Capsules,2025-02-19,0,1.22795,2025-03-19,1,4,4,0,1
5857,Thiothixene Capsules,2025-03-19,0,1.23161,2025-04-23,1,4,4,0,1
5858,Thiothixene Capsules,2025-04-23,0,1.1977725,2025-05-21,1,4,4,0,1
5859,Thiothixene Capsules,2025-05-21,0,1.1540475,2025-06-18,1,4,4,0,1
5860,Thiothixene Capsules,2025-06-18,0,1.1476700000000002,2025-07-23,1,4,4,0,1
5862,Thiothixene Capsules,2024-12-18,0,1.1981975,2025-01-22,1,4,4,0,1
5863,Timolol Ophthalmic Solution,2025-01-01,0,10.36269,2025-01-22,7,12,25,1,0
5864,Timolol Ophthalmic Solution,2018-01-17,0,0.4967585897435897,2018-02-21,7,12,25,1,0
5865,Timolol Ophthalmic Solution,2017-01-18,0,0.5702741666666667,2017-02-22,7,12,25,1,0
5866,Timolol Ophthalmic Solution,2016-01-20,0,0.6215666666666667,2016-02-17,7,12,25,1,0
5867,Timolol Ophthalmic Solution,2025-01-22,0,4.581818823529411,2025-02-19,7,12,25,1,0
5868,Timolol Ophthalmic Solution,2016-02-17,0,0.608285,2016-03-23,7,12,25,1,0
5869,Timolol Ophthalmic Solution,2025-02-19,0,4.579561176470588,2025-03-19,7,12,25,1,0
5870,Timolol Ophthalmic Solution,2018-02-21,0,0.5199166666666667,2018-03-21,7,12,25,1,0
5871,Timolol Ophthalmic Solution,2017-02-22,0,0.5974841666666667,2017-03-22,7,12,25,1,0
5872,Timolol Ophthalmic Solution,2025-03-19,0,4.50479,2025-04-23,7,12,25,1,0
5873,Timolol Ophthalmic Solution,2018-03-21,0,0.53155,2018-04-18,7,12,25,1,0
5874,Timolol Ophthalmic Solution,2017-03-22,0,0.5774091666666666,2017-04-19,7,12,25,1,0
5875,Timolol Ophthalmic Solution,2016-03-23,0,0.642125,2016-04-20,7,12,25,1,0
5876,Timolol Ophthalmic Solution,2018-04-18,0,0.5015342857142857,2018-05-23,7,12,25,1,0
5877,Timolol Ophthalmic Solution,2017-04-19,0,0.5672975,2017-05-17,7,12,25,1,0
5878,Timolol Ophthalmic Solution,2016-04-20,0,0.6118671428571429,2016-05-18,7,12,25,1,0
5879,Timolol Ophthalmic Solution,2025-04-23,0,4.421727647058823,2025-05-21,7,12,25,1,0
5880,Timolol Ophthalmic Solution,2017-05-17,0,0.57805,2017-06-21,7,12,25,1,0
5881,Timolol Ophthalmic Solution,2016-05-18,0,0.6091135714285715,2016-06-22,7,12,25,1,0
5882,Timolol Ophthalmic Solution,2025-05-21,0,4.233101428571429,2025-06-18,7,12,25,1,0
5883,Timolol Ophthalmic Solution,2018-05-23,0,0.4662860975609755,2018-06-20,7,12,25,1,0
5884,Timolol Ophthalmic Solution,2025-06-18,0,3.772396470588234,2025-07-23,7,12,25,1,0
5885,Timolol Ophthalmic Solution,2018-06-20,0,0.4826783333333333,2018-07-18,7,12,25,1,0
5886,Timolol Ophthalmic Solution,2017-06-21,0,0.5661541379310344,2017-07-19,7,12,25,1,0
5887,Timolol Ophthalmic Solution,2016-06-22,0,0.5843812195121951,2016-07-20,7,12,25,1,0
5888,Timolol Ophthalmic Solution,2018-07-18,0,0.5066916666666667,2018-08-22,7,12,25,1,0
5889,Timolol Ophthalmic Solution,2017-07-19,0,0.5717089999999999,2017-08-23,7,12,25,1,0
5890,Timolol Ophthalmic Solution,2016-07-20,0,0.6288841666666667,2016-08-17,7,12,25,1,0
5892,Timolol Ophthalmic Solution,2016-08-17,0,0.6256675,2016-09-21,7,12,25,1,0
5893,Timolol Ophthalmic Solution,2018-08-22,0,0.4908308333333333,2018-09-19,7,12,25,1,0
5894,Timolol Ophthalmic Solution,2017-08-23,0,0.5700116666666667,2017-09-20,7,12,25,1,0
5896,Timolol Ophthalmic Solution,2018-09-19,0,0.4598717948717948,2018-10-17,7,12,25,1,0
5897,Timolol Ophthalmic Solution,2017-09-20,0,0.5408816666666666,2017-10-18,7,12,25,1,0
5898,Timolol Ophthalmic Solution,2016-09-21,0,0.6305466666666667,2016-10-19,7,12,25,1,0
5899,Timolol Ophthalmic Solution,2018-10-17,0,11.086988414634147,2018-11-21,7,12,25,1,0
5900,Timolol Ophthalmic Solution,2017-10-18,0,0.5559466666666667,2017-11-22,7,12,25,1,0
5901,Timolol Ophthalmic Solution,2016-10-19,0,0.6077892857142858,2016-11-23,7,12,25,1,0
5903,Timolol Ophthalmic Solution,2018-11-21,0,0.469,2018-12-19,7,12,25,1,0
5904,Timolol Ophthalmic Solution,2017-11-22,0,0.5116333333333333,2017-12-20,7,12,25,1,0
5905,Timolol Ophthalmic Solution,2016-11-23,0,0.528026,2016-12-21,7,12,25,1,0
5906,Timolol Ophthalmic Solution,2024-12-18,0,2.588300434782609,2025-01-01,7,12,25,1,0
5908,Timolol Ophthalmic Solution,2017-12-20,0,0.535045,2018-01-17,7,12,25,1,0
5909,Timolol Ophthalmic Solution,2016-12-21,0,0.6169783333333333,2017-01-18,7,12,25,1,0
5910,Timolol Ophthalmic Solution,2015-12-23,0,0.6271675,2016-01-20,7,12,25,1,0
5911,Tobramycin Sulfate Injection,2025-01-22,0,0.753,2025-02-19,6,11,14,1,0
5912,Tobramycin Sulfate Injection,2025-02-19,0,0.78389,2025-03-19,6,11,14,1,0
5913,Tobramycin Sulfate Injection,2025-03-19,0,0.80773,2025-04-23,6,11,14,1,0
5914,Tobramycin Sulfate Injection,2025-04-23,0,0.7870500000000001,2025-05-21,6,11,14,1,0
5915,Tobramycin Sulfate Injection,2025-05-21,0,0.76748,2025-06-18,6,11,14,1,0
5917,Tobramycin Sulfate Injection,2025-06-18,0,0.78066,2025-07-23,6,11,14,1,0
5919,Tobramycin Sulfate Injection,2024-12-18,0,0.77107,2025-01-22,6,11,14,1,0
5922,Tocilizumab Injection,2016-06-22,0,913.26444,2016-07-01,1,5,5,1,0
5924,Tocilizumab Injection,2015-12-23,0,810.78,2016-01-01,1,5,5,1,0
5925,Tramadol Tablets,2018-01-17,0,0.01935,2018-02-21,3,3,8,0,1
5926,Tramadol Tablets,2017-01-18,0,0.02086,2017-02-22,3,3,8,0,1
5927,Tramadol Tablets,2016-01-20,0,0.02369,2016-02-17,3,3,8,0,1
5928,Tramadol Tablets,2025-01-22,1,0.0233199999999999,2025-02-19,3,3,8,0,1
5929,Tramadol Tablets,2016-02-17,0,0.02419,2016-03-23,3,3,8,0,1
5930,Tramadol Tablets,2025-02-19,0,0.02473,2025-03-19,3,3,8,0,1
5931,Tramadol Tablets,2018-02-21,0,0.02089,2018-03-21,3,3,8,0,1
5932,Tramadol Tablets,2017-02-22,0,0.0210999999999999,2017-03-22,3,3,8,0,1
5933,Tramadol Tablets,2025-03-19,0,0.02594,2025-04-23,3,3,8,0,1
5934,Tramadol Tablets,2018-03-21,0,0.02104,2018-04-18,3,3,8,0,1
5935,Tramadol Tablets,2017-03-22,0,0.02184,2017-04-19,3,3,8,0,1
5936,Tramadol Tablets,2016-03-23,0,0.0251499999999999,2016-04-20,3,3,8,0,1
5937,Tramadol Tablets,2018-04-18,0,0.01886,2018-05-23,3,3,8,0,1
5938,Tramadol Tablets,2017-04-19,0,0.01949,2017-05-17,3,3,8,0,1
5939,Tramadol Tablets,2016-04-20,0,0.02147,2016-05-18,3,3,8,0,1
5940,Tramadol Tablets,2025-04-23,0,0.02596,2025-05-21,3,3,8,0,1
5941,Tramadol Tablets,2017-05-17,0,0.02075,2017-06-21,3,3,8,0,1
5942,Tramadol Tablets,2016-05-18,0,0.02127,2016-06-22,3,3,8,0,1
5943,Tramadol Tablets,2025-05-21,0,0.02542,2025-06-18,3,3,8,0,1
5944,Tramadol Tablets,2018-05-23,0,0.01853,2018-06-20,3,3,8,0,1
5945,Tramadol Tablets,2025-06-18,0,0.02517,2025-07-23,3,3,8,0,1
5946,Tramadol Tablets,2018-06-20,0,0.01833,2018-07-18,3,3,8,0,1
5947,Tramadol Tablets,2017-06-21,0,0.01979,2017-07-19,3,3,8,0,1
5948,Tramadol Tablets,2016-06-22,0,0.0226,2016-07-20,3,3,8,0,1
5949,Tramadol Tablets,2018-07-18,0,0.01901,2018-08-22,3,3,8,0,1
5950,Tramadol Tablets,2017-07-19,0,0.02041,2017-08-23,3,3,8,0,1
5951,Tramadol Tablets,2016-07-20,0,0.02216,2016-08-17,3,3,8,0,1
5953,Tramadol Tablets,2016-08-17,0,0.02071,2016-09-21,3,3,8,0,1
5954,Tramadol Tablets,2018-08-22,0,0.0217099999999999,2018-09-19,3,3,8,0,1
5955,Tramadol Tablets,2017-08-23,0,0.02124,2017-09-20,3,3,8,0,1
5956,Tramadol Tablets,2018-09-19,0,0.02165,2018-10-17,3,3,8,0,1
5957,Tramadol Tablets,2017-09-20,0,0.02118,2017-10-18,3,3,8,0,1
5958,Tramadol Tablets,2016-09-21,0,0.02144,2016-10-19,3,3,8,0,1
5959,Tramadol Tablets,2018-10-17,0,0.02238,2018-11-21,3,3,8,0,1
5960,Tramadol Tablets,2017-10-18,0,0.02153,2017-11-22,3,3,8,0,1
5961,Tramadol Tablets,2016-10-19,0,0.02116,2016-11-23,3,3,8,0,1
5962,Tramadol Tablets,2018-11-21,0,0.02139,2018-12-19,3,3,8,0,1
5963,Tramadol Tablets,2017-11-22,0,0.02139,2017-12-20,3,3,8,0,1
5964,Tramadol Tablets,2016-11-23,0,0.02153,2016-12-21,3,3,8,0,1
5965,Tramadol Tablets,2024-12-18,1,0.02546,2025-01-22,3,3,8,0,1
5967,Tramadol Tablets,2017-12-20,0,0.01708,2018-01-17,3,3,8,0,1
5968,Tramadol Tablets,2016-12-21,0,0.02075,2017-01-18,3,3,8,0,1
5969,Tramadol Tablets,2015-12-23,0,0.02234,2016-01-20,3,3,8,0,1
5970,Tranexamic Acid Oral Tablets,2018-01-17,0,2.74782,2018-02-21,3,3,3,0,1
5971,Tranexamic Acid Oral Tablets,2017-01-18,0,2.94178,2017-02-22,3,3,3,0,1
5972,Tranexamic Acid Oral Tablets,2025-01-22,0,1.01487,2025-02-19,3,3,3,0,1
5973,Tranexamic Acid Oral Tablets,2025-02-19,0,1.15002,2025-03-19,3,3,3,0,1
5974,Tranexamic Acid Oral Tablets,2018-02-21,0,2.22684,2018-03-21,3,3,3,0,1
5975,Tranexamic Acid Oral Tablets,2017-02-22,0,2.86542,2017-03-22,3,3,3,0,1
5976,Tranexamic Acid Oral Tablets,2025-03-19,0,1.166,2025-04-23,3,3,3,0,1
5977,Tranexamic Acid Oral Tablets,2018-03-21,0,2.27969,2018-04-18,3,3,3,0,1
5978,Tranexamic Acid Oral Tablets,2017-03-22,0,2.83718,2017-04-19,3,3,3,0,1
5979,Tranexamic Acid Oral Tablets,2018-04-18,0,2.82676,2018-05-23,3,3,3,0,1
5980,Tranexamic Acid Oral Tablets,2017-04-19,0,2.68827,2017-05-17,3,3,3,0,1
5981,Tranexamic Acid Oral Tablets,2025-04-23,0,1.19954,2025-05-21,3,3,3,0,1
5982,Tranexamic Acid Oral Tablets,2017-05-17,0,2.08924,2017-06-21,3,3,3,0,1
5983,Tranexamic Acid Oral Tablets,2025-05-21,0,1.15987,2025-06-18,3,3,3,0,1
5984,Tranexamic Acid Oral Tablets,2018-05-23,0,2.1779,2018-06-20,3,3,3,0,1
5985,Tranexamic Acid Oral Tablets,2016-05-25,0,3.21971,2016-06-22,3,3,3,0,1
5986,Tranexamic Acid Oral Tablets,2025-06-18,0,1.12422,2025-07-23,3,3,3,0,1
5987,Tranexamic Acid Oral Tablets,2018-06-20,0,1.97611,2018-07-18,3,3,3,0,1
5988,Tranexamic Acid Oral Tablets,2017-06-21,0,2.43116,2017-06-28,3,3,3,0,1
5989,Tranexamic Acid Oral Tablets,2016-06-22,0,3.32845,2016-07-20,3,3,3,0,1
5990,Tranexamic Acid Oral Tablets,2017-06-28,0,2.59308,2017-07-19,3,3,3,0,1
5991,Tranexamic Acid Oral Tablets,2018-07-18,0,2.034,2018-08-22,3,3,3,0,1
5992,Tranexamic Acid Oral Tablets,2017-07-19,0,2.55174,2017-08-23,3,3,3,0,1
5993,Tranexamic Acid Oral Tablets,2016-07-20,0,3.39299,2016-08-17,3,3,3,0,1
5995,Tranexamic Acid Oral Tablets,2016-08-17,0,3.49368,2016-09-21,3,3,3,0,1
5996,Tranexamic Acid Oral Tablets,2018-08-22,0,1.87843,2018-09-19,3,3,3,0,1
5997,Tranexamic Acid Oral Tablets,2017-08-23,0,2.5288,2017-09-20,3,3,3,0,1
5998,Tranexamic Acid Oral Tablets,2018-09-19,0,2.06897,2018-10-17,3,3,3,0,1
5999,Tranexamic Acid Oral Tablets,2017-09-20,0,2.63248,2017-10-18,3,3,3,0,1
6000,Tranexamic Acid Oral Tablets,2016-09-21,0,3.47164,2016-10-19,3,3,3,0,1
6001,Tranexamic Acid Oral Tablets,2018-10-17,0,2.12414,2018-11-21,3,3,3,0,1
6002,Tranexamic Acid Oral Tablets,2017-10-18,0,2.42451,2017-11-22,3,3,3,0,1
6003,Tranexamic Acid Oral Tablets,2016-10-19,0,3.19642,2016-11-23,3,3,3,0,1
6004,Tranexamic Acid Oral Tablets,2018-11-21,0,2.0602,2018-12-19,3,3,3,0,1
6005,Tranexamic Acid Oral Tablets,2017-11-22,0,2.55723,2017-12-20,3,3,3,0,1
6006,Tranexamic Acid Oral Tablets,2016-11-23,0,3.25758,2016-12-21,3,3,3,0,1
6007,Tranexamic Acid Oral Tablets,2024-12-18,0,1.08892,2025-01-22,3,3,3,0,1
6009,Tranexamic Acid Oral Tablets,2017-12-20,0,2.51883,2018-01-17,3,3,3,0,1
6010,Tranexamic Acid Oral Tablets,2016-12-21,0,3.18599,2017-01-18,3,3,3,0,1
6011,Trifluoperazine Tablets,2016-01-20,0,1.072736666666667,2016-02-17,4,15,15,0,1
6012,Trifluoperazine Tablets,2025-01-22,0,0.9608366666666668,2025-02-19,4,15,15,0,1
6013,Trifluoperazine Tablets,2016-02-17,0,0.8472875675675676,2016-03-23,4,15,15,0,1
6014,Trifluoperazine Tablets,2025-02-19,0,1.117140588235294,2025-03-19,4,15,15,0,1
6015,Trifluoperazine Tablets,2018-02-21,0,0.83283,2018-03-21,4,15,15,0,1
6016,Trifluoperazine Tablets,2017-02-22,0,0.6512780952380952,2017-03-22,4,15,15,0,1
6017,Trifluoperazine Tablets,2025-03-19,0,0.737355,2025-04-23,4,15,15,0,1
6018,Trifluoperazine Tablets,2018-03-21,0,1.1210233333333333,2018-04-18,4,15,15,0,1
6019,Trifluoperazine Tablets,2017-03-22,0,0.78017,2017-04-19,4,15,15,0,1
6020,Trifluoperazine Tablets,2016-03-23,0,1.1979433333333334,2016-04-20,4,15,15,0,1
6021,Trifluoperazine Tablets,2018-04-18,0,1.1091462962962964,2018-05-23,4,15,15,0,1
6022,Trifluoperazine Tablets,2017-04-19,0,0.91418,2017-05-17,4,15,15,0,1
6023,Trifluoperazine Tablets,2016-04-20,0,1.20265,2016-05-18,4,15,15,0,1
6024,Trifluoperazine Tablets,2025-04-23,0,1.0084933333333332,2025-05-21,4,15,15,0,1
6025,Trifluoperazine Tablets,2017-05-17,0,1.2352215625,2017-06-21,4,15,15,0,1
6026,Trifluoperazine Tablets,2016-05-18,0,1.3354447368421052,2016-06-22,4,15,15,0,1
6027,Trifluoperazine Tablets,2025-05-21,0,0.9955333333333334,2025-06-18,4,15,15,0,1
6028,Trifluoperazine Tablets,2018-05-23,0,0.6491719999999999,2018-06-20,4,15,15,0,1
6029,Trifluoperazine Tablets,2025-06-18,0,0.9917233333333332,2025-07-23,4,15,15,0,1
6030,Trifluoperazine Tablets,2018-06-20,0,1.32262,2018-07-18,4,15,15,0,1
6031,Trifluoperazine Tablets,2017-06-21,0,1.0386,2017-07-19,4,15,15,0,1
6032,Trifluoperazine Tablets,2016-06-22,0,0.915265,2016-07-20,4,15,15,0,1
6033,Trifluoperazine Tablets,2018-07-18,0,0.8357699999999999,2018-08-22,4,15,15,0,1
6034,Trifluoperazine Tablets,2017-07-19,0,0.81497,2017-08-23,4,15,15,0,1
6035,Trifluoperazine Tablets,2016-07-20,0,0.8818812,2016-08-17,4,15,15,0,1
6037,Trifluoperazine Tablets,2016-08-17,0,1.1746900000000002,2016-09-21,4,15,15,0,1
6038,Trifluoperazine Tablets,2018-08-22,1,1.1171985714285717,2018-09-19,4,15,15,0,1
6039,Trifluoperazine Tablets,2017-08-23,0,0.93796,2017-09-20,4,15,15,0,1
6041,Trifluoperazine Tablets,2017-09-20,0,0.9886590476190475,2017-10-18,4,15,15,0,1
6042,Trifluoperazine Tablets,2016-09-21,0,1.29198,2016-10-19,4,15,15,0,1
6043,Trifluoperazine Tablets,2017-10-18,0,0.7838486206896552,2017-11-22,4,15,15,0,1
6044,Trifluoperazine Tablets,2016-10-19,0,0.8415960606060606,2016-11-23,4,15,15,0,1
6045,Trifluoperazine Tablets,2017-11-22,0,0.97308,2017-12-20,4,15,15,0,1
6046,Trifluoperazine Tablets,2016-11-23,0,1.148,2016-12-21,4,15,15,0,1
6047,Trifluoperazine Tablets,2024-12-18,0,0.5802397368421053,2025-01-22,4,15,15,0,1
6050,Trifluoperazine Tablets,2015-12-23,0,1.0728116666666667,2016-01-20,4,15,15,0,1
6051,Trimethobenzamide Capsules,2025-05-21,0,17.99967,2025-06-18,2,2,2,0,1
6052,Trimethobenzamide Capsules,2025-06-18,0,17.99967,2025-07-23,2,2,2,0,1
6054,Tropicamide 1% Ophthalmic Solution,2025-01-22,0,1.16491,2025-02-19,4,3,7,1,0
6055,Tropicamide 1% Ophthalmic Solution,2025-02-19,0,1.11813,2025-03-19,4,3,7,1,0
6057,Tropicamide 1% Ophthalmic Solution,2025-03-19,0,1.1162166666666666,2025-04-23,4,3,7,1,0
6060,Tropicamide 1% Ophthalmic Solution,2025-04-23,0,1.1368866666666666,2025-05-21,4,3,7,1,0
6061,Tropicamide 1% Ophthalmic Solution,2025-05-21,0,1.16693,2025-06-18,4,3,7,1,0
6063,Tropicamide 1% Ophthalmic Solution,2025-06-18,0,1.2095533333333333,2025-07-23,4,3,7,1,0
6067,Tropicamide 1% Ophthalmic Solution,2024-12-18,0,1.2323,2025-01-22,4,3,7,1,0
6068,Tropicamide Ophthalmic Solution,2025-01-22,0,0.43506,2025-02-19,4,5,8,1,0
6069,Tropicamide Ophthalmic Solution,2025-02-19,0,0.43705,2025-03-19,4,5,8,1,0
6070,Tropicamide Ophthalmic Solution,2025-03-19,0,0.44311,2025-04-23,4,5,8,1,0
6071,Tropicamide Ophthalmic Solution,2025-04-23,0,0.44413,2025-05-21,4,5,8,1,0
6072,Tropicamide Ophthalmic Solution,2025-05-21,0,0.5540233333333333,2025-06-18,4,5,8,1,0
6073,Tropicamide Ophthalmic Solution,2025-06-18,0,0.5555966666666666,2025-07-23,4,5,8,1,0
6075,Tropicamide Ophthalmic Solution,2024-12-18,0,0.43579,2025-01-22,4,5,8,1,0
6076,Tuberculin,2016-01-01,0,45.946873333333336,2016-01-20,2,2,4,0,1
6080,Tuberculin,2025-01-22,0,89.89296,2025-02-19,2,2,4,0,1
6081,Tuberculin,2025-02-19,0,80.380615,2025-02-24,2,2,4,0,1
6085,Tuberculin,2016-07-12,0,51.073925714285714,2016-08-17,2,2,4,0,1
6089,Tuberculin,2018-10-01,0,65.83536461538462,2018-10-17,2,2,4,0,1
6090,Tuberculin,2018-10-17,0,81.04756,2018-11-21,2,2,4,0,1
6091,Tuberculin,2016-10-19,0,61.61944,2016-11-23,2,2,4,0,1
6093,Tuberculin,2016-11-23,0,62.86667,2017-01-03,2,2,4,0,1
6094,Tuberculin,2017-12-01,0,59.17738113636364,2017-12-20,2,2,4,0,1
6095,Tuberculin,2024-12-18,0,74.54267300000001,2025-01-22,2,2,4,0,1
6096,Tuberculin,2017-12-20,0,77.68329,2018-01-17,2,2,4,0,1
6097,Ulipristal Acetate,2025-01-22,0,37.23734,2025-02-19,1,1,1,0,1
6098,Ulipristal Acetate,2025-02-19,0,37.23913,2025-03-19,1,1,1,0,1
6099,Ulipristal Acetate,2025-03-19,0,37.23053,2025-04-23,1,1,1,0,1
6100,Ulipristal Acetate,2025-04-23,0,37.2046,2025-05-21,1,1,1,0,1
6101,Ulipristal Acetate,2025-05-21,0,37.171,2025-06-18,1,1,1,0,1
6102,Ulipristal Acetate,2025-06-18,0,37.16768,2025-07-23,1,1,1,0,1
6106,Ulipristal Acetate,2024-12-18,0,37.24065,2025-01-22,1,1,1,0,1
6107,Valganciclovir Oral Presentations,2018-01-17,0,10.95222,2018-02-21,7,9,10,0,1
6108,Valganciclovir Oral Presentations,2017-01-18,0,28.022730000000003,2017-02-22,7,9,10,0,1
6109,Valganciclovir Oral Presentations,2025-01-22,0,2.09216,2025-02-19,7,9,10,0,1
6110,Valganciclovir Oral Presentations,2025-02-19,0,2.19565,2025-03-19,7,9,10,0,1
6111,Valganciclovir Oral Presentations,2018-02-21,0,12.18758,2018-03-21,7,9,10,0,1
6112,Valganciclovir Oral Presentations,2017-02-22,0,24.19081,2017-03-22,7,9,10,0,1
6113,Valganciclovir Oral Presentations,2025-03-19,0,2.307825,2025-04-23,7,9,10,0,1
6114,Valganciclovir Oral Presentations,2018-03-21,0,9.32063,2018-03-28,7,9,10,0,1
6115,Valganciclovir Oral Presentations,2017-03-22,0,24.03393,2017-04-19,7,9,10,0,1
6116,Valganciclovir Oral Presentations,2018-03-28,0,9.85224,2018-04-18,7,9,10,0,1
6117,Valganciclovir Oral Presentations,2016-04-06,0,42.52194,2016-04-20,7,9,10,0,1
6118,Valganciclovir Oral Presentations,2018-04-18,0,10.25095,2018-05-23,7,9,10,0,1
6119,Valganciclovir Oral Presentations,2017-04-19,0,28.1735,2017-05-17,7,9,10,0,1
6120,Valganciclovir Oral Presentations,2016-04-20,0,45.07525,2016-05-18,7,9,10,0,1
6121,Valganciclovir Oral Presentations,2025-04-23,0,2.3903775,2025-05-21,7,9,10,0,1
6123,Valganciclovir Oral Presentations,2016-05-18,0,41.32826,2016-06-22,7,9,10,0,1
6124,Valganciclovir Oral Presentations,2025-05-21,0,2.38789,2025-06-18,7,9,10,0,1
6125,Valganciclovir Oral Presentations,2018-05-23,0,10.61996,2018-06-20,7,9,10,0,1
6126,Valganciclovir Oral Presentations,2025-06-18,0,2.24414,2025-07-23,7,9,10,0,1
6127,Valganciclovir Oral Presentations,2018-06-20,0,10.6888,2018-07-18,7,9,10,0,1
6128,Valganciclovir Oral Presentations,2016-06-22,0,38.6477,2016-07-20,7,9,10,0,1
6129,Valganciclovir Oral Presentations,2018-07-18,0,8.64617,2018-08-22,7,9,10,0,1
6130,Valganciclovir Oral Presentations,2017-07-19,0,17.32785,2017-07-26,7,9,10,0,1
6131,Valganciclovir Oral Presentations,2016-07-20,0,39.62926,2016-08-17,7,9,10,0,1
6133,Valganciclovir Oral Presentations,2017-07-26,0,19.14557,2017-08-23,7,9,10,0,1
6134,Valganciclovir Oral Presentations,2016-08-17,0,37.34839,2016-09-21,7,9,10,0,1
6135,Valganciclovir Oral Presentations,2018-08-22,0,7.80497,2018-09-19,7,9,10,0,1
6136,Valganciclovir Oral Presentations,2017-08-23,0,19.14557,2017-09-20,7,9,10,0,1
6137,Valganciclovir Oral Presentations,2018-09-19,0,7.06639,2018-10-17,7,9,10,0,1
6138,Valganciclovir Oral Presentations,2017-09-20,0,13.69722,2017-10-18,7,9,10,0,1
6139,Valganciclovir Oral Presentations,2016-09-21,0,30.7592,2016-10-19,7,9,10,0,1
6140,Valganciclovir Oral Presentations,2018-10-17,0,8.1258,2018-11-21,7,9,10,0,1
6141,Valganciclovir Oral Presentations,2017-10-18,0,14.13043,2017-11-22,7,9,10,0,1
6142,Valganciclovir Oral Presentations,2016-10-19,0,30.59099,2016-11-23,7,9,10,0,1
6143,Valganciclovir Oral Presentations,2018-11-21,0,6.27326,2018-12-19,7,9,10,0,1
6144,Valganciclovir Oral Presentations,2017-11-22,0,12.61573,2017-12-20,7,9,10,0,1
6145,Valganciclovir Oral Presentations,2016-11-23,0,29.27486,2016-12-21,7,9,10,0,1
6146,Valganciclovir Oral Presentations,2024-12-18,0,2.0085225,2025-01-22,7,9,10,0,1
6148,Valganciclovir Oral Presentations,2017-12-20,0,11.72722,2018-01-17,7,9,10,0,1
6149,Valganciclovir Oral Presentations,2016-12-21,0,29.67218,2017-01-18,7,9,10,0,1
6150,Valsartan Tablets,2018-01-17,0,0.10521,2018-02-21,6,24,27,0,1
6151,Valsartan Tablets,2017-01-18,0,0.1807399999999999,2017-02-22,6,24,27,0,1
6152,Valsartan Tablets,2016-01-20,0,0.3784475,2016-02-17,6,24,27,0,1
6153,Valsartan Tablets,2025-01-22,0,0.146208125,2025-02-19,6,24,27,0,1
6154,Valsartan Tablets,2016-02-17,0,0.3574825,2016-03-23,6,24,27,0,1
6155,Valsartan Tablets,2025-02-19,0,0.15626125,2025-03-19,6,24,27,0,1
6156,Valsartan Tablets,2018-02-21,0,0.11069,2018-03-21,6,24,27,0,1
6157,Valsartan Tablets,2017-02-22,0,0.1777454545454545,2017-03-22,6,24,27,0,1
6158,Valsartan Tablets,2025-03-19,0,0.16695,2025-04-23,6,24,27,0,1
6159,Valsartan Tablets,2018-03-21,0,0.1092366666666666,2018-04-18,6,24,27,0,1
6160,Valsartan Tablets,2017-03-22,0,0.1758972727272727,2017-04-19,6,24,27,0,1
6161,Valsartan Tablets,2016-03-23,0,0.3679325,2016-04-20,6,24,27,0,1
6162,Valsartan Tablets,2018-04-18,0,0.0945266666666666,2018-05-23,6,24,27,0,1
6163,Valsartan Tablets,2017-04-19,0,0.1497,2017-05-10,6,24,27,0,1
6164,Valsartan Tablets,2016-04-20,0,0.384925,2016-05-18,6,24,27,0,1
6165,Valsartan Tablets,2025-04-23,0,0.164311875,2025-05-21,6,24,27,0,1
6166,Valsartan Tablets,2017-05-10,0,0.13068,2017-05-17,6,24,27,0,1
6167,Valsartan Tablets,2017-05-17,0,0.1360123076923076,2017-06-21,6,24,27,0,1
6168,Valsartan Tablets,2016-05-18,0,0.33944,2016-06-22,6,24,27,0,1
6169,Valsartan Tablets,2025-05-21,0,0.16293625,2025-06-18,6,24,27,0,1
6170,Valsartan Tablets,2018-05-23,0,0.103458,2018-06-20,6,24,27,0,1
6171,Valsartan Tablets,2025-06-18,0,0.162356875,2025-07-23,6,24,27,0,1
6172,Valsartan Tablets,2018-06-20,1,0.0985606666666666,2018-07-18,6,24,27,0,1
6173,Valsartan Tablets,2017-06-21,0,0.1407007692307692,2017-07-12,6,24,27,0,1
6174,Valsartan Tablets,2016-06-22,0,0.3154075,2016-07-13,6,24,27,0,1
6175,Valsartan Tablets,2017-07-12,0,0.11382,2017-07-19,6,24,27,0,1
6176,Valsartan Tablets,2016-07-13,0,0.331494,2016-07-20,6,24,27,0,1
6177,Valsartan Tablets,2018-07-18,1,0.103206,2018-08-22,6,24,27,0,1
6178,Valsartan Tablets,2017-07-19,0,0.136945,2017-08-23,6,24,27,0,1
6179,Valsartan Tablets,2016-07-20,0,0.3466544444444444,2016-08-17,6,24,27,0,1
6181,Valsartan Tablets,2016-08-17,0,0.3404066666666667,2016-09-21,6,24,27,0,1
6182,Valsartan Tablets,2018-08-22,1,0.097744,2018-09-19,6,24,27,0,1
6183,Valsartan Tablets,2017-08-23,0,0.1326271428571428,2017-09-13,6,24,27,0,1
6184,Valsartan Tablets,2017-09-13,0,0.18347,2017-09-20,6,24,27,0,1
6185,Valsartan Tablets,2018-09-19,1,0.152392,2018-10-17,6,24,27,0,1
6186,Valsartan Tablets,2017-09-20,0,0.1380473333333333,2017-10-18,6,24,27,0,1
6187,Valsartan Tablets,2016-09-21,0,0.3294211111111111,2016-10-12,6,24,27,0,1
6188,Valsartan Tablets,2016-10-12,0,0.280265,2016-10-19,6,24,27,0,1
6189,Valsartan Tablets,2018-10-17,1,0.244028,2018-11-21,6,24,27,0,1
6190,Valsartan Tablets,2017-10-18,0,0.1363453333333333,2017-11-22,6,24,27,0,1
6191,Valsartan Tablets,2016-10-19,0,0.31404,2016-11-23,6,24,27,0,1
6192,Valsartan Tablets,2018-11-21,1,0.3186129411764705,2018-12-19,6,24,27,0,1
6193,Valsartan Tablets,2017-11-22,0,0.1223273333333333,2017-12-20,6,24,27,0,1
6194,Valsartan Tablets,2016-11-23,0,0.2387636363636363,2016-12-21,6,24,27,0,1
6195,Valsartan Tablets,2024-12-18,0,0.149828125,2025-01-22,6,24,27,0,1
6197,Valsartan Tablets,2017-12-20,0,0.1165586666666666,2018-01-17,6,24,27,0,1
6198,Valsartan Tablets,2016-12-21,0,0.2197172727272727,2017-01-18,6,24,27,0,1
6199,Valsartan Tablets,2015-12-23,0,0.34296,2016-01-20,6,24,27,0,1
6200,Valsartan and Hydrochlorothiazide Tablets,2018-01-17,0,0.1878555882352941,2018-02-21,7,32,52,0,1
6201,Valsartan and Hydrochlorothiazide Tablets,2017-01-18,0,0.2407747058823529,2017-02-22,7,32,52,0,1
6202,Valsartan and Hydrochlorothiazide Tablets,2016-01-20,0,0.3007736842105263,2016-02-17,7,32,52,0,1
6203,Valsartan and Hydrochlorothiazide Tablets,2025-01-22,0,0.168866,2025-02-19,7,32,52,0,1
6204,Valsartan and Hydrochlorothiazide Tablets,2016-02-17,0,0.2897221052631579,2016-03-23,7,32,52,0,1
6205,Valsartan and Hydrochlorothiazide Tablets,2025-02-19,0,0.182606,2025-03-19,7,32,52,0,1
6206,Valsartan and Hydrochlorothiazide Tablets,2018-02-21,0,0.1862564705882353,2018-03-21,7,32,52,0,1
6207,Valsartan and Hydrochlorothiazide Tablets,2017-02-22,0,0.2522361764705882,2017-03-22,7,32,52,0,1
6208,Valsartan and Hydrochlorothiazide Tablets,2025-03-19,0,0.195592,2025-04-23,7,32,52,0,1
6209,Valsartan and Hydrochlorothiazide Tablets,2018-03-21,0,0.1909773529411764,2018-04-18,7,32,52,0,1
6210,Valsartan and Hydrochlorothiazide Tablets,2017-03-22,0,0.2314011764705882,2017-04-19,7,32,52,0,1
6211,Valsartan and Hydrochlorothiazide Tablets,2016-03-23,0,0.2994310526315789,2016-04-20,7,32,52,0,1
6212,Valsartan and Hydrochlorothiazide Tablets,2018-04-18,0,0.1909229411764705,2018-05-23,7,32,52,0,1
6213,Valsartan and Hydrochlorothiazide Tablets,2017-04-19,0,0.2306317647058823,2017-05-17,7,32,52,0,1
6214,Valsartan and Hydrochlorothiazide Tablets,2016-04-20,0,0.3033957894736842,2016-05-18,7,32,52,0,1
6215,Valsartan and Hydrochlorothiazide Tablets,2025-04-23,0,0.192968,2025-05-21,7,32,52,0,1
6216,Valsartan and Hydrochlorothiazide Tablets,2017-05-17,0,0.2292635294117647,2017-06-21,7,32,52,0,1
6217,Valsartan and Hydrochlorothiazide Tablets,2016-05-18,0,0.2861647368421052,2016-06-22,7,32,52,0,1
6218,Valsartan and Hydrochlorothiazide Tablets,2025-05-21,0,0.1909070833333333,2025-06-18,7,32,52,0,1
6219,Valsartan and Hydrochlorothiazide Tablets,2018-05-23,0,0.1896685294117647,2018-06-20,7,32,52,0,1
6220,Valsartan and Hydrochlorothiazide Tablets,2025-06-18,0,0.190445,2025-07-23,7,32,52,0,1
6221,Valsartan and Hydrochlorothiazide Tablets,2018-06-20,1,0.1745041176470588,2018-07-18,7,32,52,0,1
6222,Valsartan and Hydrochlorothiazide Tablets,2017-06-21,0,0.2256661764705882,2017-07-19,7,32,52,0,1
6223,Valsartan and Hydrochlorothiazide Tablets,2016-06-22,0,0.2754663157894736,2016-06-29,7,32,52,0,1
6224,Valsartan and Hydrochlorothiazide Tablets,2016-06-29,0,0.275,2016-07-13,7,32,52,0,1
6225,Valsartan and Hydrochlorothiazide Tablets,2016-07-13,0,0.265254,2016-07-20,7,32,52,0,1
6226,Valsartan and Hydrochlorothiazide Tablets,2018-07-18,1,0.1758849999999999,2018-08-22,7,32,52,0,1
6227,Valsartan and Hydrochlorothiazide Tablets,2017-07-19,0,0.2226673529411764,2017-08-23,7,32,52,0,1
6228,Valsartan and Hydrochlorothiazide Tablets,2016-07-20,0,0.284595172413793,2016-08-17,7,32,52,0,1
6230,Valsartan and Hydrochlorothiazide Tablets,2016-08-17,0,0.2790710344827586,2016-09-07,7,32,52,0,1
6231,Valsartan and Hydrochlorothiazide Tablets,2018-08-22,1,0.1764761764705882,2018-09-19,7,32,52,0,1
6232,Valsartan and Hydrochlorothiazide Tablets,2017-08-23,0,0.2304879411764706,2017-09-20,7,32,52,0,1
6233,Valsartan and Hydrochlorothiazide Tablets,2016-09-07,0,0.28752,2016-09-21,7,32,52,0,1
6234,Valsartan and Hydrochlorothiazide Tablets,2018-09-19,1,0.180890294117647,2018-10-17,7,32,52,0,1
6235,Valsartan and Hydrochlorothiazide Tablets,2017-09-20,0,0.2247229411764706,2017-10-18,7,32,52,0,1
6236,Valsartan and Hydrochlorothiazide Tablets,2016-09-21,0,0.2743436666666667,2016-10-12,7,32,52,0,1
6237,Valsartan and Hydrochlorothiazide Tablets,2016-10-12,0,0.25837,2016-10-19,7,32,52,0,1
6238,Valsartan and Hydrochlorothiazide Tablets,2018-10-17,1,0.1892308823529411,2018-11-21,7,32,52,0,1
6239,Valsartan and Hydrochlorothiazide Tablets,2017-10-18,0,0.2129011764705882,2017-11-22,7,32,52,0,1
6240,Valsartan and Hydrochlorothiazide Tablets,2016-10-19,0,0.27184875,2016-11-09,7,32,52,0,1
6241,Valsartan and Hydrochlorothiazide Tablets,2016-11-09,0,0.288135,2016-11-23,7,32,52,0,1
6242,Valsartan and Hydrochlorothiazide Tablets,2018-11-21,1,0.1833808823529412,2018-12-19,7,32,52,0,1
6243,Valsartan and Hydrochlorothiazide Tablets,2017-11-22,0,0.2012438235294117,2017-12-20,7,32,52,0,1
6244,Valsartan and Hydrochlorothiazide Tablets,2016-11-23,0,0.2486623529411764,2016-12-21,7,32,52,0,1
6245,Valsartan and Hydrochlorothiazide Tablets,2024-12-18,0,0.171766,2025-01-22,7,32,52,0,1
6247,Valsartan and Hydrochlorothiazide Tablets,2017-12-20,0,0.1942129411764706,2018-01-17,7,32,52,0,1
6248,Valsartan and Hydrochlorothiazide Tablets,2016-12-21,0,0.2664976470588235,2017-01-18,7,32,52,0,1
6249,Valsartan and Hydrochlorothiazide Tablets,2015-12-23,0,0.2957352631578947,2016-01-20,7,32,52,0,1
6250,Venlafaxine Hydrochloride Extended-Release Capsules,2018-01-17,0,0.1374033333333333,2018-02-21,3,9,30,0,1
6251,Venlafaxine Hydrochloride Extended-Release Capsules,2017-01-18,0,0.1556733333333333,2017-02-22,3,9,30,0,1
6252,Venlafaxine Hydrochloride Extended-Release Capsules,2016-01-20,0,0.17974,2016-02-17,3,9,30,0,1
6253,Venlafaxine Hydrochloride Extended-Release Capsules,2025-01-22,0,0.0940266666666666,2025-02-19,3,9,30,0,1
6254,Venlafaxine Hydrochloride Extended-Release Capsules,2016-02-17,0,0.1853266666666666,2016-03-23,3,9,30,0,1
6255,Venlafaxine Hydrochloride Extended-Release Capsules,2025-02-19,0,0.1008199999999999,2025-03-19,3,9,30,0,1
6256,Venlafaxine Hydrochloride Extended-Release Capsules,2018-02-21,0,0.1475233333333333,2018-03-21,3,9,30,0,1
6257,Venlafaxine Hydrochloride Extended-Release Capsules,2017-02-22,0,0.1591433333333333,2017-03-22,3,9,30,0,1
6258,Venlafaxine Hydrochloride Extended-Release Capsules,2025-03-19,0,0.1056966666666666,2025-04-23,3,9,30,0,1
6259,Venlafaxine Hydrochloride Extended-Release Capsules,2018-03-21,0,0.14806,2018-04-18,3,9,30,0,1
6260,Venlafaxine Hydrochloride Extended-Release Capsules,2017-03-22,0,0.1515633333333333,2017-04-19,3,9,30,0,1
6261,Venlafaxine Hydrochloride Extended-Release Capsules,2016-03-23,0,0.1805233333333333,2016-04-20,3,9,30,0,1
6262,Venlafaxine Hydrochloride Extended-Release Capsules,2018-04-18,0,0.1357266666666666,2018-05-23,3,9,30,0,1
6263,Venlafaxine Hydrochloride Extended-Release Capsules,2017-04-19,0,0.1466966666666666,2017-05-17,3,9,30,0,1
6264,Venlafaxine Hydrochloride Extended-Release Capsules,2016-04-20,0,0.17501,2016-05-18,3,9,30,0,1
6265,Venlafaxine Hydrochloride Extended-Release Capsules,2025-04-23,0,0.1059933333333333,2025-05-21,3,9,30,0,1
6266,Venlafaxine Hydrochloride Extended-Release Capsules,2017-05-17,0,0.15178,2017-06-21,3,9,30,0,1
6267,Venlafaxine Hydrochloride Extended-Release Capsules,2016-05-18,0,0.1642566666666667,2016-06-22,3,9,30,0,1
6268,Venlafaxine Hydrochloride Extended-Release Capsules,2025-05-21,0,0.1060566666666666,2025-06-18,3,9,30,0,1
6269,Venlafaxine Hydrochloride Extended-Release Capsules,2018-05-23,0,0.13648,2018-06-20,3,9,30,0,1
6270,Venlafaxine Hydrochloride Extended-Release Capsules,2025-06-18,0,0.1072066666666666,2025-07-23,3,9,30,0,1
6271,Venlafaxine Hydrochloride Extended-Release Capsules,2018-06-20,0,0.1351166666666666,2018-07-18,3,9,30,0,1
6272,Venlafaxine Hydrochloride Extended-Release Capsules,2017-06-21,0,0.15224,2017-07-19,3,9,30,0,1
6273,Venlafaxine Hydrochloride Extended-Release Capsules,2016-06-22,0,0.1586066666666666,2016-07-20,3,9,30,0,1
6274,Venlafaxine Hydrochloride Extended-Release Capsules,2018-07-18,0,0.1391866666666666,2018-08-22,3,9,30,0,1
6275,Venlafaxine Hydrochloride Extended-Release Capsules,2017-07-19,0,0.14994,2017-08-23,3,9,30,0,1
6276,Venlafaxine Hydrochloride Extended-Release Capsules,2016-07-20,0,0.1719333333333333,2016-08-17,3,9,30,0,1
6278,Venlafaxine Hydrochloride Extended-Release Capsules,2016-08-17,0,0.1695533333333333,2016-09-21,3,9,30,0,1
6279,Venlafaxine Hydrochloride Extended-Release Capsules,2018-08-22,0,0.13785,2018-09-19,3,9,30,0,1
6280,Venlafaxine Hydrochloride Extended-Release Capsules,2017-08-23,0,0.1527633333333333,2017-09-20,3,9,30,0,1
6281,Venlafaxine Hydrochloride Extended-Release Capsules,2018-09-19,0,0.1375,2018-10-17,3,9,30,0,1
6282,Venlafaxine Hydrochloride Extended-Release Capsules,2017-09-20,0,0.1503433333333333,2017-10-18,3,9,30,0,1
6283,Venlafaxine Hydrochloride Extended-Release Capsules,2016-09-21,0,0.15586,2016-10-19,3,9,30,0,1
6284,Venlafaxine Hydrochloride Extended-Release Capsules,2018-10-17,0,0.13485,2018-11-21,3,9,30,0,1
6285,Venlafaxine Hydrochloride Extended-Release Capsules,2017-10-18,0,0.15171,2017-11-22,3,9,30,0,1
6286,Venlafaxine Hydrochloride Extended-Release Capsules,2016-10-19,0,0.15958,2016-11-23,3,9,30,0,1
6287,Venlafaxine Hydrochloride Extended-Release Capsules,2018-11-21,0,0.1352333333333333,2018-12-19,3,9,30,0,1
6288,Venlafaxine Hydrochloride Extended-Release Capsules,2017-11-22,0,0.1459533333333333,2017-12-20,3,9,30,0,1
6289,Venlafaxine Hydrochloride Extended-Release Capsules,2016-11-23,0,0.1573999999999999,2016-12-21,3,9,30,0,1
6290,Venlafaxine Hydrochloride Extended-Release Capsules,2024-12-18,0,0.0939933333333333,2025-01-22,3,9,30,0,1
6292,Venlafaxine Hydrochloride Extended-Release Capsules,2017-12-20,0,0.14076,2018-01-17,3,9,30,0,1
6293,Venlafaxine Hydrochloride Extended-Release Capsules,2016-12-21,0,0.1658466666666666,2017-01-18,3,9,30,0,1
6294,Venlafaxine Hydrochloride Extended-Release Capsules,2015-12-23,0,0.16821,2016-01-20,3,9,30,0,1
6295,Verapamil Extended-Release Tablets,2018-01-17,0,0.14554125,2018-02-21,4,14,20,0,1
6296,Verapamil Extended-Release Tablets,2017-01-18,0,0.1663175,2017-02-22,4,14,20,0,1
6297,Verapamil Extended-Release Tablets,2016-01-20,0,0.17534625,2016-02-17,4,14,20,0,1
6298,Verapamil Extended-Release Tablets,2025-01-22,0,0.170732,2025-02-19,4,14,20,0,1
6299,Verapamil Extended-Release Tablets,2016-02-17,0,0.181,2016-03-23,4,14,20,0,1
6300,Verapamil Extended-Release Tablets,2025-02-19,0,0.174706,2025-03-19,4,14,20,0,1
6301,Verapamil Extended-Release Tablets,2018-02-21,0,0.15393125,2018-03-21,4,14,20,0,1
6302,Verapamil Extended-Release Tablets,2017-02-22,0,0.1662175,2017-03-22,4,14,20,0,1
6303,Verapamil Extended-Release Tablets,2025-03-19,0,0.181674,2025-04-23,4,14,20,0,1
6304,Verapamil Extended-Release Tablets,2018-03-21,0,0.1541887499999999,2018-04-18,4,14,20,0,1
6305,Verapamil Extended-Release Tablets,2017-03-22,0,0.15685875,2017-04-19,4,14,20,0,1
6306,Verapamil Extended-Release Tablets,2016-03-23,0,0.18680125,2016-04-20,4,14,20,0,1
6307,Verapamil Extended-Release Tablets,2018-04-18,0,0.14430125,2018-05-23,4,14,20,0,1
6308,Verapamil Extended-Release Tablets,2017-04-19,0,0.15728375,2017-05-17,4,14,20,0,1
6309,Verapamil Extended-Release Tablets,2016-04-20,0,0.17875,2016-05-18,4,14,20,0,1
6310,Verapamil Extended-Release Tablets,2025-04-23,0,0.17938,2025-05-21,4,14,20,0,1
6311,Verapamil Extended-Release Tablets,2017-05-17,0,0.1597225,2017-06-21,4,14,20,0,1
6312,Verapamil Extended-Release Tablets,2016-05-18,0,0.1701649999999999,2016-06-22,4,14,20,0,1
6313,Verapamil Extended-Release Tablets,2025-05-21,0,0.182008,2025-06-18,4,14,20,0,1
6314,Verapamil Extended-Release Tablets,2018-05-23,0,0.13980375,2018-06-20,4,14,20,0,1
6315,Verapamil Extended-Release Tablets,2025-06-18,0,0.1795759999999999,2025-07-23,4,14,20,0,1
6316,Verapamil Extended-Release Tablets,2018-06-20,0,0.1367712499999999,2018-07-18,4,14,20,0,1
6317,Verapamil Extended-Release Tablets,2017-06-21,0,0.1596837499999999,2017-07-19,4,14,20,0,1
6318,Verapamil Extended-Release Tablets,2016-06-22,0,0.16081125,2016-07-20,4,14,20,0,1
6319,Verapamil Extended-Release Tablets,2018-07-18,0,0.14157625,2018-08-22,4,14,20,0,1
6320,Verapamil Extended-Release Tablets,2017-07-19,0,0.1625137499999999,2017-08-23,4,14,20,0,1
6321,Verapamil Extended-Release Tablets,2016-07-20,0,0.1702537499999999,2016-08-17,4,14,20,0,1
6323,Verapamil Extended-Release Tablets,2016-08-17,0,0.16317375,2016-09-21,4,14,20,0,1
6324,Verapamil Extended-Release Tablets,2018-08-22,0,0.14337,2018-09-19,4,14,20,0,1
6325,Verapamil Extended-Release Tablets,2017-08-23,0,0.16193375,2017-09-20,4,14,20,0,1
6326,Verapamil Extended-Release Tablets,2018-09-19,0,0.14366125,2018-10-17,4,14,20,0,1
6327,Verapamil Extended-Release Tablets,2017-09-20,0,0.16047875,2017-10-18,4,14,20,0,1
6328,Verapamil Extended-Release Tablets,2016-09-21,0,0.16078875,2016-10-19,4,14,20,0,1
6329,Verapamil Extended-Release Tablets,2018-10-17,0,0.13126875,2018-11-21,4,14,20,0,1
6330,Verapamil Extended-Release Tablets,2017-10-18,0,0.15973125,2017-11-22,4,14,20,0,1
6331,Verapamil Extended-Release Tablets,2016-10-19,0,0.1688212499999999,2016-11-23,4,14,20,0,1
6332,Verapamil Extended-Release Tablets,2018-11-21,0,0.1309225,2018-12-19,4,14,20,0,1
6333,Verapamil Extended-Release Tablets,2017-11-22,0,0.14931,2017-12-20,4,14,20,0,1
6334,Verapamil Extended-Release Tablets,2016-11-23,0,0.16264375,2016-12-21,4,14,20,0,1
6335,Verapamil Extended-Release Tablets,2024-12-18,0,0.1723599999999999,2025-01-22,4,14,20,0,1
6337,Verapamil Extended-Release Tablets,2017-12-20,0,0.15354625,2018-01-17,4,14,20,0,1
6338,Verapamil Extended-Release Tablets,2016-12-21,0,0.17207375,2017-01-18,4,14,20,0,1
6339,Verapamil Extended-Release Tablets,2015-12-23,0,0.17284,2016-01-20,4,14,20,0,1
6340,Zoledronic Acid Injection,2025-01-22,0,0.59213,2025-02-19,7,13,13,1,0
6341,Zoledronic Acid Injection,2025-02-19,0,0.57009,2025-03-19,7,13,13,1,0
6342,Zoledronic Acid Injection,2025-03-19,0,0.55896,2025-04-23,7,13,13,1,0
6343,Zoledronic Acid Injection,2025-04-23,0,0.53647,2025-05-21,7,13,13,1,0
6344,Zoledronic Acid Injection,2025-05-21,0,0.55419,2025-06-18,7,13,13,1,0
6345,Zoledronic Acid Injection,2025-06-18,0,0.65722,2025-07-23,7,13,13,1,0
6348,Zoledronic Acid Injection,2024-12-18,0,0.58531,2025-01-22,7,13,13,1,0
6349,Zolpidem Tartrate Immediate Release Tablets,2018-01-17,0,0.02887,2018-02-21,8,15,26,0,1
6350,Zolpidem Tartrate Immediate Release Tablets,2017-01-18,0,0.02791,2017-02-22,8,15,26,0,1
6351,Zolpidem Tartrate Immediate Release Tablets,2016-01-20,1,0.0278199999999999,2016-02-17,8,15,26,0,1
6352,Zolpidem Tartrate Immediate Release Tablets,2025-01-22,0,0.03104,2025-02-19,8,15,26,0,1
6353,Zolpidem Tartrate Immediate Release Tablets,2016-02-17,1,0.028805,2016-03-23,8,15,26,0,1
6354,Zolpidem Tartrate Immediate Release Tablets,2025-02-19,0,0.03479,2025-03-19,8,15,26,0,1
6355,Zolpidem Tartrate Immediate Release Tablets,2018-02-21,0,0.0307677777777777,2018-03-21,8,15,26,0,1
6356,Zolpidem Tartrate Immediate Release Tablets,2017-02-22,0,0.0283384615384615,2017-03-22,8,15,26,0,1
6357,Zolpidem Tartrate Immediate Release Tablets,2025-03-19,0,0.03705,2025-04-23,8,15,26,0,1
6358,Zolpidem Tartrate Immediate Release Tablets,2018-03-21,0,0.0297455555555555,2018-04-18,8,15,26,0,1
6359,Zolpidem Tartrate Immediate Release Tablets,2017-03-22,0,0.0281044444444444,2017-04-19,8,15,26,0,1
6360,Zolpidem Tartrate Immediate Release Tablets,2016-03-23,1,0.030665,2016-04-20,8,15,26,0,1
6361,Zolpidem Tartrate Immediate Release Tablets,2018-04-18,0,0.0281699999999999,2018-05-23,8,15,26,0,1
6362,Zolpidem Tartrate Immediate Release Tablets,2017-04-19,0,0.0269333333333333,2017-05-17,8,15,26,0,1
6363,Zolpidem Tartrate Immediate Release Tablets,2016-04-20,1,0.03038,2016-05-18,8,15,26,0,1
6364,Zolpidem Tartrate Immediate Release Tablets,2025-04-23,0,0.036645,2025-05-21,8,15,26,0,1
6365,Zolpidem Tartrate Immediate Release Tablets,2017-05-17,0,0.0282555555555555,2017-06-21,8,15,26,0,1
6366,Zolpidem Tartrate Immediate Release Tablets,2016-05-18,1,0.028115,2016-06-22,8,15,26,0,1
6367,Zolpidem Tartrate Immediate Release Tablets,2025-05-21,0,0.03587,2025-06-18,8,15,26,0,1
6368,Zolpidem Tartrate Immediate Release Tablets,2018-05-23,0,0.0293222222222222,2018-06-20,8,15,26,0,1
6369,Zolpidem Tartrate Immediate Release Tablets,2025-06-18,0,0.0351099999999999,2025-07-23,8,15,26,0,1
6370,Zolpidem Tartrate Immediate Release Tablets,2018-06-20,0,0.0289022222222222,2018-07-18,8,15,26,0,1
6371,Zolpidem Tartrate Immediate Release Tablets,2017-06-21,0,0.0290911111111111,2017-07-19,8,15,26,0,1
6372,Zolpidem Tartrate Immediate Release Tablets,2016-06-22,1,0.02903,2016-07-20,8,15,26,0,1
6373,Zolpidem Tartrate Immediate Release Tablets,2018-07-18,0,0.0291288888888888,2018-08-22,8,15,26,0,1
6374,Zolpidem Tartrate Immediate Release Tablets,2017-07-19,0,0.0286466666666666,2017-08-23,8,15,26,0,1
6375,Zolpidem Tartrate Immediate Release Tablets,2016-07-20,1,0.02934,2016-08-17,8,15,26,0,1
6377,Zolpidem Tartrate Immediate Release Tablets,2016-08-17,1,0.028955,2016-09-21,8,15,26,0,1
6378,Zolpidem Tartrate Immediate Release Tablets,2018-08-22,0,0.0291722222222222,2018-09-12,8,15,26,0,1
6379,Zolpidem Tartrate Immediate Release Tablets,2017-08-23,0,0.0285699999999999,2017-09-20,8,15,26,0,1
6380,Zolpidem Tartrate Immediate Release Tablets,2018-09-12,0,0.0293,2018-09-19,8,15,26,0,1
6381,Zolpidem Tartrate Immediate Release Tablets,2018-09-19,0,0.03103,2018-10-17,8,15,26,0,1
6382,Zolpidem Tartrate Immediate Release Tablets,2017-09-20,0,0.0295866666666666,2017-10-18,8,15,26,0,1
6383,Zolpidem Tartrate Immediate Release Tablets,2016-09-21,1,0.0275099999999999,2016-10-19,8,15,26,0,1
6384,Zolpidem Tartrate Immediate Release Tablets,2018-10-17,0,0.02917,2018-11-21,8,15,26,0,1
6385,Zolpidem Tartrate Immediate Release Tablets,2017-10-18,0,0.03006,2017-11-22,8,15,26,0,1
6386,Zolpidem Tartrate Immediate Release Tablets,2016-10-19,1,0.027845,2016-11-23,8,15,26,0,1
6387,Zolpidem Tartrate Immediate Release Tablets,2018-11-21,0,0.02903,2018-12-19,8,15,26,0,1
6388,Zolpidem Tartrate Immediate Release Tablets,2017-11-22,0,0.0296366666666666,2017-12-20,8,15,26,0,1
6389,Zolpidem Tartrate Immediate Release Tablets,2016-11-23,0,0.02806,2016-12-21,8,15,26,0,1
6390,Zolpidem Tartrate Immediate Release Tablets,2024-12-18,0,0.030305,2025-01-22,8,15,26,0,1
6392,Zolpidem Tartrate Immediate Release Tablets,2017-12-20,0,0.0281766666666666,2018-01-17,8,15,26,0,1
6393,Zolpidem Tartrate Immediate Release Tablets,2016-12-21,0,0.030325,2017-01-18,8,15,26,0,1
6394,Zolpidem Tartrate Immediate Release Tablets,2015-12-23,1,0.02621,2016-01-20,8,15,26,0,1
